"iterations_index","sample_id","celltype_variable","assay_name","sce_filepath","bulk_filepath","list_index_filepath","true_proportions_filepath","method"
601,"Br8325_ant;Br3942_ant;Br2720_mid","k2","counts_adj","""$launchDir/data/sce_inter-sample_ro1-dlpfc.rda""","""$launchDir/data/ypb_inter-sample_ro1-dlpfc.rda""","""$launchDir/data/lindex_inter-sample_ro1-dlpfc.rda""","""$launchDir/data/true-proportions_inter-sample_ro1-dlpfc.rda""","deconrnaseq"
602,"Br8325_ant;Br6471_mid;Br2743_ant","k2","counts_adj","""$launchDir/data/sce_inter-sample_ro1-dlpfc.rda""","""$launchDir/data/ypb_inter-sample_ro1-dlpfc.rda""","""$launchDir/data/lindex_inter-sample_ro1-dlpfc.rda""","""$launchDir/data/true-proportions_inter-sample_ro1-dlpfc.rda""","deconrnaseq"
603,"Br2743_mid;Br8492_post;Br6423_ant","k2","counts_adj","""$launchDir/data/sce_inter-sample_ro1-dlpfc.rda""","""$launchDir/data/ypb_inter-sample_ro1-dlpfc.rda""","""$launchDir/data/lindex_inter-sample_ro1-dlpfc.rda""","""$launchDir/data/true-proportions_inter-sample_ro1-dlpfc.rda""","deconrnaseq"
604,"Br6423_post;Br6423_ant;Br8492_mid","k2","counts_adj","""$launchDir/data/sce_inter-sample_ro1-dlpfc.rda""","""$launchDir/data/ypb_inter-sample_ro1-dlpfc.rda""","""$launchDir/data/lindex_inter-sample_ro1-dlpfc.rda""","""$launchDir/data/true-proportions_inter-sample_ro1-dlpfc.rda""","deconrnaseq"
605,"Br2743_mid;Br3942_mid;Br8492_post","k2","counts_adj","""$launchDir/data/sce_inter-sample_ro1-dlpfc.rda""","""$launchDir/data/ypb_inter-sample_ro1-dlpfc.rda""","""$launchDir/data/lindex_inter-sample_ro1-dlpfc.rda""","""$launchDir/data/true-proportions_inter-sample_ro1-dlpfc.rda""","deconrnaseq"
606,"Br6423_ant;Br6423_post;Br6471_mid","k2","counts_adj","""$launchDir/data/sce_inter-sample_ro1-dlpfc.rda""","""$launchDir/data/ypb_inter-sample_ro1-dlpfc.rda""","""$launchDir/data/lindex_inter-sample_ro1-dlpfc.rda""","""$launchDir/data/true-proportions_inter-sample_ro1-dlpfc.rda""","deconrnaseq"
607,"Br8325_ant;Br3942_ant;Br8492_post","k2","counts_adj","""$launchDir/data/sce_inter-sample_ro1-dlpfc.rda""","""$launchDir/data/ypb_inter-sample_ro1-dlpfc.rda""","""$launchDir/data/lindex_inter-sample_ro1-dlpfc.rda""","""$launchDir/data/true-proportions_inter-sample_ro1-dlpfc.rda""","deconrnaseq"
608,"Br3942_ant;Br8492_mid;Br6423_ant","k2","counts_adj","""$launchDir/data/sce_inter-sample_ro1-dlpfc.rda""","""$launchDir/data/ypb_inter-sample_ro1-dlpfc.rda""","""$launchDir/data/lindex_inter-sample_ro1-dlpfc.rda""","""$launchDir/data/true-proportions_inter-sample_ro1-dlpfc.rda""","deconrnaseq"
609,"Br2743_ant;Br8325_ant;Br6423_ant","k2","counts_adj","""$launchDir/data/sce_inter-sample_ro1-dlpfc.rda""","""$launchDir/data/ypb_inter-sample_ro1-dlpfc.rda""","""$launchDir/data/lindex_inter-sample_ro1-dlpfc.rda""","""$launchDir/data/true-proportions_inter-sample_ro1-dlpfc.rda""","deconrnaseq"
610,"Br8492_mid;Br8325_mid;Br2720_mid","k2","counts_adj","""$launchDir/data/sce_inter-sample_ro1-dlpfc.rda""","""$launchDir/data/ypb_inter-sample_ro1-dlpfc.rda""","""$launchDir/data/lindex_inter-sample_ro1-dlpfc.rda""","""$launchDir/data/true-proportions_inter-sample_ro1-dlpfc.rda""","deconrnaseq"
611,"Br2720_mid;Br8492_post;Br2743_ant","k2","counts_adj","""$launchDir/data/sce_inter-sample_ro1-dlpfc.rda""","""$launchDir/data/ypb_inter-sample_ro1-dlpfc.rda""","""$launchDir/data/lindex_inter-sample_ro1-dlpfc.rda""","""$launchDir/data/true-proportions_inter-sample_ro1-dlpfc.rda""","deconrnaseq"
612,"Br2743_mid;Br3942_ant;Br2720_mid","k2","counts_adj","""$launchDir/data/sce_inter-sample_ro1-dlpfc.rda""","""$launchDir/data/ypb_inter-sample_ro1-dlpfc.rda""","""$launchDir/data/lindex_inter-sample_ro1-dlpfc.rda""","""$launchDir/data/true-proportions_inter-sample_ro1-dlpfc.rda""","deconrnaseq"
613,"Br3942_ant;Br3942_mid;Br6471_mid","k2","counts_adj","""$launchDir/data/sce_inter-sample_ro1-dlpfc.rda""","""$launchDir/data/ypb_inter-sample_ro1-dlpfc.rda""","""$launchDir/data/lindex_inter-sample_ro1-dlpfc.rda""","""$launchDir/data/true-proportions_inter-sample_ro1-dlpfc.rda""","deconrnaseq"
614,"Br6423_ant;Br8325_ant;Br6471_mid","k2","counts_adj","""$launchDir/data/sce_inter-sample_ro1-dlpfc.rda""","""$launchDir/data/ypb_inter-sample_ro1-dlpfc.rda""","""$launchDir/data/lindex_inter-sample_ro1-dlpfc.rda""","""$launchDir/data/true-proportions_inter-sample_ro1-dlpfc.rda""","deconrnaseq"
615,"Br8492_mid;Br6471_mid;Br2720_mid","k2","counts_adj","""$launchDir/data/sce_inter-sample_ro1-dlpfc.rda""","""$launchDir/data/ypb_inter-sample_ro1-dlpfc.rda""","""$launchDir/data/lindex_inter-sample_ro1-dlpfc.rda""","""$launchDir/data/true-proportions_inter-sample_ro1-dlpfc.rda""","deconrnaseq"
616,"Br8492_mid;Br2720_mid;Br3942_mid","k2","counts_adj","""$launchDir/data/sce_inter-sample_ro1-dlpfc.rda""","""$launchDir/data/ypb_inter-sample_ro1-dlpfc.rda""","""$launchDir/data/lindex_inter-sample_ro1-dlpfc.rda""","""$launchDir/data/true-proportions_inter-sample_ro1-dlpfc.rda""","deconrnaseq"
617,"Br2743_ant;Br3942_ant;Br8325_ant","k2","counts_adj","""$launchDir/data/sce_inter-sample_ro1-dlpfc.rda""","""$launchDir/data/ypb_inter-sample_ro1-dlpfc.rda""","""$launchDir/data/lindex_inter-sample_ro1-dlpfc.rda""","""$launchDir/data/true-proportions_inter-sample_ro1-dlpfc.rda""","deconrnaseq"
618,"Br6423_ant;Br2720_mid;Br6423_post","k2","counts_adj","""$launchDir/data/sce_inter-sample_ro1-dlpfc.rda""","""$launchDir/data/ypb_inter-sample_ro1-dlpfc.rda""","""$launchDir/data/lindex_inter-sample_ro1-dlpfc.rda""","""$launchDir/data/true-proportions_inter-sample_ro1-dlpfc.rda""","deconrnaseq"
619,"Br8492_mid;Br8325_mid;Br8325_ant","k2","counts_adj","""$launchDir/data/sce_inter-sample_ro1-dlpfc.rda""","""$launchDir/data/ypb_inter-sample_ro1-dlpfc.rda""","""$launchDir/data/lindex_inter-sample_ro1-dlpfc.rda""","""$launchDir/data/true-proportions_inter-sample_ro1-dlpfc.rda""","deconrnaseq"
620,"Br2720_mid;Br8492_post;Br3942_mid","k2","counts_adj","""$launchDir/data/sce_inter-sample_ro1-dlpfc.rda""","""$launchDir/data/ypb_inter-sample_ro1-dlpfc.rda""","""$launchDir/data/lindex_inter-sample_ro1-dlpfc.rda""","""$launchDir/data/true-proportions_inter-sample_ro1-dlpfc.rda""","deconrnaseq"
621,"Br6471_mid;Br6423_ant;Br2720_mid","k2","counts_adj","""$launchDir/data/sce_inter-sample_ro1-dlpfc.rda""","""$launchDir/data/ypb_inter-sample_ro1-dlpfc.rda""","""$launchDir/data/lindex_inter-sample_ro1-dlpfc.rda""","""$launchDir/data/true-proportions_inter-sample_ro1-dlpfc.rda""","deconrnaseq"
622,"Br6423_post;Br3942_ant;Br8492_post","k2","counts_adj","""$launchDir/data/sce_inter-sample_ro1-dlpfc.rda""","""$launchDir/data/ypb_inter-sample_ro1-dlpfc.rda""","""$launchDir/data/lindex_inter-sample_ro1-dlpfc.rda""","""$launchDir/data/true-proportions_inter-sample_ro1-dlpfc.rda""","deconrnaseq"
623,"Br8492_mid;Br3942_mid;Br2720_mid","k2","counts_adj","""$launchDir/data/sce_inter-sample_ro1-dlpfc.rda""","""$launchDir/data/ypb_inter-sample_ro1-dlpfc.rda""","""$launchDir/data/lindex_inter-sample_ro1-dlpfc.rda""","""$launchDir/data/true-proportions_inter-sample_ro1-dlpfc.rda""","deconrnaseq"
624,"Br2743_ant;Br3942_mid;Br8325_ant","k2","counts_adj","""$launchDir/data/sce_inter-sample_ro1-dlpfc.rda""","""$launchDir/data/ypb_inter-sample_ro1-dlpfc.rda""","""$launchDir/data/lindex_inter-sample_ro1-dlpfc.rda""","""$launchDir/data/true-proportions_inter-sample_ro1-dlpfc.rda""","deconrnaseq"
625,"Br3942_mid;Br2743_mid;Br8325_ant","k2","counts_adj","""$launchDir/data/sce_inter-sample_ro1-dlpfc.rda""","""$launchDir/data/ypb_inter-sample_ro1-dlpfc.rda""","""$launchDir/data/lindex_inter-sample_ro1-dlpfc.rda""","""$launchDir/data/true-proportions_inter-sample_ro1-dlpfc.rda""","deconrnaseq"
626,"Br8492_post;Br8492_mid;Br2743_ant","k2","counts_adj","""$launchDir/data/sce_inter-sample_ro1-dlpfc.rda""","""$launchDir/data/ypb_inter-sample_ro1-dlpfc.rda""","""$launchDir/data/lindex_inter-sample_ro1-dlpfc.rda""","""$launchDir/data/true-proportions_inter-sample_ro1-dlpfc.rda""","deconrnaseq"
627,"Br6423_post;Br3942_ant;Br2720_mid","k2","counts_adj","""$launchDir/data/sce_inter-sample_ro1-dlpfc.rda""","""$launchDir/data/ypb_inter-sample_ro1-dlpfc.rda""","""$launchDir/data/lindex_inter-sample_ro1-dlpfc.rda""","""$launchDir/data/true-proportions_inter-sample_ro1-dlpfc.rda""","deconrnaseq"
628,"Br6471_mid;Br2743_ant;Br8492_post","k2","counts_adj","""$launchDir/data/sce_inter-sample_ro1-dlpfc.rda""","""$launchDir/data/ypb_inter-sample_ro1-dlpfc.rda""","""$launchDir/data/lindex_inter-sample_ro1-dlpfc.rda""","""$launchDir/data/true-proportions_inter-sample_ro1-dlpfc.rda""","deconrnaseq"
629,"Br8492_post;Br2720_mid;Br8325_ant","k2","counts_adj","""$launchDir/data/sce_inter-sample_ro1-dlpfc.rda""","""$launchDir/data/ypb_inter-sample_ro1-dlpfc.rda""","""$launchDir/data/lindex_inter-sample_ro1-dlpfc.rda""","""$launchDir/data/true-proportions_inter-sample_ro1-dlpfc.rda""","deconrnaseq"
630,"Br8325_ant;Br2743_ant;Br6423_ant","k2","counts_adj","""$launchDir/data/sce_inter-sample_ro1-dlpfc.rda""","""$launchDir/data/ypb_inter-sample_ro1-dlpfc.rda""","""$launchDir/data/lindex_inter-sample_ro1-dlpfc.rda""","""$launchDir/data/true-proportions_inter-sample_ro1-dlpfc.rda""","deconrnaseq"
631,"Br2743_ant;Br6423_ant;Br2720_mid","k2","counts_adj","""$launchDir/data/sce_inter-sample_ro1-dlpfc.rda""","""$launchDir/data/ypb_inter-sample_ro1-dlpfc.rda""","""$launchDir/data/lindex_inter-sample_ro1-dlpfc.rda""","""$launchDir/data/true-proportions_inter-sample_ro1-dlpfc.rda""","deconrnaseq"
632,"Br3942_ant;Br3942_mid;Br6471_mid","k2","counts_adj","""$launchDir/data/sce_inter-sample_ro1-dlpfc.rda""","""$launchDir/data/ypb_inter-sample_ro1-dlpfc.rda""","""$launchDir/data/lindex_inter-sample_ro1-dlpfc.rda""","""$launchDir/data/true-proportions_inter-sample_ro1-dlpfc.rda""","deconrnaseq"
633,"Br8325_ant;Br2720_mid;Br3942_mid","k2","counts_adj","""$launchDir/data/sce_inter-sample_ro1-dlpfc.rda""","""$launchDir/data/ypb_inter-sample_ro1-dlpfc.rda""","""$launchDir/data/lindex_inter-sample_ro1-dlpfc.rda""","""$launchDir/data/true-proportions_inter-sample_ro1-dlpfc.rda""","deconrnaseq"
634,"Br6423_post;Br3942_ant;Br2720_mid","k2","counts_adj","""$launchDir/data/sce_inter-sample_ro1-dlpfc.rda""","""$launchDir/data/ypb_inter-sample_ro1-dlpfc.rda""","""$launchDir/data/lindex_inter-sample_ro1-dlpfc.rda""","""$launchDir/data/true-proportions_inter-sample_ro1-dlpfc.rda""","deconrnaseq"
635,"Br6471_mid;Br8492_post;Br8492_mid","k2","counts_adj","""$launchDir/data/sce_inter-sample_ro1-dlpfc.rda""","""$launchDir/data/ypb_inter-sample_ro1-dlpfc.rda""","""$launchDir/data/lindex_inter-sample_ro1-dlpfc.rda""","""$launchDir/data/true-proportions_inter-sample_ro1-dlpfc.rda""","deconrnaseq"
636,"Br8492_mid;Br6423_ant;Br6423_post","k2","counts_adj","""$launchDir/data/sce_inter-sample_ro1-dlpfc.rda""","""$launchDir/data/ypb_inter-sample_ro1-dlpfc.rda""","""$launchDir/data/lindex_inter-sample_ro1-dlpfc.rda""","""$launchDir/data/true-proportions_inter-sample_ro1-dlpfc.rda""","deconrnaseq"
637,"Br6423_post;Br6423_ant;Br8492_mid","k2","counts_adj","""$launchDir/data/sce_inter-sample_ro1-dlpfc.rda""","""$launchDir/data/ypb_inter-sample_ro1-dlpfc.rda""","""$launchDir/data/lindex_inter-sample_ro1-dlpfc.rda""","""$launchDir/data/true-proportions_inter-sample_ro1-dlpfc.rda""","deconrnaseq"
638,"Br8492_post;Br8325_ant;Br8492_mid","k2","counts_adj","""$launchDir/data/sce_inter-sample_ro1-dlpfc.rda""","""$launchDir/data/ypb_inter-sample_ro1-dlpfc.rda""","""$launchDir/data/lindex_inter-sample_ro1-dlpfc.rda""","""$launchDir/data/true-proportions_inter-sample_ro1-dlpfc.rda""","deconrnaseq"
639,"Br8325_mid;Br8492_mid;Br8492_post","k2","counts_adj","""$launchDir/data/sce_inter-sample_ro1-dlpfc.rda""","""$launchDir/data/ypb_inter-sample_ro1-dlpfc.rda""","""$launchDir/data/lindex_inter-sample_ro1-dlpfc.rda""","""$launchDir/data/true-proportions_inter-sample_ro1-dlpfc.rda""","deconrnaseq"
640,"Br6423_ant;Br8492_post;Br8325_ant","k2","counts_adj","""$launchDir/data/sce_inter-sample_ro1-dlpfc.rda""","""$launchDir/data/ypb_inter-sample_ro1-dlpfc.rda""","""$launchDir/data/lindex_inter-sample_ro1-dlpfc.rda""","""$launchDir/data/true-proportions_inter-sample_ro1-dlpfc.rda""","deconrnaseq"
641,"Br8325_ant;Br8325_mid;Br2720_mid","k2","counts_adj","""$launchDir/data/sce_inter-sample_ro1-dlpfc.rda""","""$launchDir/data/ypb_inter-sample_ro1-dlpfc.rda""","""$launchDir/data/lindex_inter-sample_ro1-dlpfc.rda""","""$launchDir/data/true-proportions_inter-sample_ro1-dlpfc.rda""","deconrnaseq"
642,"Br6423_ant;Br2743_ant;Br8492_mid","k2","counts_adj","""$launchDir/data/sce_inter-sample_ro1-dlpfc.rda""","""$launchDir/data/ypb_inter-sample_ro1-dlpfc.rda""","""$launchDir/data/lindex_inter-sample_ro1-dlpfc.rda""","""$launchDir/data/true-proportions_inter-sample_ro1-dlpfc.rda""","deconrnaseq"
643,"Br8325_ant;Br2743_ant;Br6423_ant","k2","counts_adj","""$launchDir/data/sce_inter-sample_ro1-dlpfc.rda""","""$launchDir/data/ypb_inter-sample_ro1-dlpfc.rda""","""$launchDir/data/lindex_inter-sample_ro1-dlpfc.rda""","""$launchDir/data/true-proportions_inter-sample_ro1-dlpfc.rda""","deconrnaseq"
644,"Br8325_mid;Br8492_post;Br8325_ant","k2","counts_adj","""$launchDir/data/sce_inter-sample_ro1-dlpfc.rda""","""$launchDir/data/ypb_inter-sample_ro1-dlpfc.rda""","""$launchDir/data/lindex_inter-sample_ro1-dlpfc.rda""","""$launchDir/data/true-proportions_inter-sample_ro1-dlpfc.rda""","deconrnaseq"
645,"Br2743_mid;Br2743_ant;Br6423_post","k2","counts_adj","""$launchDir/data/sce_inter-sample_ro1-dlpfc.rda""","""$launchDir/data/ypb_inter-sample_ro1-dlpfc.rda""","""$launchDir/data/lindex_inter-sample_ro1-dlpfc.rda""","""$launchDir/data/true-proportions_inter-sample_ro1-dlpfc.rda""","deconrnaseq"
646,"Br3942_ant;Br6423_post;Br3942_mid","k2","counts_adj","""$launchDir/data/sce_inter-sample_ro1-dlpfc.rda""","""$launchDir/data/ypb_inter-sample_ro1-dlpfc.rda""","""$launchDir/data/lindex_inter-sample_ro1-dlpfc.rda""","""$launchDir/data/true-proportions_inter-sample_ro1-dlpfc.rda""","deconrnaseq"
647,"Br6471_mid;Br8325_mid;Br6423_post","k2","counts_adj","""$launchDir/data/sce_inter-sample_ro1-dlpfc.rda""","""$launchDir/data/ypb_inter-sample_ro1-dlpfc.rda""","""$launchDir/data/lindex_inter-sample_ro1-dlpfc.rda""","""$launchDir/data/true-proportions_inter-sample_ro1-dlpfc.rda""","deconrnaseq"
648,"Br8325_ant;Br2743_mid;Br3942_mid","k2","counts_adj","""$launchDir/data/sce_inter-sample_ro1-dlpfc.rda""","""$launchDir/data/ypb_inter-sample_ro1-dlpfc.rda""","""$launchDir/data/lindex_inter-sample_ro1-dlpfc.rda""","""$launchDir/data/true-proportions_inter-sample_ro1-dlpfc.rda""","deconrnaseq"
649,"Br6423_post;Br2743_ant;Br3942_mid","k2","counts_adj","""$launchDir/data/sce_inter-sample_ro1-dlpfc.rda""","""$launchDir/data/ypb_inter-sample_ro1-dlpfc.rda""","""$launchDir/data/lindex_inter-sample_ro1-dlpfc.rda""","""$launchDir/data/true-proportions_inter-sample_ro1-dlpfc.rda""","deconrnaseq"
650,"Br8492_post;Br2743_ant;Br2743_mid","k2","counts_adj","""$launchDir/data/sce_inter-sample_ro1-dlpfc.rda""","""$launchDir/data/ypb_inter-sample_ro1-dlpfc.rda""","""$launchDir/data/lindex_inter-sample_ro1-dlpfc.rda""","""$launchDir/data/true-proportions_inter-sample_ro1-dlpfc.rda""","deconrnaseq"
651,"Br6471_mid;Br3942_mid;Br2743_mid","k2","counts_adj","""$launchDir/data/sce_inter-sample_ro1-dlpfc.rda""","""$launchDir/data/ypb_inter-sample_ro1-dlpfc.rda""","""$launchDir/data/lindex_inter-sample_ro1-dlpfc.rda""","""$launchDir/data/true-proportions_inter-sample_ro1-dlpfc.rda""","deconrnaseq"
652,"Br3942_mid;Br8492_mid;Br6423_post","k2","counts_adj","""$launchDir/data/sce_inter-sample_ro1-dlpfc.rda""","""$launchDir/data/ypb_inter-sample_ro1-dlpfc.rda""","""$launchDir/data/lindex_inter-sample_ro1-dlpfc.rda""","""$launchDir/data/true-proportions_inter-sample_ro1-dlpfc.rda""","deconrnaseq"
653,"Br8492_mid;Br6423_ant;Br2743_mid","k2","counts_adj","""$launchDir/data/sce_inter-sample_ro1-dlpfc.rda""","""$launchDir/data/ypb_inter-sample_ro1-dlpfc.rda""","""$launchDir/data/lindex_inter-sample_ro1-dlpfc.rda""","""$launchDir/data/true-proportions_inter-sample_ro1-dlpfc.rda""","deconrnaseq"
654,"Br8492_mid;Br2720_mid;Br3942_mid","k2","counts_adj","""$launchDir/data/sce_inter-sample_ro1-dlpfc.rda""","""$launchDir/data/ypb_inter-sample_ro1-dlpfc.rda""","""$launchDir/data/lindex_inter-sample_ro1-dlpfc.rda""","""$launchDir/data/true-proportions_inter-sample_ro1-dlpfc.rda""","deconrnaseq"
655,"Br8325_mid;Br8492_mid;Br2720_mid","k2","counts_adj","""$launchDir/data/sce_inter-sample_ro1-dlpfc.rda""","""$launchDir/data/ypb_inter-sample_ro1-dlpfc.rda""","""$launchDir/data/lindex_inter-sample_ro1-dlpfc.rda""","""$launchDir/data/true-proportions_inter-sample_ro1-dlpfc.rda""","deconrnaseq"
656,"Br8325_ant;Br6471_mid;Br8492_mid","k2","counts_adj","""$launchDir/data/sce_inter-sample_ro1-dlpfc.rda""","""$launchDir/data/ypb_inter-sample_ro1-dlpfc.rda""","""$launchDir/data/lindex_inter-sample_ro1-dlpfc.rda""","""$launchDir/data/true-proportions_inter-sample_ro1-dlpfc.rda""","deconrnaseq"
657,"Br6471_mid;Br3942_ant;Br2743_mid","k2","counts_adj","""$launchDir/data/sce_inter-sample_ro1-dlpfc.rda""","""$launchDir/data/ypb_inter-sample_ro1-dlpfc.rda""","""$launchDir/data/lindex_inter-sample_ro1-dlpfc.rda""","""$launchDir/data/true-proportions_inter-sample_ro1-dlpfc.rda""","deconrnaseq"
658,"Br2720_mid;Br8492_post;Br3942_ant","k2","counts_adj","""$launchDir/data/sce_inter-sample_ro1-dlpfc.rda""","""$launchDir/data/ypb_inter-sample_ro1-dlpfc.rda""","""$launchDir/data/lindex_inter-sample_ro1-dlpfc.rda""","""$launchDir/data/true-proportions_inter-sample_ro1-dlpfc.rda""","deconrnaseq"
659,"Br6423_ant;Br8325_ant;Br8492_post","k2","counts_adj","""$launchDir/data/sce_inter-sample_ro1-dlpfc.rda""","""$launchDir/data/ypb_inter-sample_ro1-dlpfc.rda""","""$launchDir/data/lindex_inter-sample_ro1-dlpfc.rda""","""$launchDir/data/true-proportions_inter-sample_ro1-dlpfc.rda""","deconrnaseq"
660,"Br6471_mid;Br8325_ant;Br3942_mid","k2","counts_adj","""$launchDir/data/sce_inter-sample_ro1-dlpfc.rda""","""$launchDir/data/ypb_inter-sample_ro1-dlpfc.rda""","""$launchDir/data/lindex_inter-sample_ro1-dlpfc.rda""","""$launchDir/data/true-proportions_inter-sample_ro1-dlpfc.rda""","deconrnaseq"
661,"Br6423_ant;Br2743_mid;Br3942_ant","k2","counts_adj","""$launchDir/data/sce_inter-sample_ro1-dlpfc.rda""","""$launchDir/data/ypb_inter-sample_ro1-dlpfc.rda""","""$launchDir/data/lindex_inter-sample_ro1-dlpfc.rda""","""$launchDir/data/true-proportions_inter-sample_ro1-dlpfc.rda""","deconrnaseq"
662,"Br3942_ant;Br2743_mid;Br2743_ant","k2","counts_adj","""$launchDir/data/sce_inter-sample_ro1-dlpfc.rda""","""$launchDir/data/ypb_inter-sample_ro1-dlpfc.rda""","""$launchDir/data/lindex_inter-sample_ro1-dlpfc.rda""","""$launchDir/data/true-proportions_inter-sample_ro1-dlpfc.rda""","deconrnaseq"
663,"Br2720_mid;Br6423_post;Br3942_ant","k2","counts_adj","""$launchDir/data/sce_inter-sample_ro1-dlpfc.rda""","""$launchDir/data/ypb_inter-sample_ro1-dlpfc.rda""","""$launchDir/data/lindex_inter-sample_ro1-dlpfc.rda""","""$launchDir/data/true-proportions_inter-sample_ro1-dlpfc.rda""","deconrnaseq"
664,"Br6471_mid;Br2743_ant;Br8325_mid","k2","counts_adj","""$launchDir/data/sce_inter-sample_ro1-dlpfc.rda""","""$launchDir/data/ypb_inter-sample_ro1-dlpfc.rda""","""$launchDir/data/lindex_inter-sample_ro1-dlpfc.rda""","""$launchDir/data/true-proportions_inter-sample_ro1-dlpfc.rda""","deconrnaseq"
665,"Br2720_mid;Br2743_ant;Br2743_mid","k2","counts_adj","""$launchDir/data/sce_inter-sample_ro1-dlpfc.rda""","""$launchDir/data/ypb_inter-sample_ro1-dlpfc.rda""","""$launchDir/data/lindex_inter-sample_ro1-dlpfc.rda""","""$launchDir/data/true-proportions_inter-sample_ro1-dlpfc.rda""","deconrnaseq"
666,"Br2720_mid;Br6423_ant;Br8492_post","k2","counts_adj","""$launchDir/data/sce_inter-sample_ro1-dlpfc.rda""","""$launchDir/data/ypb_inter-sample_ro1-dlpfc.rda""","""$launchDir/data/lindex_inter-sample_ro1-dlpfc.rda""","""$launchDir/data/true-proportions_inter-sample_ro1-dlpfc.rda""","deconrnaseq"
667,"Br6471_mid;Br8492_mid;Br8492_post","k2","counts_adj","""$launchDir/data/sce_inter-sample_ro1-dlpfc.rda""","""$launchDir/data/ypb_inter-sample_ro1-dlpfc.rda""","""$launchDir/data/lindex_inter-sample_ro1-dlpfc.rda""","""$launchDir/data/true-proportions_inter-sample_ro1-dlpfc.rda""","deconrnaseq"
668,"Br2743_mid;Br8492_post;Br2743_ant","k2","counts_adj","""$launchDir/data/sce_inter-sample_ro1-dlpfc.rda""","""$launchDir/data/ypb_inter-sample_ro1-dlpfc.rda""","""$launchDir/data/lindex_inter-sample_ro1-dlpfc.rda""","""$launchDir/data/true-proportions_inter-sample_ro1-dlpfc.rda""","deconrnaseq"
669,"Br2743_ant;Br3942_ant;Br2743_mid","k2","counts_adj","""$launchDir/data/sce_inter-sample_ro1-dlpfc.rda""","""$launchDir/data/ypb_inter-sample_ro1-dlpfc.rda""","""$launchDir/data/lindex_inter-sample_ro1-dlpfc.rda""","""$launchDir/data/true-proportions_inter-sample_ro1-dlpfc.rda""","deconrnaseq"
670,"Br6423_post;Br6423_ant;Br3942_mid","k2","counts_adj","""$launchDir/data/sce_inter-sample_ro1-dlpfc.rda""","""$launchDir/data/ypb_inter-sample_ro1-dlpfc.rda""","""$launchDir/data/lindex_inter-sample_ro1-dlpfc.rda""","""$launchDir/data/true-proportions_inter-sample_ro1-dlpfc.rda""","deconrnaseq"
671,"Br3942_ant;Br6471_mid;Br2743_ant","k2","counts_adj","""$launchDir/data/sce_inter-sample_ro1-dlpfc.rda""","""$launchDir/data/ypb_inter-sample_ro1-dlpfc.rda""","""$launchDir/data/lindex_inter-sample_ro1-dlpfc.rda""","""$launchDir/data/true-proportions_inter-sample_ro1-dlpfc.rda""","deconrnaseq"
672,"Br6423_ant;Br6423_post;Br6471_mid","k2","counts_adj","""$launchDir/data/sce_inter-sample_ro1-dlpfc.rda""","""$launchDir/data/ypb_inter-sample_ro1-dlpfc.rda""","""$launchDir/data/lindex_inter-sample_ro1-dlpfc.rda""","""$launchDir/data/true-proportions_inter-sample_ro1-dlpfc.rda""","deconrnaseq"
673,"Br2743_ant;Br8492_mid;Br6423_ant","k2","counts_adj","""$launchDir/data/sce_inter-sample_ro1-dlpfc.rda""","""$launchDir/data/ypb_inter-sample_ro1-dlpfc.rda""","""$launchDir/data/lindex_inter-sample_ro1-dlpfc.rda""","""$launchDir/data/true-proportions_inter-sample_ro1-dlpfc.rda""","deconrnaseq"
674,"Br6471_mid;Br3942_mid;Br2720_mid","k2","counts_adj","""$launchDir/data/sce_inter-sample_ro1-dlpfc.rda""","""$launchDir/data/ypb_inter-sample_ro1-dlpfc.rda""","""$launchDir/data/lindex_inter-sample_ro1-dlpfc.rda""","""$launchDir/data/true-proportions_inter-sample_ro1-dlpfc.rda""","deconrnaseq"
675,"Br8492_mid;Br6471_mid;Br2743_mid","k2","counts_adj","""$launchDir/data/sce_inter-sample_ro1-dlpfc.rda""","""$launchDir/data/ypb_inter-sample_ro1-dlpfc.rda""","""$launchDir/data/lindex_inter-sample_ro1-dlpfc.rda""","""$launchDir/data/true-proportions_inter-sample_ro1-dlpfc.rda""","deconrnaseq"
676,"Br8325_mid;Br2720_mid;Br8492_mid","k2","counts_adj","""$launchDir/data/sce_inter-sample_ro1-dlpfc.rda""","""$launchDir/data/ypb_inter-sample_ro1-dlpfc.rda""","""$launchDir/data/lindex_inter-sample_ro1-dlpfc.rda""","""$launchDir/data/true-proportions_inter-sample_ro1-dlpfc.rda""","deconrnaseq"
677,"Br3942_mid;Br6423_ant;Br3942_ant","k2","counts_adj","""$launchDir/data/sce_inter-sample_ro1-dlpfc.rda""","""$launchDir/data/ypb_inter-sample_ro1-dlpfc.rda""","""$launchDir/data/lindex_inter-sample_ro1-dlpfc.rda""","""$launchDir/data/true-proportions_inter-sample_ro1-dlpfc.rda""","deconrnaseq"
678,"Br6423_ant;Br2720_mid;Br8325_mid","k2","counts_adj","""$launchDir/data/sce_inter-sample_ro1-dlpfc.rda""","""$launchDir/data/ypb_inter-sample_ro1-dlpfc.rda""","""$launchDir/data/lindex_inter-sample_ro1-dlpfc.rda""","""$launchDir/data/true-proportions_inter-sample_ro1-dlpfc.rda""","deconrnaseq"
679,"Br3942_ant;Br2743_ant;Br8325_ant","k2","counts_adj","""$launchDir/data/sce_inter-sample_ro1-dlpfc.rda""","""$launchDir/data/ypb_inter-sample_ro1-dlpfc.rda""","""$launchDir/data/lindex_inter-sample_ro1-dlpfc.rda""","""$launchDir/data/true-proportions_inter-sample_ro1-dlpfc.rda""","deconrnaseq"
680,"Br2720_mid;Br8492_post;Br8325_ant","k2","counts_adj","""$launchDir/data/sce_inter-sample_ro1-dlpfc.rda""","""$launchDir/data/ypb_inter-sample_ro1-dlpfc.rda""","""$launchDir/data/lindex_inter-sample_ro1-dlpfc.rda""","""$launchDir/data/true-proportions_inter-sample_ro1-dlpfc.rda""","deconrnaseq"
681,"Br8325_ant;Br6423_ant;Br2743_mid","k2","counts_adj","""$launchDir/data/sce_inter-sample_ro1-dlpfc.rda""","""$launchDir/data/ypb_inter-sample_ro1-dlpfc.rda""","""$launchDir/data/lindex_inter-sample_ro1-dlpfc.rda""","""$launchDir/data/true-proportions_inter-sample_ro1-dlpfc.rda""","deconrnaseq"
682,"Br8492_mid;Br8325_ant;Br6471_mid","k2","counts_adj","""$launchDir/data/sce_inter-sample_ro1-dlpfc.rda""","""$launchDir/data/ypb_inter-sample_ro1-dlpfc.rda""","""$launchDir/data/lindex_inter-sample_ro1-dlpfc.rda""","""$launchDir/data/true-proportions_inter-sample_ro1-dlpfc.rda""","deconrnaseq"
683,"Br3942_ant;Br8492_post;Br2720_mid","k2","counts_adj","""$launchDir/data/sce_inter-sample_ro1-dlpfc.rda""","""$launchDir/data/ypb_inter-sample_ro1-dlpfc.rda""","""$launchDir/data/lindex_inter-sample_ro1-dlpfc.rda""","""$launchDir/data/true-proportions_inter-sample_ro1-dlpfc.rda""","deconrnaseq"
684,"Br2743_mid;Br8325_ant;Br3942_ant","k2","counts_adj","""$launchDir/data/sce_inter-sample_ro1-dlpfc.rda""","""$launchDir/data/ypb_inter-sample_ro1-dlpfc.rda""","""$launchDir/data/lindex_inter-sample_ro1-dlpfc.rda""","""$launchDir/data/true-proportions_inter-sample_ro1-dlpfc.rda""","deconrnaseq"
685,"Br6423_post;Br2743_mid;Br8492_post","k2","counts_adj","""$launchDir/data/sce_inter-sample_ro1-dlpfc.rda""","""$launchDir/data/ypb_inter-sample_ro1-dlpfc.rda""","""$launchDir/data/lindex_inter-sample_ro1-dlpfc.rda""","""$launchDir/data/true-proportions_inter-sample_ro1-dlpfc.rda""","deconrnaseq"
686,"Br8325_ant;Br2743_mid;Br6423_post","k2","counts_adj","""$launchDir/data/sce_inter-sample_ro1-dlpfc.rda""","""$launchDir/data/ypb_inter-sample_ro1-dlpfc.rda""","""$launchDir/data/lindex_inter-sample_ro1-dlpfc.rda""","""$launchDir/data/true-proportions_inter-sample_ro1-dlpfc.rda""","deconrnaseq"
687,"Br6423_ant;Br2743_mid;Br6471_mid","k2","counts_adj","""$launchDir/data/sce_inter-sample_ro1-dlpfc.rda""","""$launchDir/data/ypb_inter-sample_ro1-dlpfc.rda""","""$launchDir/data/lindex_inter-sample_ro1-dlpfc.rda""","""$launchDir/data/true-proportions_inter-sample_ro1-dlpfc.rda""","deconrnaseq"
688,"Br8325_mid;Br2743_mid;Br8492_mid","k2","counts_adj","""$launchDir/data/sce_inter-sample_ro1-dlpfc.rda""","""$launchDir/data/ypb_inter-sample_ro1-dlpfc.rda""","""$launchDir/data/lindex_inter-sample_ro1-dlpfc.rda""","""$launchDir/data/true-proportions_inter-sample_ro1-dlpfc.rda""","deconrnaseq"
689,"Br2743_ant;Br2720_mid;Br6423_ant","k2","counts_adj","""$launchDir/data/sce_inter-sample_ro1-dlpfc.rda""","""$launchDir/data/ypb_inter-sample_ro1-dlpfc.rda""","""$launchDir/data/lindex_inter-sample_ro1-dlpfc.rda""","""$launchDir/data/true-proportions_inter-sample_ro1-dlpfc.rda""","deconrnaseq"
690,"Br8492_post;Br8325_ant;Br8492_mid","k2","counts_adj","""$launchDir/data/sce_inter-sample_ro1-dlpfc.rda""","""$launchDir/data/ypb_inter-sample_ro1-dlpfc.rda""","""$launchDir/data/lindex_inter-sample_ro1-dlpfc.rda""","""$launchDir/data/true-proportions_inter-sample_ro1-dlpfc.rda""","deconrnaseq"
691,"Br8492_post;Br3942_mid;Br2743_mid","k2","counts_adj","""$launchDir/data/sce_inter-sample_ro1-dlpfc.rda""","""$launchDir/data/ypb_inter-sample_ro1-dlpfc.rda""","""$launchDir/data/lindex_inter-sample_ro1-dlpfc.rda""","""$launchDir/data/true-proportions_inter-sample_ro1-dlpfc.rda""","deconrnaseq"
692,"Br6423_post;Br6471_mid;Br8492_mid","k2","counts_adj","""$launchDir/data/sce_inter-sample_ro1-dlpfc.rda""","""$launchDir/data/ypb_inter-sample_ro1-dlpfc.rda""","""$launchDir/data/lindex_inter-sample_ro1-dlpfc.rda""","""$launchDir/data/true-proportions_inter-sample_ro1-dlpfc.rda""","deconrnaseq"
693,"Br8492_mid;Br6471_mid;Br2720_mid","k2","counts_adj","""$launchDir/data/sce_inter-sample_ro1-dlpfc.rda""","""$launchDir/data/ypb_inter-sample_ro1-dlpfc.rda""","""$launchDir/data/lindex_inter-sample_ro1-dlpfc.rda""","""$launchDir/data/true-proportions_inter-sample_ro1-dlpfc.rda""","deconrnaseq"
694,"Br3942_ant;Br3942_mid;Br6423_ant","k2","counts_adj","""$launchDir/data/sce_inter-sample_ro1-dlpfc.rda""","""$launchDir/data/ypb_inter-sample_ro1-dlpfc.rda""","""$launchDir/data/lindex_inter-sample_ro1-dlpfc.rda""","""$launchDir/data/true-proportions_inter-sample_ro1-dlpfc.rda""","deconrnaseq"
695,"Br8325_mid;Br6423_post;Br3942_ant","k2","counts_adj","""$launchDir/data/sce_inter-sample_ro1-dlpfc.rda""","""$launchDir/data/ypb_inter-sample_ro1-dlpfc.rda""","""$launchDir/data/lindex_inter-sample_ro1-dlpfc.rda""","""$launchDir/data/true-proportions_inter-sample_ro1-dlpfc.rda""","deconrnaseq"
696,"Br6423_ant;Br3942_ant;Br6471_mid","k2","counts_adj","""$launchDir/data/sce_inter-sample_ro1-dlpfc.rda""","""$launchDir/data/ypb_inter-sample_ro1-dlpfc.rda""","""$launchDir/data/lindex_inter-sample_ro1-dlpfc.rda""","""$launchDir/data/true-proportions_inter-sample_ro1-dlpfc.rda""","deconrnaseq"
697,"Br6423_ant;Br3942_ant;Br6471_mid","k2","counts_adj","""$launchDir/data/sce_inter-sample_ro1-dlpfc.rda""","""$launchDir/data/ypb_inter-sample_ro1-dlpfc.rda""","""$launchDir/data/lindex_inter-sample_ro1-dlpfc.rda""","""$launchDir/data/true-proportions_inter-sample_ro1-dlpfc.rda""","deconrnaseq"
698,"Br2743_ant;Br6423_ant;Br3942_ant","k2","counts_adj","""$launchDir/data/sce_inter-sample_ro1-dlpfc.rda""","""$launchDir/data/ypb_inter-sample_ro1-dlpfc.rda""","""$launchDir/data/lindex_inter-sample_ro1-dlpfc.rda""","""$launchDir/data/true-proportions_inter-sample_ro1-dlpfc.rda""","deconrnaseq"
699,"Br6423_ant;Br2720_mid;Br2743_mid","k2","counts_adj","""$launchDir/data/sce_inter-sample_ro1-dlpfc.rda""","""$launchDir/data/ypb_inter-sample_ro1-dlpfc.rda""","""$launchDir/data/lindex_inter-sample_ro1-dlpfc.rda""","""$launchDir/data/true-proportions_inter-sample_ro1-dlpfc.rda""","deconrnaseq"
700,"Br6471_mid;Br8492_mid;Br3942_ant","k2","counts_adj","""$launchDir/data/sce_inter-sample_ro1-dlpfc.rda""","""$launchDir/data/ypb_inter-sample_ro1-dlpfc.rda""","""$launchDir/data/lindex_inter-sample_ro1-dlpfc.rda""","""$launchDir/data/true-proportions_inter-sample_ro1-dlpfc.rda""","deconrnaseq"
701,"Br8325_ant;Br6471_mid;Br2743_ant","k2","counts_adj","""$launchDir/data/sce_inter-sample_ro1-dlpfc.rda""","""$launchDir/data/ypb_inter-sample_ro1-dlpfc.rda""","""$launchDir/data/lindex_inter-sample_ro1-dlpfc.rda""","""$launchDir/data/true-proportions_inter-sample_ro1-dlpfc.rda""","deconrnaseq"
702,"Br3942_mid;Br6471_mid;Br2720_mid","k2","counts_adj","""$launchDir/data/sce_inter-sample_ro1-dlpfc.rda""","""$launchDir/data/ypb_inter-sample_ro1-dlpfc.rda""","""$launchDir/data/lindex_inter-sample_ro1-dlpfc.rda""","""$launchDir/data/true-proportions_inter-sample_ro1-dlpfc.rda""","deconrnaseq"
703,"Br8492_mid;Br2743_mid;Br6423_post","k2","counts_adj","""$launchDir/data/sce_inter-sample_ro1-dlpfc.rda""","""$launchDir/data/ypb_inter-sample_ro1-dlpfc.rda""","""$launchDir/data/lindex_inter-sample_ro1-dlpfc.rda""","""$launchDir/data/true-proportions_inter-sample_ro1-dlpfc.rda""","deconrnaseq"
704,"Br2720_mid;Br8492_mid;Br3942_mid","k2","counts_adj","""$launchDir/data/sce_inter-sample_ro1-dlpfc.rda""","""$launchDir/data/ypb_inter-sample_ro1-dlpfc.rda""","""$launchDir/data/lindex_inter-sample_ro1-dlpfc.rda""","""$launchDir/data/true-proportions_inter-sample_ro1-dlpfc.rda""","deconrnaseq"
705,"Br2743_mid;Br6423_ant;Br8492_mid","k2","counts_adj","""$launchDir/data/sce_inter-sample_ro1-dlpfc.rda""","""$launchDir/data/ypb_inter-sample_ro1-dlpfc.rda""","""$launchDir/data/lindex_inter-sample_ro1-dlpfc.rda""","""$launchDir/data/true-proportions_inter-sample_ro1-dlpfc.rda""","deconrnaseq"
706,"Br2743_ant;Br6423_post;Br8492_mid","k2","counts_adj","""$launchDir/data/sce_inter-sample_ro1-dlpfc.rda""","""$launchDir/data/ypb_inter-sample_ro1-dlpfc.rda""","""$launchDir/data/lindex_inter-sample_ro1-dlpfc.rda""","""$launchDir/data/true-proportions_inter-sample_ro1-dlpfc.rda""","deconrnaseq"
707,"Br8492_post;Br8325_ant;Br3942_ant","k2","counts_adj","""$launchDir/data/sce_inter-sample_ro1-dlpfc.rda""","""$launchDir/data/ypb_inter-sample_ro1-dlpfc.rda""","""$launchDir/data/lindex_inter-sample_ro1-dlpfc.rda""","""$launchDir/data/true-proportions_inter-sample_ro1-dlpfc.rda""","deconrnaseq"
708,"Br2743_mid;Br8325_ant;Br3942_ant","k2","counts_adj","""$launchDir/data/sce_inter-sample_ro1-dlpfc.rda""","""$launchDir/data/ypb_inter-sample_ro1-dlpfc.rda""","""$launchDir/data/lindex_inter-sample_ro1-dlpfc.rda""","""$launchDir/data/true-proportions_inter-sample_ro1-dlpfc.rda""","deconrnaseq"
709,"Br3942_ant;Br2720_mid;Br8325_mid","k2","counts_adj","""$launchDir/data/sce_inter-sample_ro1-dlpfc.rda""","""$launchDir/data/ypb_inter-sample_ro1-dlpfc.rda""","""$launchDir/data/lindex_inter-sample_ro1-dlpfc.rda""","""$launchDir/data/true-proportions_inter-sample_ro1-dlpfc.rda""","deconrnaseq"
710,"Br3942_ant;Br2720_mid;Br8325_mid","k2","counts_adj","""$launchDir/data/sce_inter-sample_ro1-dlpfc.rda""","""$launchDir/data/ypb_inter-sample_ro1-dlpfc.rda""","""$launchDir/data/lindex_inter-sample_ro1-dlpfc.rda""","""$launchDir/data/true-proportions_inter-sample_ro1-dlpfc.rda""","deconrnaseq"
711,"Br6423_post;Br2743_mid;Br8325_ant","k2","counts_adj","""$launchDir/data/sce_inter-sample_ro1-dlpfc.rda""","""$launchDir/data/ypb_inter-sample_ro1-dlpfc.rda""","""$launchDir/data/lindex_inter-sample_ro1-dlpfc.rda""","""$launchDir/data/true-proportions_inter-sample_ro1-dlpfc.rda""","deconrnaseq"
712,"Br8492_mid;Br2743_ant;Br2720_mid","k2","counts_adj","""$launchDir/data/sce_inter-sample_ro1-dlpfc.rda""","""$launchDir/data/ypb_inter-sample_ro1-dlpfc.rda""","""$launchDir/data/lindex_inter-sample_ro1-dlpfc.rda""","""$launchDir/data/true-proportions_inter-sample_ro1-dlpfc.rda""","deconrnaseq"
713,"Br3942_mid;Br8325_mid;Br8325_ant","k2","counts_adj","""$launchDir/data/sce_inter-sample_ro1-dlpfc.rda""","""$launchDir/data/ypb_inter-sample_ro1-dlpfc.rda""","""$launchDir/data/lindex_inter-sample_ro1-dlpfc.rda""","""$launchDir/data/true-proportions_inter-sample_ro1-dlpfc.rda""","deconrnaseq"
714,"Br2743_mid;Br6423_post;Br3942_mid","k2","counts_adj","""$launchDir/data/sce_inter-sample_ro1-dlpfc.rda""","""$launchDir/data/ypb_inter-sample_ro1-dlpfc.rda""","""$launchDir/data/lindex_inter-sample_ro1-dlpfc.rda""","""$launchDir/data/true-proportions_inter-sample_ro1-dlpfc.rda""","deconrnaseq"
715,"Br2743_ant;Br6423_ant;Br2720_mid","k2","counts_adj","""$launchDir/data/sce_inter-sample_ro1-dlpfc.rda""","""$launchDir/data/ypb_inter-sample_ro1-dlpfc.rda""","""$launchDir/data/lindex_inter-sample_ro1-dlpfc.rda""","""$launchDir/data/true-proportions_inter-sample_ro1-dlpfc.rda""","deconrnaseq"
716,"Br3942_mid;Br6471_mid;Br8492_mid","k2","counts_adj","""$launchDir/data/sce_inter-sample_ro1-dlpfc.rda""","""$launchDir/data/ypb_inter-sample_ro1-dlpfc.rda""","""$launchDir/data/lindex_inter-sample_ro1-dlpfc.rda""","""$launchDir/data/true-proportions_inter-sample_ro1-dlpfc.rda""","deconrnaseq"
717,"Br8325_mid;Br8325_ant;Br2743_ant","k2","counts_adj","""$launchDir/data/sce_inter-sample_ro1-dlpfc.rda""","""$launchDir/data/ypb_inter-sample_ro1-dlpfc.rda""","""$launchDir/data/lindex_inter-sample_ro1-dlpfc.rda""","""$launchDir/data/true-proportions_inter-sample_ro1-dlpfc.rda""","deconrnaseq"
718,"Br2743_mid;Br2743_ant;Br8325_mid","k2","counts_adj","""$launchDir/data/sce_inter-sample_ro1-dlpfc.rda""","""$launchDir/data/ypb_inter-sample_ro1-dlpfc.rda""","""$launchDir/data/lindex_inter-sample_ro1-dlpfc.rda""","""$launchDir/data/true-proportions_inter-sample_ro1-dlpfc.rda""","deconrnaseq"
719,"Br8325_ant;Br6423_post;Br6423_ant","k2","counts_adj","""$launchDir/data/sce_inter-sample_ro1-dlpfc.rda""","""$launchDir/data/ypb_inter-sample_ro1-dlpfc.rda""","""$launchDir/data/lindex_inter-sample_ro1-dlpfc.rda""","""$launchDir/data/true-proportions_inter-sample_ro1-dlpfc.rda""","deconrnaseq"
720,"Br8325_mid;Br6423_ant;Br8492_post","k2","counts_adj","""$launchDir/data/sce_inter-sample_ro1-dlpfc.rda""","""$launchDir/data/ypb_inter-sample_ro1-dlpfc.rda""","""$launchDir/data/lindex_inter-sample_ro1-dlpfc.rda""","""$launchDir/data/true-proportions_inter-sample_ro1-dlpfc.rda""","deconrnaseq"
721,"Br8325_mid;Br2720_mid;Br6471_mid","k2","counts_adj","""$launchDir/data/sce_inter-sample_ro1-dlpfc.rda""","""$launchDir/data/ypb_inter-sample_ro1-dlpfc.rda""","""$launchDir/data/lindex_inter-sample_ro1-dlpfc.rda""","""$launchDir/data/true-proportions_inter-sample_ro1-dlpfc.rda""","deconrnaseq"
722,"Br6423_ant;Br8492_post;Br6423_post","k2","counts_adj","""$launchDir/data/sce_inter-sample_ro1-dlpfc.rda""","""$launchDir/data/ypb_inter-sample_ro1-dlpfc.rda""","""$launchDir/data/lindex_inter-sample_ro1-dlpfc.rda""","""$launchDir/data/true-proportions_inter-sample_ro1-dlpfc.rda""","deconrnaseq"
723,"Br6423_ant;Br8492_mid;Br2720_mid","k2","counts_adj","""$launchDir/data/sce_inter-sample_ro1-dlpfc.rda""","""$launchDir/data/ypb_inter-sample_ro1-dlpfc.rda""","""$launchDir/data/lindex_inter-sample_ro1-dlpfc.rda""","""$launchDir/data/true-proportions_inter-sample_ro1-dlpfc.rda""","deconrnaseq"
724,"Br3942_ant;Br8492_mid;Br3942_mid","k2","counts_adj","""$launchDir/data/sce_inter-sample_ro1-dlpfc.rda""","""$launchDir/data/ypb_inter-sample_ro1-dlpfc.rda""","""$launchDir/data/lindex_inter-sample_ro1-dlpfc.rda""","""$launchDir/data/true-proportions_inter-sample_ro1-dlpfc.rda""","deconrnaseq"
725,"Br8492_post;Br6423_ant;Br3942_ant","k2","counts_adj","""$launchDir/data/sce_inter-sample_ro1-dlpfc.rda""","""$launchDir/data/ypb_inter-sample_ro1-dlpfc.rda""","""$launchDir/data/lindex_inter-sample_ro1-dlpfc.rda""","""$launchDir/data/true-proportions_inter-sample_ro1-dlpfc.rda""","deconrnaseq"
726,"Br8325_ant;Br8325_mid;Br8492_post","k2","counts_adj","""$launchDir/data/sce_inter-sample_ro1-dlpfc.rda""","""$launchDir/data/ypb_inter-sample_ro1-dlpfc.rda""","""$launchDir/data/lindex_inter-sample_ro1-dlpfc.rda""","""$launchDir/data/true-proportions_inter-sample_ro1-dlpfc.rda""","deconrnaseq"
727,"Br8325_mid;Br3942_ant;Br6423_ant","k2","counts_adj","""$launchDir/data/sce_inter-sample_ro1-dlpfc.rda""","""$launchDir/data/ypb_inter-sample_ro1-dlpfc.rda""","""$launchDir/data/lindex_inter-sample_ro1-dlpfc.rda""","""$launchDir/data/true-proportions_inter-sample_ro1-dlpfc.rda""","deconrnaseq"
728,"Br2720_mid;Br8492_mid;Br6423_post","k2","counts_adj","""$launchDir/data/sce_inter-sample_ro1-dlpfc.rda""","""$launchDir/data/ypb_inter-sample_ro1-dlpfc.rda""","""$launchDir/data/lindex_inter-sample_ro1-dlpfc.rda""","""$launchDir/data/true-proportions_inter-sample_ro1-dlpfc.rda""","deconrnaseq"
729,"Br8325_ant;Br6423_ant;Br8325_mid","k2","counts_adj","""$launchDir/data/sce_inter-sample_ro1-dlpfc.rda""","""$launchDir/data/ypb_inter-sample_ro1-dlpfc.rda""","""$launchDir/data/lindex_inter-sample_ro1-dlpfc.rda""","""$launchDir/data/true-proportions_inter-sample_ro1-dlpfc.rda""","deconrnaseq"
730,"Br8325_ant;Br8492_mid;Br8325_mid","k2","counts_adj","""$launchDir/data/sce_inter-sample_ro1-dlpfc.rda""","""$launchDir/data/ypb_inter-sample_ro1-dlpfc.rda""","""$launchDir/data/lindex_inter-sample_ro1-dlpfc.rda""","""$launchDir/data/true-proportions_inter-sample_ro1-dlpfc.rda""","deconrnaseq"
731,"Br8325_ant;Br2720_mid;Br8325_mid","k2","counts_adj","""$launchDir/data/sce_inter-sample_ro1-dlpfc.rda""","""$launchDir/data/ypb_inter-sample_ro1-dlpfc.rda""","""$launchDir/data/lindex_inter-sample_ro1-dlpfc.rda""","""$launchDir/data/true-proportions_inter-sample_ro1-dlpfc.rda""","deconrnaseq"
732,"Br8325_ant;Br8325_mid;Br8492_post","k2","counts_adj","""$launchDir/data/sce_inter-sample_ro1-dlpfc.rda""","""$launchDir/data/ypb_inter-sample_ro1-dlpfc.rda""","""$launchDir/data/lindex_inter-sample_ro1-dlpfc.rda""","""$launchDir/data/true-proportions_inter-sample_ro1-dlpfc.rda""","deconrnaseq"
733,"Br6471_mid;Br3942_mid;Br6423_post","k2","counts_adj","""$launchDir/data/sce_inter-sample_ro1-dlpfc.rda""","""$launchDir/data/ypb_inter-sample_ro1-dlpfc.rda""","""$launchDir/data/lindex_inter-sample_ro1-dlpfc.rda""","""$launchDir/data/true-proportions_inter-sample_ro1-dlpfc.rda""","deconrnaseq"
734,"Br3942_mid;Br2743_ant;Br2720_mid","k2","counts_adj","""$launchDir/data/sce_inter-sample_ro1-dlpfc.rda""","""$launchDir/data/ypb_inter-sample_ro1-dlpfc.rda""","""$launchDir/data/lindex_inter-sample_ro1-dlpfc.rda""","""$launchDir/data/true-proportions_inter-sample_ro1-dlpfc.rda""","deconrnaseq"
735,"Br2743_mid;Br6423_post;Br3942_ant","k2","counts_adj","""$launchDir/data/sce_inter-sample_ro1-dlpfc.rda""","""$launchDir/data/ypb_inter-sample_ro1-dlpfc.rda""","""$launchDir/data/lindex_inter-sample_ro1-dlpfc.rda""","""$launchDir/data/true-proportions_inter-sample_ro1-dlpfc.rda""","deconrnaseq"
736,"Br8325_mid;Br6423_post;Br2743_ant","k2","counts_adj","""$launchDir/data/sce_inter-sample_ro1-dlpfc.rda""","""$launchDir/data/ypb_inter-sample_ro1-dlpfc.rda""","""$launchDir/data/lindex_inter-sample_ro1-dlpfc.rda""","""$launchDir/data/true-proportions_inter-sample_ro1-dlpfc.rda""","deconrnaseq"
737,"Br6471_mid;Br8492_mid;Br6423_ant","k2","counts_adj","""$launchDir/data/sce_inter-sample_ro1-dlpfc.rda""","""$launchDir/data/ypb_inter-sample_ro1-dlpfc.rda""","""$launchDir/data/lindex_inter-sample_ro1-dlpfc.rda""","""$launchDir/data/true-proportions_inter-sample_ro1-dlpfc.rda""","deconrnaseq"
738,"Br2743_mid;Br6423_ant;Br2720_mid","k2","counts_adj","""$launchDir/data/sce_inter-sample_ro1-dlpfc.rda""","""$launchDir/data/ypb_inter-sample_ro1-dlpfc.rda""","""$launchDir/data/lindex_inter-sample_ro1-dlpfc.rda""","""$launchDir/data/true-proportions_inter-sample_ro1-dlpfc.rda""","deconrnaseq"
739,"Br8492_mid;Br3942_mid;Br8492_post","k2","counts_adj","""$launchDir/data/sce_inter-sample_ro1-dlpfc.rda""","""$launchDir/data/ypb_inter-sample_ro1-dlpfc.rda""","""$launchDir/data/lindex_inter-sample_ro1-dlpfc.rda""","""$launchDir/data/true-proportions_inter-sample_ro1-dlpfc.rda""","deconrnaseq"
740,"Br2720_mid;Br3942_mid;Br2743_mid","k2","counts_adj","""$launchDir/data/sce_inter-sample_ro1-dlpfc.rda""","""$launchDir/data/ypb_inter-sample_ro1-dlpfc.rda""","""$launchDir/data/lindex_inter-sample_ro1-dlpfc.rda""","""$launchDir/data/true-proportions_inter-sample_ro1-dlpfc.rda""","deconrnaseq"
741,"Br8492_mid;Br2743_mid;Br3942_mid","k2","counts_adj","""$launchDir/data/sce_inter-sample_ro1-dlpfc.rda""","""$launchDir/data/ypb_inter-sample_ro1-dlpfc.rda""","""$launchDir/data/lindex_inter-sample_ro1-dlpfc.rda""","""$launchDir/data/true-proportions_inter-sample_ro1-dlpfc.rda""","deconrnaseq"
742,"Br6423_post;Br3942_ant;Br8492_post","k2","counts_adj","""$launchDir/data/sce_inter-sample_ro1-dlpfc.rda""","""$launchDir/data/ypb_inter-sample_ro1-dlpfc.rda""","""$launchDir/data/lindex_inter-sample_ro1-dlpfc.rda""","""$launchDir/data/true-proportions_inter-sample_ro1-dlpfc.rda""","deconrnaseq"
743,"Br2743_mid;Br3942_ant;Br8492_post","k2","counts_adj","""$launchDir/data/sce_inter-sample_ro1-dlpfc.rda""","""$launchDir/data/ypb_inter-sample_ro1-dlpfc.rda""","""$launchDir/data/lindex_inter-sample_ro1-dlpfc.rda""","""$launchDir/data/true-proportions_inter-sample_ro1-dlpfc.rda""","deconrnaseq"
744,"Br6423_ant;Br6423_post;Br3942_ant","k2","counts_adj","""$launchDir/data/sce_inter-sample_ro1-dlpfc.rda""","""$launchDir/data/ypb_inter-sample_ro1-dlpfc.rda""","""$launchDir/data/lindex_inter-sample_ro1-dlpfc.rda""","""$launchDir/data/true-proportions_inter-sample_ro1-dlpfc.rda""","deconrnaseq"
745,"Br8492_mid;Br2743_mid;Br6423_ant","k2","counts_adj","""$launchDir/data/sce_inter-sample_ro1-dlpfc.rda""","""$launchDir/data/ypb_inter-sample_ro1-dlpfc.rda""","""$launchDir/data/lindex_inter-sample_ro1-dlpfc.rda""","""$launchDir/data/true-proportions_inter-sample_ro1-dlpfc.rda""","deconrnaseq"
746,"Br8325_mid;Br8492_post;Br2743_ant","k2","counts_adj","""$launchDir/data/sce_inter-sample_ro1-dlpfc.rda""","""$launchDir/data/ypb_inter-sample_ro1-dlpfc.rda""","""$launchDir/data/lindex_inter-sample_ro1-dlpfc.rda""","""$launchDir/data/true-proportions_inter-sample_ro1-dlpfc.rda""","deconrnaseq"
747,"Br6423_ant;Br3942_ant;Br8492_post","k2","counts_adj","""$launchDir/data/sce_inter-sample_ro1-dlpfc.rda""","""$launchDir/data/ypb_inter-sample_ro1-dlpfc.rda""","""$launchDir/data/lindex_inter-sample_ro1-dlpfc.rda""","""$launchDir/data/true-proportions_inter-sample_ro1-dlpfc.rda""","deconrnaseq"
748,"Br8325_mid;Br2743_ant;Br6423_post","k2","counts_adj","""$launchDir/data/sce_inter-sample_ro1-dlpfc.rda""","""$launchDir/data/ypb_inter-sample_ro1-dlpfc.rda""","""$launchDir/data/lindex_inter-sample_ro1-dlpfc.rda""","""$launchDir/data/true-proportions_inter-sample_ro1-dlpfc.rda""","deconrnaseq"
749,"Br6423_ant;Br6423_post;Br2720_mid","k2","counts_adj","""$launchDir/data/sce_inter-sample_ro1-dlpfc.rda""","""$launchDir/data/ypb_inter-sample_ro1-dlpfc.rda""","""$launchDir/data/lindex_inter-sample_ro1-dlpfc.rda""","""$launchDir/data/true-proportions_inter-sample_ro1-dlpfc.rda""","deconrnaseq"
750,"Br2743_ant;Br6471_mid;Br6423_post","k2","counts_adj","""$launchDir/data/sce_inter-sample_ro1-dlpfc.rda""","""$launchDir/data/ypb_inter-sample_ro1-dlpfc.rda""","""$launchDir/data/lindex_inter-sample_ro1-dlpfc.rda""","""$launchDir/data/true-proportions_inter-sample_ro1-dlpfc.rda""","deconrnaseq"
751,"Br2743_mid;Br8325_ant;Br6423_post","k2","counts_adj","""$launchDir/data/sce_inter-sample_ro1-dlpfc.rda""","""$launchDir/data/ypb_inter-sample_ro1-dlpfc.rda""","""$launchDir/data/lindex_inter-sample_ro1-dlpfc.rda""","""$launchDir/data/true-proportions_inter-sample_ro1-dlpfc.rda""","deconrnaseq"
752,"Br8492_post;Br6471_mid;Br8325_ant","k2","counts_adj","""$launchDir/data/sce_inter-sample_ro1-dlpfc.rda""","""$launchDir/data/ypb_inter-sample_ro1-dlpfc.rda""","""$launchDir/data/lindex_inter-sample_ro1-dlpfc.rda""","""$launchDir/data/true-proportions_inter-sample_ro1-dlpfc.rda""","deconrnaseq"
753,"Br2743_mid;Br2743_ant;Br8492_post","k2","counts_adj","""$launchDir/data/sce_inter-sample_ro1-dlpfc.rda""","""$launchDir/data/ypb_inter-sample_ro1-dlpfc.rda""","""$launchDir/data/lindex_inter-sample_ro1-dlpfc.rda""","""$launchDir/data/true-proportions_inter-sample_ro1-dlpfc.rda""","deconrnaseq"
754,"Br3942_ant;Br3942_mid;Br6423_post","k2","counts_adj","""$launchDir/data/sce_inter-sample_ro1-dlpfc.rda""","""$launchDir/data/ypb_inter-sample_ro1-dlpfc.rda""","""$launchDir/data/lindex_inter-sample_ro1-dlpfc.rda""","""$launchDir/data/true-proportions_inter-sample_ro1-dlpfc.rda""","deconrnaseq"
755,"Br2743_mid;Br3942_ant;Br3942_mid","k2","counts_adj","""$launchDir/data/sce_inter-sample_ro1-dlpfc.rda""","""$launchDir/data/ypb_inter-sample_ro1-dlpfc.rda""","""$launchDir/data/lindex_inter-sample_ro1-dlpfc.rda""","""$launchDir/data/true-proportions_inter-sample_ro1-dlpfc.rda""","deconrnaseq"
756,"Br8492_mid;Br6423_post;Br6471_mid","k2","counts_adj","""$launchDir/data/sce_inter-sample_ro1-dlpfc.rda""","""$launchDir/data/ypb_inter-sample_ro1-dlpfc.rda""","""$launchDir/data/lindex_inter-sample_ro1-dlpfc.rda""","""$launchDir/data/true-proportions_inter-sample_ro1-dlpfc.rda""","deconrnaseq"
757,"Br8492_mid;Br6471_mid;Br2743_ant","k2","counts_adj","""$launchDir/data/sce_inter-sample_ro1-dlpfc.rda""","""$launchDir/data/ypb_inter-sample_ro1-dlpfc.rda""","""$launchDir/data/lindex_inter-sample_ro1-dlpfc.rda""","""$launchDir/data/true-proportions_inter-sample_ro1-dlpfc.rda""","deconrnaseq"
758,"Br6423_ant;Br6471_mid;Br3942_mid","k2","counts_adj","""$launchDir/data/sce_inter-sample_ro1-dlpfc.rda""","""$launchDir/data/ypb_inter-sample_ro1-dlpfc.rda""","""$launchDir/data/lindex_inter-sample_ro1-dlpfc.rda""","""$launchDir/data/true-proportions_inter-sample_ro1-dlpfc.rda""","deconrnaseq"
759,"Br3942_mid;Br2743_ant;Br2720_mid","k2","counts_adj","""$launchDir/data/sce_inter-sample_ro1-dlpfc.rda""","""$launchDir/data/ypb_inter-sample_ro1-dlpfc.rda""","""$launchDir/data/lindex_inter-sample_ro1-dlpfc.rda""","""$launchDir/data/true-proportions_inter-sample_ro1-dlpfc.rda""","deconrnaseq"
760,"Br6423_post;Br8325_ant;Br2743_ant","k2","counts_adj","""$launchDir/data/sce_inter-sample_ro1-dlpfc.rda""","""$launchDir/data/ypb_inter-sample_ro1-dlpfc.rda""","""$launchDir/data/lindex_inter-sample_ro1-dlpfc.rda""","""$launchDir/data/true-proportions_inter-sample_ro1-dlpfc.rda""","deconrnaseq"
761,"Br3942_mid;Br3942_ant;Br6423_ant","k2","counts_adj","""$launchDir/data/sce_inter-sample_ro1-dlpfc.rda""","""$launchDir/data/ypb_inter-sample_ro1-dlpfc.rda""","""$launchDir/data/lindex_inter-sample_ro1-dlpfc.rda""","""$launchDir/data/true-proportions_inter-sample_ro1-dlpfc.rda""","deconrnaseq"
762,"Br6423_ant;Br2743_mid;Br6423_post","k2","counts_adj","""$launchDir/data/sce_inter-sample_ro1-dlpfc.rda""","""$launchDir/data/ypb_inter-sample_ro1-dlpfc.rda""","""$launchDir/data/lindex_inter-sample_ro1-dlpfc.rda""","""$launchDir/data/true-proportions_inter-sample_ro1-dlpfc.rda""","deconrnaseq"
763,"Br3942_mid;Br2720_mid;Br8325_ant","k2","counts_adj","""$launchDir/data/sce_inter-sample_ro1-dlpfc.rda""","""$launchDir/data/ypb_inter-sample_ro1-dlpfc.rda""","""$launchDir/data/lindex_inter-sample_ro1-dlpfc.rda""","""$launchDir/data/true-proportions_inter-sample_ro1-dlpfc.rda""","deconrnaseq"
764,"Br3942_mid;Br3942_ant;Br8492_mid","k2","counts_adj","""$launchDir/data/sce_inter-sample_ro1-dlpfc.rda""","""$launchDir/data/ypb_inter-sample_ro1-dlpfc.rda""","""$launchDir/data/lindex_inter-sample_ro1-dlpfc.rda""","""$launchDir/data/true-proportions_inter-sample_ro1-dlpfc.rda""","deconrnaseq"
765,"Br6471_mid;Br8325_mid;Br6423_post","k2","counts_adj","""$launchDir/data/sce_inter-sample_ro1-dlpfc.rda""","""$launchDir/data/ypb_inter-sample_ro1-dlpfc.rda""","""$launchDir/data/lindex_inter-sample_ro1-dlpfc.rda""","""$launchDir/data/true-proportions_inter-sample_ro1-dlpfc.rda""","deconrnaseq"
766,"Br8325_ant;Br6471_mid;Br6423_ant","k2","counts_adj","""$launchDir/data/sce_inter-sample_ro1-dlpfc.rda""","""$launchDir/data/ypb_inter-sample_ro1-dlpfc.rda""","""$launchDir/data/lindex_inter-sample_ro1-dlpfc.rda""","""$launchDir/data/true-proportions_inter-sample_ro1-dlpfc.rda""","deconrnaseq"
767,"Br8492_mid;Br2720_mid;Br8492_post","k2","counts_adj","""$launchDir/data/sce_inter-sample_ro1-dlpfc.rda""","""$launchDir/data/ypb_inter-sample_ro1-dlpfc.rda""","""$launchDir/data/lindex_inter-sample_ro1-dlpfc.rda""","""$launchDir/data/true-proportions_inter-sample_ro1-dlpfc.rda""","deconrnaseq"
768,"Br8492_mid;Br6423_ant;Br2743_ant","k2","counts_adj","""$launchDir/data/sce_inter-sample_ro1-dlpfc.rda""","""$launchDir/data/ypb_inter-sample_ro1-dlpfc.rda""","""$launchDir/data/lindex_inter-sample_ro1-dlpfc.rda""","""$launchDir/data/true-proportions_inter-sample_ro1-dlpfc.rda""","deconrnaseq"
769,"Br6471_mid;Br6423_post;Br3942_mid","k2","counts_adj","""$launchDir/data/sce_inter-sample_ro1-dlpfc.rda""","""$launchDir/data/ypb_inter-sample_ro1-dlpfc.rda""","""$launchDir/data/lindex_inter-sample_ro1-dlpfc.rda""","""$launchDir/data/true-proportions_inter-sample_ro1-dlpfc.rda""","deconrnaseq"
770,"Br6423_post;Br2743_ant;Br3942_mid","k2","counts_adj","""$launchDir/data/sce_inter-sample_ro1-dlpfc.rda""","""$launchDir/data/ypb_inter-sample_ro1-dlpfc.rda""","""$launchDir/data/lindex_inter-sample_ro1-dlpfc.rda""","""$launchDir/data/true-proportions_inter-sample_ro1-dlpfc.rda""","deconrnaseq"
771,"Br2743_mid;Br3942_ant;Br3942_mid","k2","counts_adj","""$launchDir/data/sce_inter-sample_ro1-dlpfc.rda""","""$launchDir/data/ypb_inter-sample_ro1-dlpfc.rda""","""$launchDir/data/lindex_inter-sample_ro1-dlpfc.rda""","""$launchDir/data/true-proportions_inter-sample_ro1-dlpfc.rda""","deconrnaseq"
772,"Br3942_ant;Br8325_mid;Br6471_mid","k2","counts_adj","""$launchDir/data/sce_inter-sample_ro1-dlpfc.rda""","""$launchDir/data/ypb_inter-sample_ro1-dlpfc.rda""","""$launchDir/data/lindex_inter-sample_ro1-dlpfc.rda""","""$launchDir/data/true-proportions_inter-sample_ro1-dlpfc.rda""","deconrnaseq"
773,"Br2743_mid;Br2720_mid;Br3942_ant","k2","counts_adj","""$launchDir/data/sce_inter-sample_ro1-dlpfc.rda""","""$launchDir/data/ypb_inter-sample_ro1-dlpfc.rda""","""$launchDir/data/lindex_inter-sample_ro1-dlpfc.rda""","""$launchDir/data/true-proportions_inter-sample_ro1-dlpfc.rda""","deconrnaseq"
774,"Br8325_ant;Br8492_mid;Br3942_mid","k2","counts_adj","""$launchDir/data/sce_inter-sample_ro1-dlpfc.rda""","""$launchDir/data/ypb_inter-sample_ro1-dlpfc.rda""","""$launchDir/data/lindex_inter-sample_ro1-dlpfc.rda""","""$launchDir/data/true-proportions_inter-sample_ro1-dlpfc.rda""","deconrnaseq"
775,"Br8492_mid;Br2743_ant;Br6423_post","k2","counts_adj","""$launchDir/data/sce_inter-sample_ro1-dlpfc.rda""","""$launchDir/data/ypb_inter-sample_ro1-dlpfc.rda""","""$launchDir/data/lindex_inter-sample_ro1-dlpfc.rda""","""$launchDir/data/true-proportions_inter-sample_ro1-dlpfc.rda""","deconrnaseq"
776,"Br2743_mid;Br8325_mid;Br3942_mid","k2","counts_adj","""$launchDir/data/sce_inter-sample_ro1-dlpfc.rda""","""$launchDir/data/ypb_inter-sample_ro1-dlpfc.rda""","""$launchDir/data/lindex_inter-sample_ro1-dlpfc.rda""","""$launchDir/data/true-proportions_inter-sample_ro1-dlpfc.rda""","deconrnaseq"
777,"Br8325_mid;Br8325_ant;Br6423_ant","k2","counts_adj","""$launchDir/data/sce_inter-sample_ro1-dlpfc.rda""","""$launchDir/data/ypb_inter-sample_ro1-dlpfc.rda""","""$launchDir/data/lindex_inter-sample_ro1-dlpfc.rda""","""$launchDir/data/true-proportions_inter-sample_ro1-dlpfc.rda""","deconrnaseq"
778,"Br2743_mid;Br3942_mid;Br6423_ant","k2","counts_adj","""$launchDir/data/sce_inter-sample_ro1-dlpfc.rda""","""$launchDir/data/ypb_inter-sample_ro1-dlpfc.rda""","""$launchDir/data/lindex_inter-sample_ro1-dlpfc.rda""","""$launchDir/data/true-proportions_inter-sample_ro1-dlpfc.rda""","deconrnaseq"
779,"Br8492_post;Br2720_mid;Br2743_ant","k2","counts_adj","""$launchDir/data/sce_inter-sample_ro1-dlpfc.rda""","""$launchDir/data/ypb_inter-sample_ro1-dlpfc.rda""","""$launchDir/data/lindex_inter-sample_ro1-dlpfc.rda""","""$launchDir/data/true-proportions_inter-sample_ro1-dlpfc.rda""","deconrnaseq"
780,"Br8492_post;Br8325_mid;Br2720_mid","k2","counts_adj","""$launchDir/data/sce_inter-sample_ro1-dlpfc.rda""","""$launchDir/data/ypb_inter-sample_ro1-dlpfc.rda""","""$launchDir/data/lindex_inter-sample_ro1-dlpfc.rda""","""$launchDir/data/true-proportions_inter-sample_ro1-dlpfc.rda""","deconrnaseq"
781,"Br2720_mid;Br2743_ant;Br8325_mid","k2","counts_adj","""$launchDir/data/sce_inter-sample_ro1-dlpfc.rda""","""$launchDir/data/ypb_inter-sample_ro1-dlpfc.rda""","""$launchDir/data/lindex_inter-sample_ro1-dlpfc.rda""","""$launchDir/data/true-proportions_inter-sample_ro1-dlpfc.rda""","deconrnaseq"
782,"Br2743_mid;Br3942_ant;Br6423_post","k2","counts_adj","""$launchDir/data/sce_inter-sample_ro1-dlpfc.rda""","""$launchDir/data/ypb_inter-sample_ro1-dlpfc.rda""","""$launchDir/data/lindex_inter-sample_ro1-dlpfc.rda""","""$launchDir/data/true-proportions_inter-sample_ro1-dlpfc.rda""","deconrnaseq"
783,"Br6423_ant;Br8492_mid;Br8325_mid","k2","counts_adj","""$launchDir/data/sce_inter-sample_ro1-dlpfc.rda""","""$launchDir/data/ypb_inter-sample_ro1-dlpfc.rda""","""$launchDir/data/lindex_inter-sample_ro1-dlpfc.rda""","""$launchDir/data/true-proportions_inter-sample_ro1-dlpfc.rda""","deconrnaseq"
784,"Br2720_mid;Br6423_ant;Br6471_mid","k2","counts_adj","""$launchDir/data/sce_inter-sample_ro1-dlpfc.rda""","""$launchDir/data/ypb_inter-sample_ro1-dlpfc.rda""","""$launchDir/data/lindex_inter-sample_ro1-dlpfc.rda""","""$launchDir/data/true-proportions_inter-sample_ro1-dlpfc.rda""","deconrnaseq"
785,"Br6423_ant;Br3942_ant;Br8492_post","k2","counts_adj","""$launchDir/data/sce_inter-sample_ro1-dlpfc.rda""","""$launchDir/data/ypb_inter-sample_ro1-dlpfc.rda""","""$launchDir/data/lindex_inter-sample_ro1-dlpfc.rda""","""$launchDir/data/true-proportions_inter-sample_ro1-dlpfc.rda""","deconrnaseq"
786,"Br3942_mid;Br8492_mid;Br8325_ant","k2","counts_adj","""$launchDir/data/sce_inter-sample_ro1-dlpfc.rda""","""$launchDir/data/ypb_inter-sample_ro1-dlpfc.rda""","""$launchDir/data/lindex_inter-sample_ro1-dlpfc.rda""","""$launchDir/data/true-proportions_inter-sample_ro1-dlpfc.rda""","deconrnaseq"
787,"Br2720_mid;Br3942_mid;Br8492_mid","k2","counts_adj","""$launchDir/data/sce_inter-sample_ro1-dlpfc.rda""","""$launchDir/data/ypb_inter-sample_ro1-dlpfc.rda""","""$launchDir/data/lindex_inter-sample_ro1-dlpfc.rda""","""$launchDir/data/true-proportions_inter-sample_ro1-dlpfc.rda""","deconrnaseq"
788,"Br8325_ant;Br3942_mid;Br8325_mid","k2","counts_adj","""$launchDir/data/sce_inter-sample_ro1-dlpfc.rda""","""$launchDir/data/ypb_inter-sample_ro1-dlpfc.rda""","""$launchDir/data/lindex_inter-sample_ro1-dlpfc.rda""","""$launchDir/data/true-proportions_inter-sample_ro1-dlpfc.rda""","deconrnaseq"
789,"Br6423_post;Br3942_mid;Br2743_mid","k2","counts_adj","""$launchDir/data/sce_inter-sample_ro1-dlpfc.rda""","""$launchDir/data/ypb_inter-sample_ro1-dlpfc.rda""","""$launchDir/data/lindex_inter-sample_ro1-dlpfc.rda""","""$launchDir/data/true-proportions_inter-sample_ro1-dlpfc.rda""","deconrnaseq"
790,"Br8492_post;Br6423_post;Br8325_ant","k2","counts_adj","""$launchDir/data/sce_inter-sample_ro1-dlpfc.rda""","""$launchDir/data/ypb_inter-sample_ro1-dlpfc.rda""","""$launchDir/data/lindex_inter-sample_ro1-dlpfc.rda""","""$launchDir/data/true-proportions_inter-sample_ro1-dlpfc.rda""","deconrnaseq"
791,"Br8492_post;Br8492_mid;Br3942_ant","k2","counts_adj","""$launchDir/data/sce_inter-sample_ro1-dlpfc.rda""","""$launchDir/data/ypb_inter-sample_ro1-dlpfc.rda""","""$launchDir/data/lindex_inter-sample_ro1-dlpfc.rda""","""$launchDir/data/true-proportions_inter-sample_ro1-dlpfc.rda""","deconrnaseq"
792,"Br6423_post;Br8325_ant;Br3942_mid","k2","counts_adj","""$launchDir/data/sce_inter-sample_ro1-dlpfc.rda""","""$launchDir/data/ypb_inter-sample_ro1-dlpfc.rda""","""$launchDir/data/lindex_inter-sample_ro1-dlpfc.rda""","""$launchDir/data/true-proportions_inter-sample_ro1-dlpfc.rda""","deconrnaseq"
793,"Br8325_mid;Br2720_mid;Br2743_mid","k2","counts_adj","""$launchDir/data/sce_inter-sample_ro1-dlpfc.rda""","""$launchDir/data/ypb_inter-sample_ro1-dlpfc.rda""","""$launchDir/data/lindex_inter-sample_ro1-dlpfc.rda""","""$launchDir/data/true-proportions_inter-sample_ro1-dlpfc.rda""","deconrnaseq"
794,"Br8492_post;Br2743_mid;Br8325_ant","k2","counts_adj","""$launchDir/data/sce_inter-sample_ro1-dlpfc.rda""","""$launchDir/data/ypb_inter-sample_ro1-dlpfc.rda""","""$launchDir/data/lindex_inter-sample_ro1-dlpfc.rda""","""$launchDir/data/true-proportions_inter-sample_ro1-dlpfc.rda""","deconrnaseq"
795,"Br6423_post;Br8492_mid;Br3942_ant","k2","counts_adj","""$launchDir/data/sce_inter-sample_ro1-dlpfc.rda""","""$launchDir/data/ypb_inter-sample_ro1-dlpfc.rda""","""$launchDir/data/lindex_inter-sample_ro1-dlpfc.rda""","""$launchDir/data/true-proportions_inter-sample_ro1-dlpfc.rda""","deconrnaseq"
796,"Br8325_ant;Br2743_mid;Br6471_mid","k2","counts_adj","""$launchDir/data/sce_inter-sample_ro1-dlpfc.rda""","""$launchDir/data/ypb_inter-sample_ro1-dlpfc.rda""","""$launchDir/data/lindex_inter-sample_ro1-dlpfc.rda""","""$launchDir/data/true-proportions_inter-sample_ro1-dlpfc.rda""","deconrnaseq"
797,"Br3942_mid;Br6423_ant;Br3942_ant","k2","counts_adj","""$launchDir/data/sce_inter-sample_ro1-dlpfc.rda""","""$launchDir/data/ypb_inter-sample_ro1-dlpfc.rda""","""$launchDir/data/lindex_inter-sample_ro1-dlpfc.rda""","""$launchDir/data/true-proportions_inter-sample_ro1-dlpfc.rda""","deconrnaseq"
798,"Br8325_mid;Br6423_post;Br8325_ant","k2","counts_adj","""$launchDir/data/sce_inter-sample_ro1-dlpfc.rda""","""$launchDir/data/ypb_inter-sample_ro1-dlpfc.rda""","""$launchDir/data/lindex_inter-sample_ro1-dlpfc.rda""","""$launchDir/data/true-proportions_inter-sample_ro1-dlpfc.rda""","deconrnaseq"
799,"Br3942_mid;Br6423_post;Br2743_ant","k2","counts_adj","""$launchDir/data/sce_inter-sample_ro1-dlpfc.rda""","""$launchDir/data/ypb_inter-sample_ro1-dlpfc.rda""","""$launchDir/data/lindex_inter-sample_ro1-dlpfc.rda""","""$launchDir/data/true-proportions_inter-sample_ro1-dlpfc.rda""","deconrnaseq"
800,"Br8492_post;Br3942_ant;Br8325_mid","k2","counts_adj","""$launchDir/data/sce_inter-sample_ro1-dlpfc.rda""","""$launchDir/data/ypb_inter-sample_ro1-dlpfc.rda""","""$launchDir/data/lindex_inter-sample_ro1-dlpfc.rda""","""$launchDir/data/true-proportions_inter-sample_ro1-dlpfc.rda""","deconrnaseq"
