"iterations_index","sample_id","celltype_variable","assay_name","sce_filepath","bulk_filepath","list_index_filepath","true_proportions_filepath","method"
1,"Br3942_mid;Br2743_ant;Br6423_post","k2","counts_adj","""$launchDir/data/sce_inter-sample_ro1-dlpfc.rda""","""$launchDir/data/ypb_inter-sample_ro1-dlpfc.rda""","""$launchDir/data/lindex_inter-sample_ro1-dlpfc.rda""","""$launchDir/data/true-proportions_inter-sample_ro1-dlpfc.rda""","deconrnaseq"
2,"Br8325_mid;Br6471_mid;Br2743_ant","k2","counts_adj","""$launchDir/data/sce_inter-sample_ro1-dlpfc.rda""","""$launchDir/data/ypb_inter-sample_ro1-dlpfc.rda""","""$launchDir/data/lindex_inter-sample_ro1-dlpfc.rda""","""$launchDir/data/true-proportions_inter-sample_ro1-dlpfc.rda""","deconrnaseq"
3,"Br3942_ant;Br2743_ant;Br6471_mid","k2","counts_adj","""$launchDir/data/sce_inter-sample_ro1-dlpfc.rda""","""$launchDir/data/ypb_inter-sample_ro1-dlpfc.rda""","""$launchDir/data/lindex_inter-sample_ro1-dlpfc.rda""","""$launchDir/data/true-proportions_inter-sample_ro1-dlpfc.rda""","deconrnaseq"
4,"Br3942_ant;Br8492_post;Br8325_ant","k2","counts_adj","""$launchDir/data/sce_inter-sample_ro1-dlpfc.rda""","""$launchDir/data/ypb_inter-sample_ro1-dlpfc.rda""","""$launchDir/data/lindex_inter-sample_ro1-dlpfc.rda""","""$launchDir/data/true-proportions_inter-sample_ro1-dlpfc.rda""","deconrnaseq"
5,"Br2743_ant;Br8325_ant;Br6423_post","k2","counts_adj","""$launchDir/data/sce_inter-sample_ro1-dlpfc.rda""","""$launchDir/data/ypb_inter-sample_ro1-dlpfc.rda""","""$launchDir/data/lindex_inter-sample_ro1-dlpfc.rda""","""$launchDir/data/true-proportions_inter-sample_ro1-dlpfc.rda""","deconrnaseq"
6,"Br8325_mid;Br8492_post;Br6471_mid","k2","counts_adj","""$launchDir/data/sce_inter-sample_ro1-dlpfc.rda""","""$launchDir/data/ypb_inter-sample_ro1-dlpfc.rda""","""$launchDir/data/lindex_inter-sample_ro1-dlpfc.rda""","""$launchDir/data/true-proportions_inter-sample_ro1-dlpfc.rda""","deconrnaseq"
7,"Br8492_mid;Br2743_mid;Br8492_post","k2","counts_adj","""$launchDir/data/sce_inter-sample_ro1-dlpfc.rda""","""$launchDir/data/ypb_inter-sample_ro1-dlpfc.rda""","""$launchDir/data/lindex_inter-sample_ro1-dlpfc.rda""","""$launchDir/data/true-proportions_inter-sample_ro1-dlpfc.rda""","deconrnaseq"
8,"Br3942_ant;Br2743_ant;Br8492_post","k2","counts_adj","""$launchDir/data/sce_inter-sample_ro1-dlpfc.rda""","""$launchDir/data/ypb_inter-sample_ro1-dlpfc.rda""","""$launchDir/data/lindex_inter-sample_ro1-dlpfc.rda""","""$launchDir/data/true-proportions_inter-sample_ro1-dlpfc.rda""","deconrnaseq"
9,"Br8325_ant;Br2743_ant;Br6423_post","k2","counts_adj","""$launchDir/data/sce_inter-sample_ro1-dlpfc.rda""","""$launchDir/data/ypb_inter-sample_ro1-dlpfc.rda""","""$launchDir/data/lindex_inter-sample_ro1-dlpfc.rda""","""$launchDir/data/true-proportions_inter-sample_ro1-dlpfc.rda""","deconrnaseq"
10,"Br6471_mid;Br3942_ant;Br2743_mid","k2","counts_adj","""$launchDir/data/sce_inter-sample_ro1-dlpfc.rda""","""$launchDir/data/ypb_inter-sample_ro1-dlpfc.rda""","""$launchDir/data/lindex_inter-sample_ro1-dlpfc.rda""","""$launchDir/data/true-proportions_inter-sample_ro1-dlpfc.rda""","deconrnaseq"
11,"Br6423_post;Br2743_mid;Br3942_ant","k2","counts_adj","""$launchDir/data/sce_inter-sample_ro1-dlpfc.rda""","""$launchDir/data/ypb_inter-sample_ro1-dlpfc.rda""","""$launchDir/data/lindex_inter-sample_ro1-dlpfc.rda""","""$launchDir/data/true-proportions_inter-sample_ro1-dlpfc.rda""","deconrnaseq"
12,"Br6423_post;Br6471_mid;Br8325_ant","k2","counts_adj","""$launchDir/data/sce_inter-sample_ro1-dlpfc.rda""","""$launchDir/data/ypb_inter-sample_ro1-dlpfc.rda""","""$launchDir/data/lindex_inter-sample_ro1-dlpfc.rda""","""$launchDir/data/true-proportions_inter-sample_ro1-dlpfc.rda""","deconrnaseq"
13,"Br8492_mid;Br8325_ant;Br3942_ant","k2","counts_adj","""$launchDir/data/sce_inter-sample_ro1-dlpfc.rda""","""$launchDir/data/ypb_inter-sample_ro1-dlpfc.rda""","""$launchDir/data/lindex_inter-sample_ro1-dlpfc.rda""","""$launchDir/data/true-proportions_inter-sample_ro1-dlpfc.rda""","deconrnaseq"
14,"Br8492_mid;Br8492_post;Br2720_mid","k2","counts_adj","""$launchDir/data/sce_inter-sample_ro1-dlpfc.rda""","""$launchDir/data/ypb_inter-sample_ro1-dlpfc.rda""","""$launchDir/data/lindex_inter-sample_ro1-dlpfc.rda""","""$launchDir/data/true-proportions_inter-sample_ro1-dlpfc.rda""","deconrnaseq"
15,"Br6423_post;Br3942_ant;Br6471_mid","k2","counts_adj","""$launchDir/data/sce_inter-sample_ro1-dlpfc.rda""","""$launchDir/data/ypb_inter-sample_ro1-dlpfc.rda""","""$launchDir/data/lindex_inter-sample_ro1-dlpfc.rda""","""$launchDir/data/true-proportions_inter-sample_ro1-dlpfc.rda""","deconrnaseq"
16,"Br2720_mid;Br8325_ant;Br6423_ant","k2","counts_adj","""$launchDir/data/sce_inter-sample_ro1-dlpfc.rda""","""$launchDir/data/ypb_inter-sample_ro1-dlpfc.rda""","""$launchDir/data/lindex_inter-sample_ro1-dlpfc.rda""","""$launchDir/data/true-proportions_inter-sample_ro1-dlpfc.rda""","deconrnaseq"
17,"Br3942_ant;Br6471_mid;Br2743_ant","k2","counts_adj","""$launchDir/data/sce_inter-sample_ro1-dlpfc.rda""","""$launchDir/data/ypb_inter-sample_ro1-dlpfc.rda""","""$launchDir/data/lindex_inter-sample_ro1-dlpfc.rda""","""$launchDir/data/true-proportions_inter-sample_ro1-dlpfc.rda""","deconrnaseq"
18,"Br3942_ant;Br2743_mid;Br8492_mid","k2","counts_adj","""$launchDir/data/sce_inter-sample_ro1-dlpfc.rda""","""$launchDir/data/ypb_inter-sample_ro1-dlpfc.rda""","""$launchDir/data/lindex_inter-sample_ro1-dlpfc.rda""","""$launchDir/data/true-proportions_inter-sample_ro1-dlpfc.rda""","deconrnaseq"
19,"Br8492_mid;Br6423_post;Br2743_ant","k2","counts_adj","""$launchDir/data/sce_inter-sample_ro1-dlpfc.rda""","""$launchDir/data/ypb_inter-sample_ro1-dlpfc.rda""","""$launchDir/data/lindex_inter-sample_ro1-dlpfc.rda""","""$launchDir/data/true-proportions_inter-sample_ro1-dlpfc.rda""","deconrnaseq"
20,"Br2743_ant;Br3942_ant;Br6423_post","k2","counts_adj","""$launchDir/data/sce_inter-sample_ro1-dlpfc.rda""","""$launchDir/data/ypb_inter-sample_ro1-dlpfc.rda""","""$launchDir/data/lindex_inter-sample_ro1-dlpfc.rda""","""$launchDir/data/true-proportions_inter-sample_ro1-dlpfc.rda""","deconrnaseq"
21,"Br3942_ant;Br2743_ant;Br8325_mid","k2","counts_adj","""$launchDir/data/sce_inter-sample_ro1-dlpfc.rda""","""$launchDir/data/ypb_inter-sample_ro1-dlpfc.rda""","""$launchDir/data/lindex_inter-sample_ro1-dlpfc.rda""","""$launchDir/data/true-proportions_inter-sample_ro1-dlpfc.rda""","deconrnaseq"
22,"Br8325_ant;Br6423_post;Br2720_mid","k2","counts_adj","""$launchDir/data/sce_inter-sample_ro1-dlpfc.rda""","""$launchDir/data/ypb_inter-sample_ro1-dlpfc.rda""","""$launchDir/data/lindex_inter-sample_ro1-dlpfc.rda""","""$launchDir/data/true-proportions_inter-sample_ro1-dlpfc.rda""","deconrnaseq"
23,"Br6471_mid;Br2743_ant;Br6423_post","k2","counts_adj","""$launchDir/data/sce_inter-sample_ro1-dlpfc.rda""","""$launchDir/data/ypb_inter-sample_ro1-dlpfc.rda""","""$launchDir/data/lindex_inter-sample_ro1-dlpfc.rda""","""$launchDir/data/true-proportions_inter-sample_ro1-dlpfc.rda""","deconrnaseq"
24,"Br6423_post;Br3942_mid;Br2720_mid","k2","counts_adj","""$launchDir/data/sce_inter-sample_ro1-dlpfc.rda""","""$launchDir/data/ypb_inter-sample_ro1-dlpfc.rda""","""$launchDir/data/lindex_inter-sample_ro1-dlpfc.rda""","""$launchDir/data/true-proportions_inter-sample_ro1-dlpfc.rda""","deconrnaseq"
25,"Br6423_ant;Br2720_mid;Br6423_post","k2","counts_adj","""$launchDir/data/sce_inter-sample_ro1-dlpfc.rda""","""$launchDir/data/ypb_inter-sample_ro1-dlpfc.rda""","""$launchDir/data/lindex_inter-sample_ro1-dlpfc.rda""","""$launchDir/data/true-proportions_inter-sample_ro1-dlpfc.rda""","deconrnaseq"
26,"Br8492_mid;Br8492_post;Br3942_ant","k2","counts_adj","""$launchDir/data/sce_inter-sample_ro1-dlpfc.rda""","""$launchDir/data/ypb_inter-sample_ro1-dlpfc.rda""","""$launchDir/data/lindex_inter-sample_ro1-dlpfc.rda""","""$launchDir/data/true-proportions_inter-sample_ro1-dlpfc.rda""","deconrnaseq"
27,"Br2743_ant;Br3942_mid;Br8325_ant","k2","counts_adj","""$launchDir/data/sce_inter-sample_ro1-dlpfc.rda""","""$launchDir/data/ypb_inter-sample_ro1-dlpfc.rda""","""$launchDir/data/lindex_inter-sample_ro1-dlpfc.rda""","""$launchDir/data/true-proportions_inter-sample_ro1-dlpfc.rda""","deconrnaseq"
28,"Br8325_mid;Br8325_ant;Br8492_mid","k2","counts_adj","""$launchDir/data/sce_inter-sample_ro1-dlpfc.rda""","""$launchDir/data/ypb_inter-sample_ro1-dlpfc.rda""","""$launchDir/data/lindex_inter-sample_ro1-dlpfc.rda""","""$launchDir/data/true-proportions_inter-sample_ro1-dlpfc.rda""","deconrnaseq"
29,"Br6471_mid;Br3942_ant;Br2720_mid","k2","counts_adj","""$launchDir/data/sce_inter-sample_ro1-dlpfc.rda""","""$launchDir/data/ypb_inter-sample_ro1-dlpfc.rda""","""$launchDir/data/lindex_inter-sample_ro1-dlpfc.rda""","""$launchDir/data/true-proportions_inter-sample_ro1-dlpfc.rda""","deconrnaseq"
30,"Br8492_post;Br2743_mid;Br3942_ant","k2","counts_adj","""$launchDir/data/sce_inter-sample_ro1-dlpfc.rda""","""$launchDir/data/ypb_inter-sample_ro1-dlpfc.rda""","""$launchDir/data/lindex_inter-sample_ro1-dlpfc.rda""","""$launchDir/data/true-proportions_inter-sample_ro1-dlpfc.rda""","deconrnaseq"
31,"Br8325_mid;Br2720_mid;Br3942_mid","k2","counts_adj","""$launchDir/data/sce_inter-sample_ro1-dlpfc.rda""","""$launchDir/data/ypb_inter-sample_ro1-dlpfc.rda""","""$launchDir/data/lindex_inter-sample_ro1-dlpfc.rda""","""$launchDir/data/true-proportions_inter-sample_ro1-dlpfc.rda""","deconrnaseq"
32,"Br8492_post;Br8325_ant;Br2743_mid","k2","counts_adj","""$launchDir/data/sce_inter-sample_ro1-dlpfc.rda""","""$launchDir/data/ypb_inter-sample_ro1-dlpfc.rda""","""$launchDir/data/lindex_inter-sample_ro1-dlpfc.rda""","""$launchDir/data/true-proportions_inter-sample_ro1-dlpfc.rda""","deconrnaseq"
33,"Br3942_mid;Br3942_ant;Br8325_ant","k2","counts_adj","""$launchDir/data/sce_inter-sample_ro1-dlpfc.rda""","""$launchDir/data/ypb_inter-sample_ro1-dlpfc.rda""","""$launchDir/data/lindex_inter-sample_ro1-dlpfc.rda""","""$launchDir/data/true-proportions_inter-sample_ro1-dlpfc.rda""","deconrnaseq"
34,"Br3942_mid;Br8325_mid;Br3942_ant","k2","counts_adj","""$launchDir/data/sce_inter-sample_ro1-dlpfc.rda""","""$launchDir/data/ypb_inter-sample_ro1-dlpfc.rda""","""$launchDir/data/lindex_inter-sample_ro1-dlpfc.rda""","""$launchDir/data/true-proportions_inter-sample_ro1-dlpfc.rda""","deconrnaseq"
35,"Br6423_post;Br8492_post;Br2743_mid","k2","counts_adj","""$launchDir/data/sce_inter-sample_ro1-dlpfc.rda""","""$launchDir/data/ypb_inter-sample_ro1-dlpfc.rda""","""$launchDir/data/lindex_inter-sample_ro1-dlpfc.rda""","""$launchDir/data/true-proportions_inter-sample_ro1-dlpfc.rda""","deconrnaseq"
36,"Br3942_mid;Br6423_ant;Br6471_mid","k2","counts_adj","""$launchDir/data/sce_inter-sample_ro1-dlpfc.rda""","""$launchDir/data/ypb_inter-sample_ro1-dlpfc.rda""","""$launchDir/data/lindex_inter-sample_ro1-dlpfc.rda""","""$launchDir/data/true-proportions_inter-sample_ro1-dlpfc.rda""","deconrnaseq"
37,"Br6423_ant;Br2720_mid;Br3942_mid","k2","counts_adj","""$launchDir/data/sce_inter-sample_ro1-dlpfc.rda""","""$launchDir/data/ypb_inter-sample_ro1-dlpfc.rda""","""$launchDir/data/lindex_inter-sample_ro1-dlpfc.rda""","""$launchDir/data/true-proportions_inter-sample_ro1-dlpfc.rda""","deconrnaseq"
38,"Br6471_mid;Br8325_ant;Br2743_ant","k2","counts_adj","""$launchDir/data/sce_inter-sample_ro1-dlpfc.rda""","""$launchDir/data/ypb_inter-sample_ro1-dlpfc.rda""","""$launchDir/data/lindex_inter-sample_ro1-dlpfc.rda""","""$launchDir/data/true-proportions_inter-sample_ro1-dlpfc.rda""","deconrnaseq"
39,"Br8325_mid;Br6471_mid;Br2743_mid","k2","counts_adj","""$launchDir/data/sce_inter-sample_ro1-dlpfc.rda""","""$launchDir/data/ypb_inter-sample_ro1-dlpfc.rda""","""$launchDir/data/lindex_inter-sample_ro1-dlpfc.rda""","""$launchDir/data/true-proportions_inter-sample_ro1-dlpfc.rda""","deconrnaseq"
40,"Br3942_mid;Br2743_mid;Br8492_mid","k2","counts_adj","""$launchDir/data/sce_inter-sample_ro1-dlpfc.rda""","""$launchDir/data/ypb_inter-sample_ro1-dlpfc.rda""","""$launchDir/data/lindex_inter-sample_ro1-dlpfc.rda""","""$launchDir/data/true-proportions_inter-sample_ro1-dlpfc.rda""","deconrnaseq"
41,"Br8325_mid;Br8492_mid;Br6423_post","k2","counts_adj","""$launchDir/data/sce_inter-sample_ro1-dlpfc.rda""","""$launchDir/data/ypb_inter-sample_ro1-dlpfc.rda""","""$launchDir/data/lindex_inter-sample_ro1-dlpfc.rda""","""$launchDir/data/true-proportions_inter-sample_ro1-dlpfc.rda""","deconrnaseq"
42,"Br8492_mid;Br3942_mid;Br8325_mid","k2","counts_adj","""$launchDir/data/sce_inter-sample_ro1-dlpfc.rda""","""$launchDir/data/ypb_inter-sample_ro1-dlpfc.rda""","""$launchDir/data/lindex_inter-sample_ro1-dlpfc.rda""","""$launchDir/data/true-proportions_inter-sample_ro1-dlpfc.rda""","deconrnaseq"
43,"Br6423_post;Br3942_mid;Br2720_mid","k2","counts_adj","""$launchDir/data/sce_inter-sample_ro1-dlpfc.rda""","""$launchDir/data/ypb_inter-sample_ro1-dlpfc.rda""","""$launchDir/data/lindex_inter-sample_ro1-dlpfc.rda""","""$launchDir/data/true-proportions_inter-sample_ro1-dlpfc.rda""","deconrnaseq"
44,"Br8492_mid;Br2720_mid;Br6471_mid","k2","counts_adj","""$launchDir/data/sce_inter-sample_ro1-dlpfc.rda""","""$launchDir/data/ypb_inter-sample_ro1-dlpfc.rda""","""$launchDir/data/lindex_inter-sample_ro1-dlpfc.rda""","""$launchDir/data/true-proportions_inter-sample_ro1-dlpfc.rda""","deconrnaseq"
45,"Br8325_ant;Br6423_post;Br2743_ant","k2","counts_adj","""$launchDir/data/sce_inter-sample_ro1-dlpfc.rda""","""$launchDir/data/ypb_inter-sample_ro1-dlpfc.rda""","""$launchDir/data/lindex_inter-sample_ro1-dlpfc.rda""","""$launchDir/data/true-proportions_inter-sample_ro1-dlpfc.rda""","deconrnaseq"
46,"Br8492_mid;Br6423_ant;Br6471_mid","k2","counts_adj","""$launchDir/data/sce_inter-sample_ro1-dlpfc.rda""","""$launchDir/data/ypb_inter-sample_ro1-dlpfc.rda""","""$launchDir/data/lindex_inter-sample_ro1-dlpfc.rda""","""$launchDir/data/true-proportions_inter-sample_ro1-dlpfc.rda""","deconrnaseq"
47,"Br6423_post;Br6471_mid;Br2720_mid","k2","counts_adj","""$launchDir/data/sce_inter-sample_ro1-dlpfc.rda""","""$launchDir/data/ypb_inter-sample_ro1-dlpfc.rda""","""$launchDir/data/lindex_inter-sample_ro1-dlpfc.rda""","""$launchDir/data/true-proportions_inter-sample_ro1-dlpfc.rda""","deconrnaseq"
48,"Br6471_mid;Br3942_ant;Br2720_mid","k2","counts_adj","""$launchDir/data/sce_inter-sample_ro1-dlpfc.rda""","""$launchDir/data/ypb_inter-sample_ro1-dlpfc.rda""","""$launchDir/data/lindex_inter-sample_ro1-dlpfc.rda""","""$launchDir/data/true-proportions_inter-sample_ro1-dlpfc.rda""","deconrnaseq"
49,"Br3942_ant;Br8492_post;Br2743_mid","k2","counts_adj","""$launchDir/data/sce_inter-sample_ro1-dlpfc.rda""","""$launchDir/data/ypb_inter-sample_ro1-dlpfc.rda""","""$launchDir/data/lindex_inter-sample_ro1-dlpfc.rda""","""$launchDir/data/true-proportions_inter-sample_ro1-dlpfc.rda""","deconrnaseq"
50,"Br6423_ant;Br6423_post;Br8492_mid","k2","counts_adj","""$launchDir/data/sce_inter-sample_ro1-dlpfc.rda""","""$launchDir/data/ypb_inter-sample_ro1-dlpfc.rda""","""$launchDir/data/lindex_inter-sample_ro1-dlpfc.rda""","""$launchDir/data/true-proportions_inter-sample_ro1-dlpfc.rda""","deconrnaseq"
51,"Br8492_post;Br2743_mid;Br8325_ant","k2","counts_adj","""$launchDir/data/sce_inter-sample_ro1-dlpfc.rda""","""$launchDir/data/ypb_inter-sample_ro1-dlpfc.rda""","""$launchDir/data/lindex_inter-sample_ro1-dlpfc.rda""","""$launchDir/data/true-proportions_inter-sample_ro1-dlpfc.rda""","deconrnaseq"
52,"Br2743_ant;Br2720_mid;Br6423_post","k2","counts_adj","""$launchDir/data/sce_inter-sample_ro1-dlpfc.rda""","""$launchDir/data/ypb_inter-sample_ro1-dlpfc.rda""","""$launchDir/data/lindex_inter-sample_ro1-dlpfc.rda""","""$launchDir/data/true-proportions_inter-sample_ro1-dlpfc.rda""","deconrnaseq"
53,"Br6423_ant;Br2720_mid;Br2743_mid","k2","counts_adj","""$launchDir/data/sce_inter-sample_ro1-dlpfc.rda""","""$launchDir/data/ypb_inter-sample_ro1-dlpfc.rda""","""$launchDir/data/lindex_inter-sample_ro1-dlpfc.rda""","""$launchDir/data/true-proportions_inter-sample_ro1-dlpfc.rda""","deconrnaseq"
54,"Br8492_post;Br2720_mid;Br2743_ant","k2","counts_adj","""$launchDir/data/sce_inter-sample_ro1-dlpfc.rda""","""$launchDir/data/ypb_inter-sample_ro1-dlpfc.rda""","""$launchDir/data/lindex_inter-sample_ro1-dlpfc.rda""","""$launchDir/data/true-proportions_inter-sample_ro1-dlpfc.rda""","deconrnaseq"
55,"Br3942_ant;Br8492_mid;Br6423_post","k2","counts_adj","""$launchDir/data/sce_inter-sample_ro1-dlpfc.rda""","""$launchDir/data/ypb_inter-sample_ro1-dlpfc.rda""","""$launchDir/data/lindex_inter-sample_ro1-dlpfc.rda""","""$launchDir/data/true-proportions_inter-sample_ro1-dlpfc.rda""","deconrnaseq"
56,"Br2743_mid;Br6423_post;Br3942_ant","k2","counts_adj","""$launchDir/data/sce_inter-sample_ro1-dlpfc.rda""","""$launchDir/data/ypb_inter-sample_ro1-dlpfc.rda""","""$launchDir/data/lindex_inter-sample_ro1-dlpfc.rda""","""$launchDir/data/true-proportions_inter-sample_ro1-dlpfc.rda""","deconrnaseq"
57,"Br8325_ant;Br3942_ant;Br2743_ant","k2","counts_adj","""$launchDir/data/sce_inter-sample_ro1-dlpfc.rda""","""$launchDir/data/ypb_inter-sample_ro1-dlpfc.rda""","""$launchDir/data/lindex_inter-sample_ro1-dlpfc.rda""","""$launchDir/data/true-proportions_inter-sample_ro1-dlpfc.rda""","deconrnaseq"
58,"Br6423_ant;Br8325_ant;Br8325_mid","k2","counts_adj","""$launchDir/data/sce_inter-sample_ro1-dlpfc.rda""","""$launchDir/data/ypb_inter-sample_ro1-dlpfc.rda""","""$launchDir/data/lindex_inter-sample_ro1-dlpfc.rda""","""$launchDir/data/true-proportions_inter-sample_ro1-dlpfc.rda""","deconrnaseq"
59,"Br8325_ant;Br6471_mid;Br6423_ant","k2","counts_adj","""$launchDir/data/sce_inter-sample_ro1-dlpfc.rda""","""$launchDir/data/ypb_inter-sample_ro1-dlpfc.rda""","""$launchDir/data/lindex_inter-sample_ro1-dlpfc.rda""","""$launchDir/data/true-proportions_inter-sample_ro1-dlpfc.rda""","deconrnaseq"
60,"Br2743_ant;Br3942_ant;Br6423_ant","k2","counts_adj","""$launchDir/data/sce_inter-sample_ro1-dlpfc.rda""","""$launchDir/data/ypb_inter-sample_ro1-dlpfc.rda""","""$launchDir/data/lindex_inter-sample_ro1-dlpfc.rda""","""$launchDir/data/true-proportions_inter-sample_ro1-dlpfc.rda""","deconrnaseq"
61,"Br6423_post;Br3942_mid;Br8325_ant","k2","counts_adj","""$launchDir/data/sce_inter-sample_ro1-dlpfc.rda""","""$launchDir/data/ypb_inter-sample_ro1-dlpfc.rda""","""$launchDir/data/lindex_inter-sample_ro1-dlpfc.rda""","""$launchDir/data/true-proportions_inter-sample_ro1-dlpfc.rda""","deconrnaseq"
62,"Br8325_ant;Br6423_post;Br8492_mid","k2","counts_adj","""$launchDir/data/sce_inter-sample_ro1-dlpfc.rda""","""$launchDir/data/ypb_inter-sample_ro1-dlpfc.rda""","""$launchDir/data/lindex_inter-sample_ro1-dlpfc.rda""","""$launchDir/data/true-proportions_inter-sample_ro1-dlpfc.rda""","deconrnaseq"
63,"Br6423_post;Br8325_ant;Br8492_post","k2","counts_adj","""$launchDir/data/sce_inter-sample_ro1-dlpfc.rda""","""$launchDir/data/ypb_inter-sample_ro1-dlpfc.rda""","""$launchDir/data/lindex_inter-sample_ro1-dlpfc.rda""","""$launchDir/data/true-proportions_inter-sample_ro1-dlpfc.rda""","deconrnaseq"
64,"Br8325_mid;Br6423_ant;Br6423_post","k2","counts_adj","""$launchDir/data/sce_inter-sample_ro1-dlpfc.rda""","""$launchDir/data/ypb_inter-sample_ro1-dlpfc.rda""","""$launchDir/data/lindex_inter-sample_ro1-dlpfc.rda""","""$launchDir/data/true-proportions_inter-sample_ro1-dlpfc.rda""","deconrnaseq"
65,"Br2743_ant;Br6423_ant;Br8325_ant","k2","counts_adj","""$launchDir/data/sce_inter-sample_ro1-dlpfc.rda""","""$launchDir/data/ypb_inter-sample_ro1-dlpfc.rda""","""$launchDir/data/lindex_inter-sample_ro1-dlpfc.rda""","""$launchDir/data/true-proportions_inter-sample_ro1-dlpfc.rda""","deconrnaseq"
66,"Br6471_mid;Br2720_mid;Br8325_ant","k2","counts_adj","""$launchDir/data/sce_inter-sample_ro1-dlpfc.rda""","""$launchDir/data/ypb_inter-sample_ro1-dlpfc.rda""","""$launchDir/data/lindex_inter-sample_ro1-dlpfc.rda""","""$launchDir/data/true-proportions_inter-sample_ro1-dlpfc.rda""","deconrnaseq"
67,"Br8325_ant;Br2720_mid;Br6471_mid","k2","counts_adj","""$launchDir/data/sce_inter-sample_ro1-dlpfc.rda""","""$launchDir/data/ypb_inter-sample_ro1-dlpfc.rda""","""$launchDir/data/lindex_inter-sample_ro1-dlpfc.rda""","""$launchDir/data/true-proportions_inter-sample_ro1-dlpfc.rda""","deconrnaseq"
68,"Br6423_ant;Br6423_post;Br6471_mid","k2","counts_adj","""$launchDir/data/sce_inter-sample_ro1-dlpfc.rda""","""$launchDir/data/ypb_inter-sample_ro1-dlpfc.rda""","""$launchDir/data/lindex_inter-sample_ro1-dlpfc.rda""","""$launchDir/data/true-proportions_inter-sample_ro1-dlpfc.rda""","deconrnaseq"
69,"Br2720_mid;Br8492_mid;Br2743_ant","k2","counts_adj","""$launchDir/data/sce_inter-sample_ro1-dlpfc.rda""","""$launchDir/data/ypb_inter-sample_ro1-dlpfc.rda""","""$launchDir/data/lindex_inter-sample_ro1-dlpfc.rda""","""$launchDir/data/true-proportions_inter-sample_ro1-dlpfc.rda""","deconrnaseq"
70,"Br6471_mid;Br8492_post;Br2743_mid","k2","counts_adj","""$launchDir/data/sce_inter-sample_ro1-dlpfc.rda""","""$launchDir/data/ypb_inter-sample_ro1-dlpfc.rda""","""$launchDir/data/lindex_inter-sample_ro1-dlpfc.rda""","""$launchDir/data/true-proportions_inter-sample_ro1-dlpfc.rda""","deconrnaseq"
71,"Br6423_ant;Br2720_mid;Br2743_ant","k2","counts_adj","""$launchDir/data/sce_inter-sample_ro1-dlpfc.rda""","""$launchDir/data/ypb_inter-sample_ro1-dlpfc.rda""","""$launchDir/data/lindex_inter-sample_ro1-dlpfc.rda""","""$launchDir/data/true-proportions_inter-sample_ro1-dlpfc.rda""","deconrnaseq"
72,"Br3942_mid;Br6423_post;Br6471_mid","k2","counts_adj","""$launchDir/data/sce_inter-sample_ro1-dlpfc.rda""","""$launchDir/data/ypb_inter-sample_ro1-dlpfc.rda""","""$launchDir/data/lindex_inter-sample_ro1-dlpfc.rda""","""$launchDir/data/true-proportions_inter-sample_ro1-dlpfc.rda""","deconrnaseq"
73,"Br6423_post;Br8325_ant;Br8492_post","k2","counts_adj","""$launchDir/data/sce_inter-sample_ro1-dlpfc.rda""","""$launchDir/data/ypb_inter-sample_ro1-dlpfc.rda""","""$launchDir/data/lindex_inter-sample_ro1-dlpfc.rda""","""$launchDir/data/true-proportions_inter-sample_ro1-dlpfc.rda""","deconrnaseq"
74,"Br8492_post;Br6423_ant;Br8492_mid","k2","counts_adj","""$launchDir/data/sce_inter-sample_ro1-dlpfc.rda""","""$launchDir/data/ypb_inter-sample_ro1-dlpfc.rda""","""$launchDir/data/lindex_inter-sample_ro1-dlpfc.rda""","""$launchDir/data/true-proportions_inter-sample_ro1-dlpfc.rda""","deconrnaseq"
75,"Br6423_post;Br6471_mid;Br8492_post","k2","counts_adj","""$launchDir/data/sce_inter-sample_ro1-dlpfc.rda""","""$launchDir/data/ypb_inter-sample_ro1-dlpfc.rda""","""$launchDir/data/lindex_inter-sample_ro1-dlpfc.rda""","""$launchDir/data/true-proportions_inter-sample_ro1-dlpfc.rda""","deconrnaseq"
76,"Br2743_ant;Br6471_mid;Br3942_ant","k2","counts_adj","""$launchDir/data/sce_inter-sample_ro1-dlpfc.rda""","""$launchDir/data/ypb_inter-sample_ro1-dlpfc.rda""","""$launchDir/data/lindex_inter-sample_ro1-dlpfc.rda""","""$launchDir/data/true-proportions_inter-sample_ro1-dlpfc.rda""","deconrnaseq"
77,"Br2743_ant;Br6423_post;Br3942_ant","k2","counts_adj","""$launchDir/data/sce_inter-sample_ro1-dlpfc.rda""","""$launchDir/data/ypb_inter-sample_ro1-dlpfc.rda""","""$launchDir/data/lindex_inter-sample_ro1-dlpfc.rda""","""$launchDir/data/true-proportions_inter-sample_ro1-dlpfc.rda""","deconrnaseq"
78,"Br3942_ant;Br8325_ant;Br2743_mid","k2","counts_adj","""$launchDir/data/sce_inter-sample_ro1-dlpfc.rda""","""$launchDir/data/ypb_inter-sample_ro1-dlpfc.rda""","""$launchDir/data/lindex_inter-sample_ro1-dlpfc.rda""","""$launchDir/data/true-proportions_inter-sample_ro1-dlpfc.rda""","deconrnaseq"
79,"Br8492_mid;Br8325_ant;Br8325_mid","k2","counts_adj","""$launchDir/data/sce_inter-sample_ro1-dlpfc.rda""","""$launchDir/data/ypb_inter-sample_ro1-dlpfc.rda""","""$launchDir/data/lindex_inter-sample_ro1-dlpfc.rda""","""$launchDir/data/true-proportions_inter-sample_ro1-dlpfc.rda""","deconrnaseq"
80,"Br8492_mid;Br2743_ant;Br8325_mid","k2","counts_adj","""$launchDir/data/sce_inter-sample_ro1-dlpfc.rda""","""$launchDir/data/ypb_inter-sample_ro1-dlpfc.rda""","""$launchDir/data/lindex_inter-sample_ro1-dlpfc.rda""","""$launchDir/data/true-proportions_inter-sample_ro1-dlpfc.rda""","deconrnaseq"
81,"Br8492_post;Br6471_mid;Br3942_ant","k2","counts_adj","""$launchDir/data/sce_inter-sample_ro1-dlpfc.rda""","""$launchDir/data/ypb_inter-sample_ro1-dlpfc.rda""","""$launchDir/data/lindex_inter-sample_ro1-dlpfc.rda""","""$launchDir/data/true-proportions_inter-sample_ro1-dlpfc.rda""","deconrnaseq"
82,"Br8492_post;Br6471_mid;Br2720_mid","k2","counts_adj","""$launchDir/data/sce_inter-sample_ro1-dlpfc.rda""","""$launchDir/data/ypb_inter-sample_ro1-dlpfc.rda""","""$launchDir/data/lindex_inter-sample_ro1-dlpfc.rda""","""$launchDir/data/true-proportions_inter-sample_ro1-dlpfc.rda""","deconrnaseq"
83,"Br2743_mid;Br3942_mid;Br8492_mid","k2","counts_adj","""$launchDir/data/sce_inter-sample_ro1-dlpfc.rda""","""$launchDir/data/ypb_inter-sample_ro1-dlpfc.rda""","""$launchDir/data/lindex_inter-sample_ro1-dlpfc.rda""","""$launchDir/data/true-proportions_inter-sample_ro1-dlpfc.rda""","deconrnaseq"
84,"Br2743_mid;Br3942_mid;Br3942_ant","k2","counts_adj","""$launchDir/data/sce_inter-sample_ro1-dlpfc.rda""","""$launchDir/data/ypb_inter-sample_ro1-dlpfc.rda""","""$launchDir/data/lindex_inter-sample_ro1-dlpfc.rda""","""$launchDir/data/true-proportions_inter-sample_ro1-dlpfc.rda""","deconrnaseq"
85,"Br8325_ant;Br6423_ant;Br2720_mid","k2","counts_adj","""$launchDir/data/sce_inter-sample_ro1-dlpfc.rda""","""$launchDir/data/ypb_inter-sample_ro1-dlpfc.rda""","""$launchDir/data/lindex_inter-sample_ro1-dlpfc.rda""","""$launchDir/data/true-proportions_inter-sample_ro1-dlpfc.rda""","deconrnaseq"
86,"Br2720_mid;Br6471_mid;Br6423_post","k2","counts_adj","""$launchDir/data/sce_inter-sample_ro1-dlpfc.rda""","""$launchDir/data/ypb_inter-sample_ro1-dlpfc.rda""","""$launchDir/data/lindex_inter-sample_ro1-dlpfc.rda""","""$launchDir/data/true-proportions_inter-sample_ro1-dlpfc.rda""","deconrnaseq"
87,"Br6471_mid;Br6423_post;Br2743_ant","k2","counts_adj","""$launchDir/data/sce_inter-sample_ro1-dlpfc.rda""","""$launchDir/data/ypb_inter-sample_ro1-dlpfc.rda""","""$launchDir/data/lindex_inter-sample_ro1-dlpfc.rda""","""$launchDir/data/true-proportions_inter-sample_ro1-dlpfc.rda""","deconrnaseq"
88,"Br2720_mid;Br6423_post;Br8325_mid","k2","counts_adj","""$launchDir/data/sce_inter-sample_ro1-dlpfc.rda""","""$launchDir/data/ypb_inter-sample_ro1-dlpfc.rda""","""$launchDir/data/lindex_inter-sample_ro1-dlpfc.rda""","""$launchDir/data/true-proportions_inter-sample_ro1-dlpfc.rda""","deconrnaseq"
89,"Br6423_post;Br2720_mid;Br3942_ant","k2","counts_adj","""$launchDir/data/sce_inter-sample_ro1-dlpfc.rda""","""$launchDir/data/ypb_inter-sample_ro1-dlpfc.rda""","""$launchDir/data/lindex_inter-sample_ro1-dlpfc.rda""","""$launchDir/data/true-proportions_inter-sample_ro1-dlpfc.rda""","deconrnaseq"
90,"Br6423_ant;Br8325_mid;Br6471_mid","k2","counts_adj","""$launchDir/data/sce_inter-sample_ro1-dlpfc.rda""","""$launchDir/data/ypb_inter-sample_ro1-dlpfc.rda""","""$launchDir/data/lindex_inter-sample_ro1-dlpfc.rda""","""$launchDir/data/true-proportions_inter-sample_ro1-dlpfc.rda""","deconrnaseq"
91,"Br2743_mid;Br8492_post;Br6471_mid","k2","counts_adj","""$launchDir/data/sce_inter-sample_ro1-dlpfc.rda""","""$launchDir/data/ypb_inter-sample_ro1-dlpfc.rda""","""$launchDir/data/lindex_inter-sample_ro1-dlpfc.rda""","""$launchDir/data/true-proportions_inter-sample_ro1-dlpfc.rda""","deconrnaseq"
92,"Br3942_ant;Br2743_ant;Br6423_ant","k2","counts_adj","""$launchDir/data/sce_inter-sample_ro1-dlpfc.rda""","""$launchDir/data/ypb_inter-sample_ro1-dlpfc.rda""","""$launchDir/data/lindex_inter-sample_ro1-dlpfc.rda""","""$launchDir/data/true-proportions_inter-sample_ro1-dlpfc.rda""","deconrnaseq"
93,"Br2743_mid;Br8492_post;Br6423_ant","k2","counts_adj","""$launchDir/data/sce_inter-sample_ro1-dlpfc.rda""","""$launchDir/data/ypb_inter-sample_ro1-dlpfc.rda""","""$launchDir/data/lindex_inter-sample_ro1-dlpfc.rda""","""$launchDir/data/true-proportions_inter-sample_ro1-dlpfc.rda""","deconrnaseq"
94,"Br8492_mid;Br8325_ant;Br2743_mid","k2","counts_adj","""$launchDir/data/sce_inter-sample_ro1-dlpfc.rda""","""$launchDir/data/ypb_inter-sample_ro1-dlpfc.rda""","""$launchDir/data/lindex_inter-sample_ro1-dlpfc.rda""","""$launchDir/data/true-proportions_inter-sample_ro1-dlpfc.rda""","deconrnaseq"
95,"Br2743_ant;Br3942_ant;Br8492_mid","k2","counts_adj","""$launchDir/data/sce_inter-sample_ro1-dlpfc.rda""","""$launchDir/data/ypb_inter-sample_ro1-dlpfc.rda""","""$launchDir/data/lindex_inter-sample_ro1-dlpfc.rda""","""$launchDir/data/true-proportions_inter-sample_ro1-dlpfc.rda""","deconrnaseq"
96,"Br8492_mid;Br8325_ant;Br6423_post","k2","counts_adj","""$launchDir/data/sce_inter-sample_ro1-dlpfc.rda""","""$launchDir/data/ypb_inter-sample_ro1-dlpfc.rda""","""$launchDir/data/lindex_inter-sample_ro1-dlpfc.rda""","""$launchDir/data/true-proportions_inter-sample_ro1-dlpfc.rda""","deconrnaseq"
97,"Br2720_mid;Br8325_mid;Br3942_mid","k2","counts_adj","""$launchDir/data/sce_inter-sample_ro1-dlpfc.rda""","""$launchDir/data/ypb_inter-sample_ro1-dlpfc.rda""","""$launchDir/data/lindex_inter-sample_ro1-dlpfc.rda""","""$launchDir/data/true-proportions_inter-sample_ro1-dlpfc.rda""","deconrnaseq"
98,"Br8492_mid;Br3942_ant;Br8325_ant","k2","counts_adj","""$launchDir/data/sce_inter-sample_ro1-dlpfc.rda""","""$launchDir/data/ypb_inter-sample_ro1-dlpfc.rda""","""$launchDir/data/lindex_inter-sample_ro1-dlpfc.rda""","""$launchDir/data/true-proportions_inter-sample_ro1-dlpfc.rda""","deconrnaseq"
99,"Br8325_ant;Br2743_mid;Br6471_mid","k2","counts_adj","""$launchDir/data/sce_inter-sample_ro1-dlpfc.rda""","""$launchDir/data/ypb_inter-sample_ro1-dlpfc.rda""","""$launchDir/data/lindex_inter-sample_ro1-dlpfc.rda""","""$launchDir/data/true-proportions_inter-sample_ro1-dlpfc.rda""","deconrnaseq"
100,"Br8325_mid;Br8492_mid;Br8492_post","k2","counts_adj","""$launchDir/data/sce_inter-sample_ro1-dlpfc.rda""","""$launchDir/data/ypb_inter-sample_ro1-dlpfc.rda""","""$launchDir/data/lindex_inter-sample_ro1-dlpfc.rda""","""$launchDir/data/true-proportions_inter-sample_ro1-dlpfc.rda""","deconrnaseq"
101,"Br3942_ant;Br3942_mid;Br6471_mid","k2","counts_adj","""$launchDir/data/sce_inter-sample_ro1-dlpfc.rda""","""$launchDir/data/ypb_inter-sample_ro1-dlpfc.rda""","""$launchDir/data/lindex_inter-sample_ro1-dlpfc.rda""","""$launchDir/data/true-proportions_inter-sample_ro1-dlpfc.rda""","deconrnaseq"
102,"Br6471_mid;Br8492_post;Br2743_ant","k2","counts_adj","""$launchDir/data/sce_inter-sample_ro1-dlpfc.rda""","""$launchDir/data/ypb_inter-sample_ro1-dlpfc.rda""","""$launchDir/data/lindex_inter-sample_ro1-dlpfc.rda""","""$launchDir/data/true-proportions_inter-sample_ro1-dlpfc.rda""","deconrnaseq"
103,"Br8492_post;Br2743_mid;Br6471_mid","k2","counts_adj","""$launchDir/data/sce_inter-sample_ro1-dlpfc.rda""","""$launchDir/data/ypb_inter-sample_ro1-dlpfc.rda""","""$launchDir/data/lindex_inter-sample_ro1-dlpfc.rda""","""$launchDir/data/true-proportions_inter-sample_ro1-dlpfc.rda""","deconrnaseq"
104,"Br6423_ant;Br3942_mid;Br6423_post","k2","counts_adj","""$launchDir/data/sce_inter-sample_ro1-dlpfc.rda""","""$launchDir/data/ypb_inter-sample_ro1-dlpfc.rda""","""$launchDir/data/lindex_inter-sample_ro1-dlpfc.rda""","""$launchDir/data/true-proportions_inter-sample_ro1-dlpfc.rda""","deconrnaseq"
105,"Br6471_mid;Br8325_ant;Br8492_post","k2","counts_adj","""$launchDir/data/sce_inter-sample_ro1-dlpfc.rda""","""$launchDir/data/ypb_inter-sample_ro1-dlpfc.rda""","""$launchDir/data/lindex_inter-sample_ro1-dlpfc.rda""","""$launchDir/data/true-proportions_inter-sample_ro1-dlpfc.rda""","deconrnaseq"
106,"Br8325_mid;Br2743_mid;Br6423_ant","k2","counts_adj","""$launchDir/data/sce_inter-sample_ro1-dlpfc.rda""","""$launchDir/data/ypb_inter-sample_ro1-dlpfc.rda""","""$launchDir/data/lindex_inter-sample_ro1-dlpfc.rda""","""$launchDir/data/true-proportions_inter-sample_ro1-dlpfc.rda""","deconrnaseq"
107,"Br3942_ant;Br3942_mid;Br2720_mid","k2","counts_adj","""$launchDir/data/sce_inter-sample_ro1-dlpfc.rda""","""$launchDir/data/ypb_inter-sample_ro1-dlpfc.rda""","""$launchDir/data/lindex_inter-sample_ro1-dlpfc.rda""","""$launchDir/data/true-proportions_inter-sample_ro1-dlpfc.rda""","deconrnaseq"
108,"Br2743_mid;Br8492_mid;Br2743_ant","k2","counts_adj","""$launchDir/data/sce_inter-sample_ro1-dlpfc.rda""","""$launchDir/data/ypb_inter-sample_ro1-dlpfc.rda""","""$launchDir/data/lindex_inter-sample_ro1-dlpfc.rda""","""$launchDir/data/true-proportions_inter-sample_ro1-dlpfc.rda""","deconrnaseq"
109,"Br8492_mid;Br2743_mid;Br8325_ant","k2","counts_adj","""$launchDir/data/sce_inter-sample_ro1-dlpfc.rda""","""$launchDir/data/ypb_inter-sample_ro1-dlpfc.rda""","""$launchDir/data/lindex_inter-sample_ro1-dlpfc.rda""","""$launchDir/data/true-proportions_inter-sample_ro1-dlpfc.rda""","deconrnaseq"
110,"Br3942_ant;Br3942_mid;Br8492_mid","k2","counts_adj","""$launchDir/data/sce_inter-sample_ro1-dlpfc.rda""","""$launchDir/data/ypb_inter-sample_ro1-dlpfc.rda""","""$launchDir/data/lindex_inter-sample_ro1-dlpfc.rda""","""$launchDir/data/true-proportions_inter-sample_ro1-dlpfc.rda""","deconrnaseq"
111,"Br8325_ant;Br2720_mid;Br6423_ant","k2","counts_adj","""$launchDir/data/sce_inter-sample_ro1-dlpfc.rda""","""$launchDir/data/ypb_inter-sample_ro1-dlpfc.rda""","""$launchDir/data/lindex_inter-sample_ro1-dlpfc.rda""","""$launchDir/data/true-proportions_inter-sample_ro1-dlpfc.rda""","deconrnaseq"
112,"Br6423_ant;Br8492_post;Br3942_ant","k2","counts_adj","""$launchDir/data/sce_inter-sample_ro1-dlpfc.rda""","""$launchDir/data/ypb_inter-sample_ro1-dlpfc.rda""","""$launchDir/data/lindex_inter-sample_ro1-dlpfc.rda""","""$launchDir/data/true-proportions_inter-sample_ro1-dlpfc.rda""","deconrnaseq"
113,"Br8325_mid;Br2743_mid;Br3942_mid","k2","counts_adj","""$launchDir/data/sce_inter-sample_ro1-dlpfc.rda""","""$launchDir/data/ypb_inter-sample_ro1-dlpfc.rda""","""$launchDir/data/lindex_inter-sample_ro1-dlpfc.rda""","""$launchDir/data/true-proportions_inter-sample_ro1-dlpfc.rda""","deconrnaseq"
114,"Br8492_post;Br8325_mid;Br2743_ant","k2","counts_adj","""$launchDir/data/sce_inter-sample_ro1-dlpfc.rda""","""$launchDir/data/ypb_inter-sample_ro1-dlpfc.rda""","""$launchDir/data/lindex_inter-sample_ro1-dlpfc.rda""","""$launchDir/data/true-proportions_inter-sample_ro1-dlpfc.rda""","deconrnaseq"
115,"Br2743_mid;Br3942_ant;Br2720_mid","k2","counts_adj","""$launchDir/data/sce_inter-sample_ro1-dlpfc.rda""","""$launchDir/data/ypb_inter-sample_ro1-dlpfc.rda""","""$launchDir/data/lindex_inter-sample_ro1-dlpfc.rda""","""$launchDir/data/true-proportions_inter-sample_ro1-dlpfc.rda""","deconrnaseq"
116,"Br6423_post;Br6423_ant;Br2743_ant","k2","counts_adj","""$launchDir/data/sce_inter-sample_ro1-dlpfc.rda""","""$launchDir/data/ypb_inter-sample_ro1-dlpfc.rda""","""$launchDir/data/lindex_inter-sample_ro1-dlpfc.rda""","""$launchDir/data/true-proportions_inter-sample_ro1-dlpfc.rda""","deconrnaseq"
117,"Br8492_mid;Br8325_mid;Br3942_mid","k2","counts_adj","""$launchDir/data/sce_inter-sample_ro1-dlpfc.rda""","""$launchDir/data/ypb_inter-sample_ro1-dlpfc.rda""","""$launchDir/data/lindex_inter-sample_ro1-dlpfc.rda""","""$launchDir/data/true-proportions_inter-sample_ro1-dlpfc.rda""","deconrnaseq"
118,"Br8325_ant;Br6423_ant;Br2743_mid","k2","counts_adj","""$launchDir/data/sce_inter-sample_ro1-dlpfc.rda""","""$launchDir/data/ypb_inter-sample_ro1-dlpfc.rda""","""$launchDir/data/lindex_inter-sample_ro1-dlpfc.rda""","""$launchDir/data/true-proportions_inter-sample_ro1-dlpfc.rda""","deconrnaseq"
119,"Br2720_mid;Br8492_mid;Br6471_mid","k2","counts_adj","""$launchDir/data/sce_inter-sample_ro1-dlpfc.rda""","""$launchDir/data/ypb_inter-sample_ro1-dlpfc.rda""","""$launchDir/data/lindex_inter-sample_ro1-dlpfc.rda""","""$launchDir/data/true-proportions_inter-sample_ro1-dlpfc.rda""","deconrnaseq"
120,"Br8325_ant;Br8492_mid;Br3942_mid","k2","counts_adj","""$launchDir/data/sce_inter-sample_ro1-dlpfc.rda""","""$launchDir/data/ypb_inter-sample_ro1-dlpfc.rda""","""$launchDir/data/lindex_inter-sample_ro1-dlpfc.rda""","""$launchDir/data/true-proportions_inter-sample_ro1-dlpfc.rda""","deconrnaseq"
121,"Br2720_mid;Br6423_ant;Br3942_mid","k2","counts_adj","""$launchDir/data/sce_inter-sample_ro1-dlpfc.rda""","""$launchDir/data/ypb_inter-sample_ro1-dlpfc.rda""","""$launchDir/data/lindex_inter-sample_ro1-dlpfc.rda""","""$launchDir/data/true-proportions_inter-sample_ro1-dlpfc.rda""","deconrnaseq"
122,"Br6423_post;Br6471_mid;Br8492_mid","k2","counts_adj","""$launchDir/data/sce_inter-sample_ro1-dlpfc.rda""","""$launchDir/data/ypb_inter-sample_ro1-dlpfc.rda""","""$launchDir/data/lindex_inter-sample_ro1-dlpfc.rda""","""$launchDir/data/true-proportions_inter-sample_ro1-dlpfc.rda""","deconrnaseq"
123,"Br3942_ant;Br3942_mid;Br6423_ant","k2","counts_adj","""$launchDir/data/sce_inter-sample_ro1-dlpfc.rda""","""$launchDir/data/ypb_inter-sample_ro1-dlpfc.rda""","""$launchDir/data/lindex_inter-sample_ro1-dlpfc.rda""","""$launchDir/data/true-proportions_inter-sample_ro1-dlpfc.rda""","deconrnaseq"
124,"Br2720_mid;Br6423_ant;Br3942_ant","k2","counts_adj","""$launchDir/data/sce_inter-sample_ro1-dlpfc.rda""","""$launchDir/data/ypb_inter-sample_ro1-dlpfc.rda""","""$launchDir/data/lindex_inter-sample_ro1-dlpfc.rda""","""$launchDir/data/true-proportions_inter-sample_ro1-dlpfc.rda""","deconrnaseq"
125,"Br8325_ant;Br3942_ant;Br2720_mid","k2","counts_adj","""$launchDir/data/sce_inter-sample_ro1-dlpfc.rda""","""$launchDir/data/ypb_inter-sample_ro1-dlpfc.rda""","""$launchDir/data/lindex_inter-sample_ro1-dlpfc.rda""","""$launchDir/data/true-proportions_inter-sample_ro1-dlpfc.rda""","deconrnaseq"
126,"Br8492_post;Br6423_ant;Br6423_post","k2","counts_adj","""$launchDir/data/sce_inter-sample_ro1-dlpfc.rda""","""$launchDir/data/ypb_inter-sample_ro1-dlpfc.rda""","""$launchDir/data/lindex_inter-sample_ro1-dlpfc.rda""","""$launchDir/data/true-proportions_inter-sample_ro1-dlpfc.rda""","deconrnaseq"
127,"Br8492_mid;Br6423_post;Br2720_mid","k2","counts_adj","""$launchDir/data/sce_inter-sample_ro1-dlpfc.rda""","""$launchDir/data/ypb_inter-sample_ro1-dlpfc.rda""","""$launchDir/data/lindex_inter-sample_ro1-dlpfc.rda""","""$launchDir/data/true-proportions_inter-sample_ro1-dlpfc.rda""","deconrnaseq"
128,"Br3942_ant;Br8325_mid;Br3942_mid","k2","counts_adj","""$launchDir/data/sce_inter-sample_ro1-dlpfc.rda""","""$launchDir/data/ypb_inter-sample_ro1-dlpfc.rda""","""$launchDir/data/lindex_inter-sample_ro1-dlpfc.rda""","""$launchDir/data/true-proportions_inter-sample_ro1-dlpfc.rda""","deconrnaseq"
129,"Br2743_mid;Br8325_mid;Br6423_post","k2","counts_adj","""$launchDir/data/sce_inter-sample_ro1-dlpfc.rda""","""$launchDir/data/ypb_inter-sample_ro1-dlpfc.rda""","""$launchDir/data/lindex_inter-sample_ro1-dlpfc.rda""","""$launchDir/data/true-proportions_inter-sample_ro1-dlpfc.rda""","deconrnaseq"
130,"Br2720_mid;Br6471_mid;Br6423_ant","k2","counts_adj","""$launchDir/data/sce_inter-sample_ro1-dlpfc.rda""","""$launchDir/data/ypb_inter-sample_ro1-dlpfc.rda""","""$launchDir/data/lindex_inter-sample_ro1-dlpfc.rda""","""$launchDir/data/true-proportions_inter-sample_ro1-dlpfc.rda""","deconrnaseq"
131,"Br2743_mid;Br6423_post;Br8492_mid","k2","counts_adj","""$launchDir/data/sce_inter-sample_ro1-dlpfc.rda""","""$launchDir/data/ypb_inter-sample_ro1-dlpfc.rda""","""$launchDir/data/lindex_inter-sample_ro1-dlpfc.rda""","""$launchDir/data/true-proportions_inter-sample_ro1-dlpfc.rda""","deconrnaseq"
132,"Br2720_mid;Br6423_post;Br8492_post","k2","counts_adj","""$launchDir/data/sce_inter-sample_ro1-dlpfc.rda""","""$launchDir/data/ypb_inter-sample_ro1-dlpfc.rda""","""$launchDir/data/lindex_inter-sample_ro1-dlpfc.rda""","""$launchDir/data/true-proportions_inter-sample_ro1-dlpfc.rda""","deconrnaseq"
133,"Br6471_mid;Br3942_mid;Br2743_mid","k2","counts_adj","""$launchDir/data/sce_inter-sample_ro1-dlpfc.rda""","""$launchDir/data/ypb_inter-sample_ro1-dlpfc.rda""","""$launchDir/data/lindex_inter-sample_ro1-dlpfc.rda""","""$launchDir/data/true-proportions_inter-sample_ro1-dlpfc.rda""","deconrnaseq"
134,"Br3942_ant;Br3942_mid;Br8492_mid","k2","counts_adj","""$launchDir/data/sce_inter-sample_ro1-dlpfc.rda""","""$launchDir/data/ypb_inter-sample_ro1-dlpfc.rda""","""$launchDir/data/lindex_inter-sample_ro1-dlpfc.rda""","""$launchDir/data/true-proportions_inter-sample_ro1-dlpfc.rda""","deconrnaseq"
135,"Br2720_mid;Br6471_mid;Br2743_ant","k2","counts_adj","""$launchDir/data/sce_inter-sample_ro1-dlpfc.rda""","""$launchDir/data/ypb_inter-sample_ro1-dlpfc.rda""","""$launchDir/data/lindex_inter-sample_ro1-dlpfc.rda""","""$launchDir/data/true-proportions_inter-sample_ro1-dlpfc.rda""","deconrnaseq"
136,"Br8325_ant;Br3942_mid;Br8325_mid","k2","counts_adj","""$launchDir/data/sce_inter-sample_ro1-dlpfc.rda""","""$launchDir/data/ypb_inter-sample_ro1-dlpfc.rda""","""$launchDir/data/lindex_inter-sample_ro1-dlpfc.rda""","""$launchDir/data/true-proportions_inter-sample_ro1-dlpfc.rda""","deconrnaseq"
137,"Br6423_post;Br2743_mid;Br8492_post","k2","counts_adj","""$launchDir/data/sce_inter-sample_ro1-dlpfc.rda""","""$launchDir/data/ypb_inter-sample_ro1-dlpfc.rda""","""$launchDir/data/lindex_inter-sample_ro1-dlpfc.rda""","""$launchDir/data/true-proportions_inter-sample_ro1-dlpfc.rda""","deconrnaseq"
138,"Br8325_ant;Br2743_mid;Br6423_ant","k2","counts_adj","""$launchDir/data/sce_inter-sample_ro1-dlpfc.rda""","""$launchDir/data/ypb_inter-sample_ro1-dlpfc.rda""","""$launchDir/data/lindex_inter-sample_ro1-dlpfc.rda""","""$launchDir/data/true-proportions_inter-sample_ro1-dlpfc.rda""","deconrnaseq"
139,"Br8492_mid;Br2743_mid;Br6471_mid","k2","counts_adj","""$launchDir/data/sce_inter-sample_ro1-dlpfc.rda""","""$launchDir/data/ypb_inter-sample_ro1-dlpfc.rda""","""$launchDir/data/lindex_inter-sample_ro1-dlpfc.rda""","""$launchDir/data/true-proportions_inter-sample_ro1-dlpfc.rda""","deconrnaseq"
140,"Br6471_mid;Br2743_mid;Br2720_mid","k2","counts_adj","""$launchDir/data/sce_inter-sample_ro1-dlpfc.rda""","""$launchDir/data/ypb_inter-sample_ro1-dlpfc.rda""","""$launchDir/data/lindex_inter-sample_ro1-dlpfc.rda""","""$launchDir/data/true-proportions_inter-sample_ro1-dlpfc.rda""","deconrnaseq"
141,"Br6423_ant;Br6423_post;Br2743_ant","k2","counts_adj","""$launchDir/data/sce_inter-sample_ro1-dlpfc.rda""","""$launchDir/data/ypb_inter-sample_ro1-dlpfc.rda""","""$launchDir/data/lindex_inter-sample_ro1-dlpfc.rda""","""$launchDir/data/true-proportions_inter-sample_ro1-dlpfc.rda""","deconrnaseq"
142,"Br3942_mid;Br2720_mid;Br8325_ant","k2","counts_adj","""$launchDir/data/sce_inter-sample_ro1-dlpfc.rda""","""$launchDir/data/ypb_inter-sample_ro1-dlpfc.rda""","""$launchDir/data/lindex_inter-sample_ro1-dlpfc.rda""","""$launchDir/data/true-proportions_inter-sample_ro1-dlpfc.rda""","deconrnaseq"
143,"Br6423_ant;Br2743_ant;Br6423_post","k2","counts_adj","""$launchDir/data/sce_inter-sample_ro1-dlpfc.rda""","""$launchDir/data/ypb_inter-sample_ro1-dlpfc.rda""","""$launchDir/data/lindex_inter-sample_ro1-dlpfc.rda""","""$launchDir/data/true-proportions_inter-sample_ro1-dlpfc.rda""","deconrnaseq"
144,"Br2743_ant;Br8492_mid;Br8325_ant","k2","counts_adj","""$launchDir/data/sce_inter-sample_ro1-dlpfc.rda""","""$launchDir/data/ypb_inter-sample_ro1-dlpfc.rda""","""$launchDir/data/lindex_inter-sample_ro1-dlpfc.rda""","""$launchDir/data/true-proportions_inter-sample_ro1-dlpfc.rda""","deconrnaseq"
145,"Br3942_ant;Br3942_mid;Br6471_mid","k2","counts_adj","""$launchDir/data/sce_inter-sample_ro1-dlpfc.rda""","""$launchDir/data/ypb_inter-sample_ro1-dlpfc.rda""","""$launchDir/data/lindex_inter-sample_ro1-dlpfc.rda""","""$launchDir/data/true-proportions_inter-sample_ro1-dlpfc.rda""","deconrnaseq"
146,"Br3942_mid;Br6471_mid;Br2743_ant","k2","counts_adj","""$launchDir/data/sce_inter-sample_ro1-dlpfc.rda""","""$launchDir/data/ypb_inter-sample_ro1-dlpfc.rda""","""$launchDir/data/lindex_inter-sample_ro1-dlpfc.rda""","""$launchDir/data/true-proportions_inter-sample_ro1-dlpfc.rda""","deconrnaseq"
147,"Br8492_mid;Br8325_mid;Br6423_ant","k2","counts_adj","""$launchDir/data/sce_inter-sample_ro1-dlpfc.rda""","""$launchDir/data/ypb_inter-sample_ro1-dlpfc.rda""","""$launchDir/data/lindex_inter-sample_ro1-dlpfc.rda""","""$launchDir/data/true-proportions_inter-sample_ro1-dlpfc.rda""","deconrnaseq"
148,"Br2720_mid;Br2743_ant;Br8325_mid","k2","counts_adj","""$launchDir/data/sce_inter-sample_ro1-dlpfc.rda""","""$launchDir/data/ypb_inter-sample_ro1-dlpfc.rda""","""$launchDir/data/lindex_inter-sample_ro1-dlpfc.rda""","""$launchDir/data/true-proportions_inter-sample_ro1-dlpfc.rda""","deconrnaseq"
149,"Br6423_ant;Br6471_mid;Br8492_post","k2","counts_adj","""$launchDir/data/sce_inter-sample_ro1-dlpfc.rda""","""$launchDir/data/ypb_inter-sample_ro1-dlpfc.rda""","""$launchDir/data/lindex_inter-sample_ro1-dlpfc.rda""","""$launchDir/data/true-proportions_inter-sample_ro1-dlpfc.rda""","deconrnaseq"
150,"Br8325_mid;Br6423_ant;Br3942_ant","k2","counts_adj","""$launchDir/data/sce_inter-sample_ro1-dlpfc.rda""","""$launchDir/data/ypb_inter-sample_ro1-dlpfc.rda""","""$launchDir/data/lindex_inter-sample_ro1-dlpfc.rda""","""$launchDir/data/true-proportions_inter-sample_ro1-dlpfc.rda""","deconrnaseq"
151,"Br3942_ant;Br2720_mid;Br2743_mid","k2","counts_adj","""$launchDir/data/sce_inter-sample_ro1-dlpfc.rda""","""$launchDir/data/ypb_inter-sample_ro1-dlpfc.rda""","""$launchDir/data/lindex_inter-sample_ro1-dlpfc.rda""","""$launchDir/data/true-proportions_inter-sample_ro1-dlpfc.rda""","deconrnaseq"
152,"Br2743_mid;Br2720_mid;Br6423_ant","k2","counts_adj","""$launchDir/data/sce_inter-sample_ro1-dlpfc.rda""","""$launchDir/data/ypb_inter-sample_ro1-dlpfc.rda""","""$launchDir/data/lindex_inter-sample_ro1-dlpfc.rda""","""$launchDir/data/true-proportions_inter-sample_ro1-dlpfc.rda""","deconrnaseq"
153,"Br6471_mid;Br6423_ant;Br2743_mid","k2","counts_adj","""$launchDir/data/sce_inter-sample_ro1-dlpfc.rda""","""$launchDir/data/ypb_inter-sample_ro1-dlpfc.rda""","""$launchDir/data/lindex_inter-sample_ro1-dlpfc.rda""","""$launchDir/data/true-proportions_inter-sample_ro1-dlpfc.rda""","deconrnaseq"
154,"Br6471_mid;Br6423_ant;Br2743_mid","k2","counts_adj","""$launchDir/data/sce_inter-sample_ro1-dlpfc.rda""","""$launchDir/data/ypb_inter-sample_ro1-dlpfc.rda""","""$launchDir/data/lindex_inter-sample_ro1-dlpfc.rda""","""$launchDir/data/true-proportions_inter-sample_ro1-dlpfc.rda""","deconrnaseq"
155,"Br6423_post;Br2743_ant;Br2720_mid","k2","counts_adj","""$launchDir/data/sce_inter-sample_ro1-dlpfc.rda""","""$launchDir/data/ypb_inter-sample_ro1-dlpfc.rda""","""$launchDir/data/lindex_inter-sample_ro1-dlpfc.rda""","""$launchDir/data/true-proportions_inter-sample_ro1-dlpfc.rda""","deconrnaseq"
156,"Br2743_mid;Br3942_mid;Br2743_ant","k2","counts_adj","""$launchDir/data/sce_inter-sample_ro1-dlpfc.rda""","""$launchDir/data/ypb_inter-sample_ro1-dlpfc.rda""","""$launchDir/data/lindex_inter-sample_ro1-dlpfc.rda""","""$launchDir/data/true-proportions_inter-sample_ro1-dlpfc.rda""","deconrnaseq"
157,"Br8325_mid;Br6423_post;Br6471_mid","k2","counts_adj","""$launchDir/data/sce_inter-sample_ro1-dlpfc.rda""","""$launchDir/data/ypb_inter-sample_ro1-dlpfc.rda""","""$launchDir/data/lindex_inter-sample_ro1-dlpfc.rda""","""$launchDir/data/true-proportions_inter-sample_ro1-dlpfc.rda""","deconrnaseq"
158,"Br6471_mid;Br2720_mid;Br8325_mid","k2","counts_adj","""$launchDir/data/sce_inter-sample_ro1-dlpfc.rda""","""$launchDir/data/ypb_inter-sample_ro1-dlpfc.rda""","""$launchDir/data/lindex_inter-sample_ro1-dlpfc.rda""","""$launchDir/data/true-proportions_inter-sample_ro1-dlpfc.rda""","deconrnaseq"
159,"Br2743_mid;Br3942_ant;Br2720_mid","k2","counts_adj","""$launchDir/data/sce_inter-sample_ro1-dlpfc.rda""","""$launchDir/data/ypb_inter-sample_ro1-dlpfc.rda""","""$launchDir/data/lindex_inter-sample_ro1-dlpfc.rda""","""$launchDir/data/true-proportions_inter-sample_ro1-dlpfc.rda""","deconrnaseq"
160,"Br6471_mid;Br2720_mid;Br6423_post","k2","counts_adj","""$launchDir/data/sce_inter-sample_ro1-dlpfc.rda""","""$launchDir/data/ypb_inter-sample_ro1-dlpfc.rda""","""$launchDir/data/lindex_inter-sample_ro1-dlpfc.rda""","""$launchDir/data/true-proportions_inter-sample_ro1-dlpfc.rda""","deconrnaseq"
161,"Br8325_ant;Br2743_ant;Br6423_ant","k2","counts_adj","""$launchDir/data/sce_inter-sample_ro1-dlpfc.rda""","""$launchDir/data/ypb_inter-sample_ro1-dlpfc.rda""","""$launchDir/data/lindex_inter-sample_ro1-dlpfc.rda""","""$launchDir/data/true-proportions_inter-sample_ro1-dlpfc.rda""","deconrnaseq"
162,"Br3942_ant;Br8325_ant;Br8492_mid","k2","counts_adj","""$launchDir/data/sce_inter-sample_ro1-dlpfc.rda""","""$launchDir/data/ypb_inter-sample_ro1-dlpfc.rda""","""$launchDir/data/lindex_inter-sample_ro1-dlpfc.rda""","""$launchDir/data/true-proportions_inter-sample_ro1-dlpfc.rda""","deconrnaseq"
163,"Br8325_mid;Br6423_post;Br2720_mid","k2","counts_adj","""$launchDir/data/sce_inter-sample_ro1-dlpfc.rda""","""$launchDir/data/ypb_inter-sample_ro1-dlpfc.rda""","""$launchDir/data/lindex_inter-sample_ro1-dlpfc.rda""","""$launchDir/data/true-proportions_inter-sample_ro1-dlpfc.rda""","deconrnaseq"
164,"Br8325_ant;Br6423_ant;Br3942_mid","k2","counts_adj","""$launchDir/data/sce_inter-sample_ro1-dlpfc.rda""","""$launchDir/data/ypb_inter-sample_ro1-dlpfc.rda""","""$launchDir/data/lindex_inter-sample_ro1-dlpfc.rda""","""$launchDir/data/true-proportions_inter-sample_ro1-dlpfc.rda""","deconrnaseq"
165,"Br2743_mid;Br3942_mid;Br3942_ant","k2","counts_adj","""$launchDir/data/sce_inter-sample_ro1-dlpfc.rda""","""$launchDir/data/ypb_inter-sample_ro1-dlpfc.rda""","""$launchDir/data/lindex_inter-sample_ro1-dlpfc.rda""","""$launchDir/data/true-proportions_inter-sample_ro1-dlpfc.rda""","deconrnaseq"
166,"Br3942_mid;Br8492_post;Br8492_mid","k2","counts_adj","""$launchDir/data/sce_inter-sample_ro1-dlpfc.rda""","""$launchDir/data/ypb_inter-sample_ro1-dlpfc.rda""","""$launchDir/data/lindex_inter-sample_ro1-dlpfc.rda""","""$launchDir/data/true-proportions_inter-sample_ro1-dlpfc.rda""","deconrnaseq"
167,"Br8325_ant;Br8492_post;Br3942_ant","k2","counts_adj","""$launchDir/data/sce_inter-sample_ro1-dlpfc.rda""","""$launchDir/data/ypb_inter-sample_ro1-dlpfc.rda""","""$launchDir/data/lindex_inter-sample_ro1-dlpfc.rda""","""$launchDir/data/true-proportions_inter-sample_ro1-dlpfc.rda""","deconrnaseq"
168,"Br6423_ant;Br2743_ant;Br8492_post","k2","counts_adj","""$launchDir/data/sce_inter-sample_ro1-dlpfc.rda""","""$launchDir/data/ypb_inter-sample_ro1-dlpfc.rda""","""$launchDir/data/lindex_inter-sample_ro1-dlpfc.rda""","""$launchDir/data/true-proportions_inter-sample_ro1-dlpfc.rda""","deconrnaseq"
169,"Br8492_post;Br6423_ant;Br8492_mid","k2","counts_adj","""$launchDir/data/sce_inter-sample_ro1-dlpfc.rda""","""$launchDir/data/ypb_inter-sample_ro1-dlpfc.rda""","""$launchDir/data/lindex_inter-sample_ro1-dlpfc.rda""","""$launchDir/data/true-proportions_inter-sample_ro1-dlpfc.rda""","deconrnaseq"
170,"Br6423_post;Br8325_mid;Br3942_mid","k2","counts_adj","""$launchDir/data/sce_inter-sample_ro1-dlpfc.rda""","""$launchDir/data/ypb_inter-sample_ro1-dlpfc.rda""","""$launchDir/data/lindex_inter-sample_ro1-dlpfc.rda""","""$launchDir/data/true-proportions_inter-sample_ro1-dlpfc.rda""","deconrnaseq"
171,"Br2743_mid;Br2743_ant;Br8492_post","k2","counts_adj","""$launchDir/data/sce_inter-sample_ro1-dlpfc.rda""","""$launchDir/data/ypb_inter-sample_ro1-dlpfc.rda""","""$launchDir/data/lindex_inter-sample_ro1-dlpfc.rda""","""$launchDir/data/true-proportions_inter-sample_ro1-dlpfc.rda""","deconrnaseq"
172,"Br3942_ant;Br6471_mid;Br2743_ant","k2","counts_adj","""$launchDir/data/sce_inter-sample_ro1-dlpfc.rda""","""$launchDir/data/ypb_inter-sample_ro1-dlpfc.rda""","""$launchDir/data/lindex_inter-sample_ro1-dlpfc.rda""","""$launchDir/data/true-proportions_inter-sample_ro1-dlpfc.rda""","deconrnaseq"
173,"Br6471_mid;Br8325_mid;Br2743_mid","k2","counts_adj","""$launchDir/data/sce_inter-sample_ro1-dlpfc.rda""","""$launchDir/data/ypb_inter-sample_ro1-dlpfc.rda""","""$launchDir/data/lindex_inter-sample_ro1-dlpfc.rda""","""$launchDir/data/true-proportions_inter-sample_ro1-dlpfc.rda""","deconrnaseq"
174,"Br2743_ant;Br8492_mid;Br8325_ant","k2","counts_adj","""$launchDir/data/sce_inter-sample_ro1-dlpfc.rda""","""$launchDir/data/ypb_inter-sample_ro1-dlpfc.rda""","""$launchDir/data/lindex_inter-sample_ro1-dlpfc.rda""","""$launchDir/data/true-proportions_inter-sample_ro1-dlpfc.rda""","deconrnaseq"
175,"Br6471_mid;Br3942_ant;Br2743_ant","k2","counts_adj","""$launchDir/data/sce_inter-sample_ro1-dlpfc.rda""","""$launchDir/data/ypb_inter-sample_ro1-dlpfc.rda""","""$launchDir/data/lindex_inter-sample_ro1-dlpfc.rda""","""$launchDir/data/true-proportions_inter-sample_ro1-dlpfc.rda""","deconrnaseq"
176,"Br6423_post;Br2743_mid;Br8325_mid","k2","counts_adj","""$launchDir/data/sce_inter-sample_ro1-dlpfc.rda""","""$launchDir/data/ypb_inter-sample_ro1-dlpfc.rda""","""$launchDir/data/lindex_inter-sample_ro1-dlpfc.rda""","""$launchDir/data/true-proportions_inter-sample_ro1-dlpfc.rda""","deconrnaseq"
177,"Br8325_mid;Br3942_mid;Br8492_mid","k2","counts_adj","""$launchDir/data/sce_inter-sample_ro1-dlpfc.rda""","""$launchDir/data/ypb_inter-sample_ro1-dlpfc.rda""","""$launchDir/data/lindex_inter-sample_ro1-dlpfc.rda""","""$launchDir/data/true-proportions_inter-sample_ro1-dlpfc.rda""","deconrnaseq"
178,"Br8492_mid;Br2743_ant;Br2720_mid","k2","counts_adj","""$launchDir/data/sce_inter-sample_ro1-dlpfc.rda""","""$launchDir/data/ypb_inter-sample_ro1-dlpfc.rda""","""$launchDir/data/lindex_inter-sample_ro1-dlpfc.rda""","""$launchDir/data/true-proportions_inter-sample_ro1-dlpfc.rda""","deconrnaseq"
179,"Br6471_mid;Br3942_ant;Br6423_ant","k2","counts_adj","""$launchDir/data/sce_inter-sample_ro1-dlpfc.rda""","""$launchDir/data/ypb_inter-sample_ro1-dlpfc.rda""","""$launchDir/data/lindex_inter-sample_ro1-dlpfc.rda""","""$launchDir/data/true-proportions_inter-sample_ro1-dlpfc.rda""","deconrnaseq"
180,"Br8492_mid;Br3942_mid;Br6423_post","k2","counts_adj","""$launchDir/data/sce_inter-sample_ro1-dlpfc.rda""","""$launchDir/data/ypb_inter-sample_ro1-dlpfc.rda""","""$launchDir/data/lindex_inter-sample_ro1-dlpfc.rda""","""$launchDir/data/true-proportions_inter-sample_ro1-dlpfc.rda""","deconrnaseq"
181,"Br8325_ant;Br2743_ant;Br6471_mid","k2","counts_adj","""$launchDir/data/sce_inter-sample_ro1-dlpfc.rda""","""$launchDir/data/ypb_inter-sample_ro1-dlpfc.rda""","""$launchDir/data/lindex_inter-sample_ro1-dlpfc.rda""","""$launchDir/data/true-proportions_inter-sample_ro1-dlpfc.rda""","deconrnaseq"
182,"Br8492_mid;Br8492_post;Br8325_mid","k2","counts_adj","""$launchDir/data/sce_inter-sample_ro1-dlpfc.rda""","""$launchDir/data/ypb_inter-sample_ro1-dlpfc.rda""","""$launchDir/data/lindex_inter-sample_ro1-dlpfc.rda""","""$launchDir/data/true-proportions_inter-sample_ro1-dlpfc.rda""","deconrnaseq"
183,"Br8325_mid;Br6471_mid;Br8325_ant","k2","counts_adj","""$launchDir/data/sce_inter-sample_ro1-dlpfc.rda""","""$launchDir/data/ypb_inter-sample_ro1-dlpfc.rda""","""$launchDir/data/lindex_inter-sample_ro1-dlpfc.rda""","""$launchDir/data/true-proportions_inter-sample_ro1-dlpfc.rda""","deconrnaseq"
184,"Br3942_ant;Br6423_ant;Br2743_mid","k2","counts_adj","""$launchDir/data/sce_inter-sample_ro1-dlpfc.rda""","""$launchDir/data/ypb_inter-sample_ro1-dlpfc.rda""","""$launchDir/data/lindex_inter-sample_ro1-dlpfc.rda""","""$launchDir/data/true-proportions_inter-sample_ro1-dlpfc.rda""","deconrnaseq"
185,"Br2720_mid;Br8492_post;Br6423_ant","k2","counts_adj","""$launchDir/data/sce_inter-sample_ro1-dlpfc.rda""","""$launchDir/data/ypb_inter-sample_ro1-dlpfc.rda""","""$launchDir/data/lindex_inter-sample_ro1-dlpfc.rda""","""$launchDir/data/true-proportions_inter-sample_ro1-dlpfc.rda""","deconrnaseq"
186,"Br2720_mid;Br8325_ant;Br3942_mid","k2","counts_adj","""$launchDir/data/sce_inter-sample_ro1-dlpfc.rda""","""$launchDir/data/ypb_inter-sample_ro1-dlpfc.rda""","""$launchDir/data/lindex_inter-sample_ro1-dlpfc.rda""","""$launchDir/data/true-proportions_inter-sample_ro1-dlpfc.rda""","deconrnaseq"
187,"Br2720_mid;Br6471_mid;Br3942_ant","k2","counts_adj","""$launchDir/data/sce_inter-sample_ro1-dlpfc.rda""","""$launchDir/data/ypb_inter-sample_ro1-dlpfc.rda""","""$launchDir/data/lindex_inter-sample_ro1-dlpfc.rda""","""$launchDir/data/true-proportions_inter-sample_ro1-dlpfc.rda""","deconrnaseq"
188,"Br3942_ant;Br6471_mid;Br8325_ant","k2","counts_adj","""$launchDir/data/sce_inter-sample_ro1-dlpfc.rda""","""$launchDir/data/ypb_inter-sample_ro1-dlpfc.rda""","""$launchDir/data/lindex_inter-sample_ro1-dlpfc.rda""","""$launchDir/data/true-proportions_inter-sample_ro1-dlpfc.rda""","deconrnaseq"
189,"Br8492_post;Br2743_mid;Br2743_ant","k2","counts_adj","""$launchDir/data/sce_inter-sample_ro1-dlpfc.rda""","""$launchDir/data/ypb_inter-sample_ro1-dlpfc.rda""","""$launchDir/data/lindex_inter-sample_ro1-dlpfc.rda""","""$launchDir/data/true-proportions_inter-sample_ro1-dlpfc.rda""","deconrnaseq"
190,"Br6423_ant;Br8325_mid;Br6423_post","k2","counts_adj","""$launchDir/data/sce_inter-sample_ro1-dlpfc.rda""","""$launchDir/data/ypb_inter-sample_ro1-dlpfc.rda""","""$launchDir/data/lindex_inter-sample_ro1-dlpfc.rda""","""$launchDir/data/true-proportions_inter-sample_ro1-dlpfc.rda""","deconrnaseq"
191,"Br3942_ant;Br6471_mid;Br2743_mid","k2","counts_adj","""$launchDir/data/sce_inter-sample_ro1-dlpfc.rda""","""$launchDir/data/ypb_inter-sample_ro1-dlpfc.rda""","""$launchDir/data/lindex_inter-sample_ro1-dlpfc.rda""","""$launchDir/data/true-proportions_inter-sample_ro1-dlpfc.rda""","deconrnaseq"
192,"Br6471_mid;Br6423_ant;Br6423_post","k2","counts_adj","""$launchDir/data/sce_inter-sample_ro1-dlpfc.rda""","""$launchDir/data/ypb_inter-sample_ro1-dlpfc.rda""","""$launchDir/data/lindex_inter-sample_ro1-dlpfc.rda""","""$launchDir/data/true-proportions_inter-sample_ro1-dlpfc.rda""","deconrnaseq"
193,"Br2743_mid;Br6471_mid;Br2720_mid","k2","counts_adj","""$launchDir/data/sce_inter-sample_ro1-dlpfc.rda""","""$launchDir/data/ypb_inter-sample_ro1-dlpfc.rda""","""$launchDir/data/lindex_inter-sample_ro1-dlpfc.rda""","""$launchDir/data/true-proportions_inter-sample_ro1-dlpfc.rda""","deconrnaseq"
194,"Br8325_ant;Br2743_ant;Br6423_ant","k2","counts_adj","""$launchDir/data/sce_inter-sample_ro1-dlpfc.rda""","""$launchDir/data/ypb_inter-sample_ro1-dlpfc.rda""","""$launchDir/data/lindex_inter-sample_ro1-dlpfc.rda""","""$launchDir/data/true-proportions_inter-sample_ro1-dlpfc.rda""","deconrnaseq"
195,"Br6423_post;Br6471_mid;Br2720_mid","k2","counts_adj","""$launchDir/data/sce_inter-sample_ro1-dlpfc.rda""","""$launchDir/data/ypb_inter-sample_ro1-dlpfc.rda""","""$launchDir/data/lindex_inter-sample_ro1-dlpfc.rda""","""$launchDir/data/true-proportions_inter-sample_ro1-dlpfc.rda""","deconrnaseq"
196,"Br2720_mid;Br3942_mid;Br6423_ant","k2","counts_adj","""$launchDir/data/sce_inter-sample_ro1-dlpfc.rda""","""$launchDir/data/ypb_inter-sample_ro1-dlpfc.rda""","""$launchDir/data/lindex_inter-sample_ro1-dlpfc.rda""","""$launchDir/data/true-proportions_inter-sample_ro1-dlpfc.rda""","deconrnaseq"
197,"Br8492_mid;Br3942_mid;Br3942_ant","k2","counts_adj","""$launchDir/data/sce_inter-sample_ro1-dlpfc.rda""","""$launchDir/data/ypb_inter-sample_ro1-dlpfc.rda""","""$launchDir/data/lindex_inter-sample_ro1-dlpfc.rda""","""$launchDir/data/true-proportions_inter-sample_ro1-dlpfc.rda""","deconrnaseq"
198,"Br6423_ant;Br8492_post;Br3942_ant","k2","counts_adj","""$launchDir/data/sce_inter-sample_ro1-dlpfc.rda""","""$launchDir/data/ypb_inter-sample_ro1-dlpfc.rda""","""$launchDir/data/lindex_inter-sample_ro1-dlpfc.rda""","""$launchDir/data/true-proportions_inter-sample_ro1-dlpfc.rda""","deconrnaseq"
199,"Br8325_mid;Br6423_post;Br8492_post","k2","counts_adj","""$launchDir/data/sce_inter-sample_ro1-dlpfc.rda""","""$launchDir/data/ypb_inter-sample_ro1-dlpfc.rda""","""$launchDir/data/lindex_inter-sample_ro1-dlpfc.rda""","""$launchDir/data/true-proportions_inter-sample_ro1-dlpfc.rda""","deconrnaseq"
200,"Br2743_mid;Br2720_mid;Br6471_mid","k2","counts_adj","""$launchDir/data/sce_inter-sample_ro1-dlpfc.rda""","""$launchDir/data/ypb_inter-sample_ro1-dlpfc.rda""","""$launchDir/data/lindex_inter-sample_ro1-dlpfc.rda""","""$launchDir/data/true-proportions_inter-sample_ro1-dlpfc.rda""","deconrnaseq"
