"iterations_index","sample_id","celltype_variable","assay_name","sce_filepath","bulk_filepath","list_index_filepath","true_proportions_filepath","method"
401,"Br6423_ant;Br8325_mid;Br8492_post","k2","counts_adj","""$launchDir/data/sce_inter-sample_ro1-dlpfc.rda""","""$launchDir/data/ypb_inter-sample_ro1-dlpfc.rda""","""$launchDir/data/lindex_inter-sample_ro1-dlpfc.rda""","""$launchDir/data/true-proportions_inter-sample_ro1-dlpfc.rda""","deconrnaseq"
402,"Br8492_post;Br3942_ant;Br3942_mid","k2","counts_adj","""$launchDir/data/sce_inter-sample_ro1-dlpfc.rda""","""$launchDir/data/ypb_inter-sample_ro1-dlpfc.rda""","""$launchDir/data/lindex_inter-sample_ro1-dlpfc.rda""","""$launchDir/data/true-proportions_inter-sample_ro1-dlpfc.rda""","deconrnaseq"
403,"Br8325_mid;Br3942_ant;Br6471_mid","k2","counts_adj","""$launchDir/data/sce_inter-sample_ro1-dlpfc.rda""","""$launchDir/data/ypb_inter-sample_ro1-dlpfc.rda""","""$launchDir/data/lindex_inter-sample_ro1-dlpfc.rda""","""$launchDir/data/true-proportions_inter-sample_ro1-dlpfc.rda""","deconrnaseq"
404,"Br8325_ant;Br2720_mid;Br8492_post","k2","counts_adj","""$launchDir/data/sce_inter-sample_ro1-dlpfc.rda""","""$launchDir/data/ypb_inter-sample_ro1-dlpfc.rda""","""$launchDir/data/lindex_inter-sample_ro1-dlpfc.rda""","""$launchDir/data/true-proportions_inter-sample_ro1-dlpfc.rda""","deconrnaseq"
405,"Br8492_mid;Br8325_mid;Br2720_mid","k2","counts_adj","""$launchDir/data/sce_inter-sample_ro1-dlpfc.rda""","""$launchDir/data/ypb_inter-sample_ro1-dlpfc.rda""","""$launchDir/data/lindex_inter-sample_ro1-dlpfc.rda""","""$launchDir/data/true-proportions_inter-sample_ro1-dlpfc.rda""","deconrnaseq"
406,"Br8492_post;Br2743_mid;Br2743_ant","k2","counts_adj","""$launchDir/data/sce_inter-sample_ro1-dlpfc.rda""","""$launchDir/data/ypb_inter-sample_ro1-dlpfc.rda""","""$launchDir/data/lindex_inter-sample_ro1-dlpfc.rda""","""$launchDir/data/true-proportions_inter-sample_ro1-dlpfc.rda""","deconrnaseq"
407,"Br8492_post;Br2743_mid;Br2720_mid","k2","counts_adj","""$launchDir/data/sce_inter-sample_ro1-dlpfc.rda""","""$launchDir/data/ypb_inter-sample_ro1-dlpfc.rda""","""$launchDir/data/lindex_inter-sample_ro1-dlpfc.rda""","""$launchDir/data/true-proportions_inter-sample_ro1-dlpfc.rda""","deconrnaseq"
408,"Br6423_post;Br6471_mid;Br8492_mid","k2","counts_adj","""$launchDir/data/sce_inter-sample_ro1-dlpfc.rda""","""$launchDir/data/ypb_inter-sample_ro1-dlpfc.rda""","""$launchDir/data/lindex_inter-sample_ro1-dlpfc.rda""","""$launchDir/data/true-proportions_inter-sample_ro1-dlpfc.rda""","deconrnaseq"
409,"Br8325_ant;Br2720_mid;Br6423_ant","k2","counts_adj","""$launchDir/data/sce_inter-sample_ro1-dlpfc.rda""","""$launchDir/data/ypb_inter-sample_ro1-dlpfc.rda""","""$launchDir/data/lindex_inter-sample_ro1-dlpfc.rda""","""$launchDir/data/true-proportions_inter-sample_ro1-dlpfc.rda""","deconrnaseq"
410,"Br2720_mid;Br3942_ant;Br8325_ant","k2","counts_adj","""$launchDir/data/sce_inter-sample_ro1-dlpfc.rda""","""$launchDir/data/ypb_inter-sample_ro1-dlpfc.rda""","""$launchDir/data/lindex_inter-sample_ro1-dlpfc.rda""","""$launchDir/data/true-proportions_inter-sample_ro1-dlpfc.rda""","deconrnaseq"
411,"Br6423_ant;Br2720_mid;Br3942_mid","k2","counts_adj","""$launchDir/data/sce_inter-sample_ro1-dlpfc.rda""","""$launchDir/data/ypb_inter-sample_ro1-dlpfc.rda""","""$launchDir/data/lindex_inter-sample_ro1-dlpfc.rda""","""$launchDir/data/true-proportions_inter-sample_ro1-dlpfc.rda""","deconrnaseq"
412,"Br2720_mid;Br8492_mid;Br6471_mid","k2","counts_adj","""$launchDir/data/sce_inter-sample_ro1-dlpfc.rda""","""$launchDir/data/ypb_inter-sample_ro1-dlpfc.rda""","""$launchDir/data/lindex_inter-sample_ro1-dlpfc.rda""","""$launchDir/data/true-proportions_inter-sample_ro1-dlpfc.rda""","deconrnaseq"
413,"Br2720_mid;Br8492_post;Br2743_mid","k2","counts_adj","""$launchDir/data/sce_inter-sample_ro1-dlpfc.rda""","""$launchDir/data/ypb_inter-sample_ro1-dlpfc.rda""","""$launchDir/data/lindex_inter-sample_ro1-dlpfc.rda""","""$launchDir/data/true-proportions_inter-sample_ro1-dlpfc.rda""","deconrnaseq"
414,"Br8325_mid;Br2743_mid;Br2743_ant","k2","counts_adj","""$launchDir/data/sce_inter-sample_ro1-dlpfc.rda""","""$launchDir/data/ypb_inter-sample_ro1-dlpfc.rda""","""$launchDir/data/lindex_inter-sample_ro1-dlpfc.rda""","""$launchDir/data/true-proportions_inter-sample_ro1-dlpfc.rda""","deconrnaseq"
415,"Br3942_ant;Br6423_ant;Br8492_post","k2","counts_adj","""$launchDir/data/sce_inter-sample_ro1-dlpfc.rda""","""$launchDir/data/ypb_inter-sample_ro1-dlpfc.rda""","""$launchDir/data/lindex_inter-sample_ro1-dlpfc.rda""","""$launchDir/data/true-proportions_inter-sample_ro1-dlpfc.rda""","deconrnaseq"
416,"Br3942_mid;Br8492_mid;Br6423_post","k2","counts_adj","""$launchDir/data/sce_inter-sample_ro1-dlpfc.rda""","""$launchDir/data/ypb_inter-sample_ro1-dlpfc.rda""","""$launchDir/data/lindex_inter-sample_ro1-dlpfc.rda""","""$launchDir/data/true-proportions_inter-sample_ro1-dlpfc.rda""","deconrnaseq"
417,"Br3942_mid;Br6471_mid;Br8492_mid","k2","counts_adj","""$launchDir/data/sce_inter-sample_ro1-dlpfc.rda""","""$launchDir/data/ypb_inter-sample_ro1-dlpfc.rda""","""$launchDir/data/lindex_inter-sample_ro1-dlpfc.rda""","""$launchDir/data/true-proportions_inter-sample_ro1-dlpfc.rda""","deconrnaseq"
418,"Br8325_ant;Br8492_mid;Br3942_ant","k2","counts_adj","""$launchDir/data/sce_inter-sample_ro1-dlpfc.rda""","""$launchDir/data/ypb_inter-sample_ro1-dlpfc.rda""","""$launchDir/data/lindex_inter-sample_ro1-dlpfc.rda""","""$launchDir/data/true-proportions_inter-sample_ro1-dlpfc.rda""","deconrnaseq"
419,"Br8492_mid;Br2743_mid;Br2720_mid","k2","counts_adj","""$launchDir/data/sce_inter-sample_ro1-dlpfc.rda""","""$launchDir/data/ypb_inter-sample_ro1-dlpfc.rda""","""$launchDir/data/lindex_inter-sample_ro1-dlpfc.rda""","""$launchDir/data/true-proportions_inter-sample_ro1-dlpfc.rda""","deconrnaseq"
420,"Br6423_ant;Br3942_mid;Br8325_mid","k2","counts_adj","""$launchDir/data/sce_inter-sample_ro1-dlpfc.rda""","""$launchDir/data/ypb_inter-sample_ro1-dlpfc.rda""","""$launchDir/data/lindex_inter-sample_ro1-dlpfc.rda""","""$launchDir/data/true-proportions_inter-sample_ro1-dlpfc.rda""","deconrnaseq"
421,"Br2743_ant;Br2720_mid;Br8325_ant","k2","counts_adj","""$launchDir/data/sce_inter-sample_ro1-dlpfc.rda""","""$launchDir/data/ypb_inter-sample_ro1-dlpfc.rda""","""$launchDir/data/lindex_inter-sample_ro1-dlpfc.rda""","""$launchDir/data/true-proportions_inter-sample_ro1-dlpfc.rda""","deconrnaseq"
422,"Br3942_mid;Br2720_mid;Br6423_post","k2","counts_adj","""$launchDir/data/sce_inter-sample_ro1-dlpfc.rda""","""$launchDir/data/ypb_inter-sample_ro1-dlpfc.rda""","""$launchDir/data/lindex_inter-sample_ro1-dlpfc.rda""","""$launchDir/data/true-proportions_inter-sample_ro1-dlpfc.rda""","deconrnaseq"
423,"Br3942_mid;Br2743_ant;Br6423_post","k2","counts_adj","""$launchDir/data/sce_inter-sample_ro1-dlpfc.rda""","""$launchDir/data/ypb_inter-sample_ro1-dlpfc.rda""","""$launchDir/data/lindex_inter-sample_ro1-dlpfc.rda""","""$launchDir/data/true-proportions_inter-sample_ro1-dlpfc.rda""","deconrnaseq"
424,"Br8492_mid;Br2743_mid;Br6471_mid","k2","counts_adj","""$launchDir/data/sce_inter-sample_ro1-dlpfc.rda""","""$launchDir/data/ypb_inter-sample_ro1-dlpfc.rda""","""$launchDir/data/lindex_inter-sample_ro1-dlpfc.rda""","""$launchDir/data/true-proportions_inter-sample_ro1-dlpfc.rda""","deconrnaseq"
425,"Br3942_mid;Br6423_ant;Br2720_mid","k2","counts_adj","""$launchDir/data/sce_inter-sample_ro1-dlpfc.rda""","""$launchDir/data/ypb_inter-sample_ro1-dlpfc.rda""","""$launchDir/data/lindex_inter-sample_ro1-dlpfc.rda""","""$launchDir/data/true-proportions_inter-sample_ro1-dlpfc.rda""","deconrnaseq"
426,"Br2743_ant;Br6423_ant;Br8492_post","k2","counts_adj","""$launchDir/data/sce_inter-sample_ro1-dlpfc.rda""","""$launchDir/data/ypb_inter-sample_ro1-dlpfc.rda""","""$launchDir/data/lindex_inter-sample_ro1-dlpfc.rda""","""$launchDir/data/true-proportions_inter-sample_ro1-dlpfc.rda""","deconrnaseq"
427,"Br2720_mid;Br8492_post;Br2743_ant","k2","counts_adj","""$launchDir/data/sce_inter-sample_ro1-dlpfc.rda""","""$launchDir/data/ypb_inter-sample_ro1-dlpfc.rda""","""$launchDir/data/lindex_inter-sample_ro1-dlpfc.rda""","""$launchDir/data/true-proportions_inter-sample_ro1-dlpfc.rda""","deconrnaseq"
428,"Br8492_post;Br2743_ant;Br2720_mid","k2","counts_adj","""$launchDir/data/sce_inter-sample_ro1-dlpfc.rda""","""$launchDir/data/ypb_inter-sample_ro1-dlpfc.rda""","""$launchDir/data/lindex_inter-sample_ro1-dlpfc.rda""","""$launchDir/data/true-proportions_inter-sample_ro1-dlpfc.rda""","deconrnaseq"
429,"Br3942_ant;Br8325_mid;Br6423_post","k2","counts_adj","""$launchDir/data/sce_inter-sample_ro1-dlpfc.rda""","""$launchDir/data/ypb_inter-sample_ro1-dlpfc.rda""","""$launchDir/data/lindex_inter-sample_ro1-dlpfc.rda""","""$launchDir/data/true-proportions_inter-sample_ro1-dlpfc.rda""","deconrnaseq"
430,"Br8325_mid;Br8492_mid;Br3942_ant","k2","counts_adj","""$launchDir/data/sce_inter-sample_ro1-dlpfc.rda""","""$launchDir/data/ypb_inter-sample_ro1-dlpfc.rda""","""$launchDir/data/lindex_inter-sample_ro1-dlpfc.rda""","""$launchDir/data/true-proportions_inter-sample_ro1-dlpfc.rda""","deconrnaseq"
431,"Br8325_mid;Br6471_mid;Br3942_ant","k2","counts_adj","""$launchDir/data/sce_inter-sample_ro1-dlpfc.rda""","""$launchDir/data/ypb_inter-sample_ro1-dlpfc.rda""","""$launchDir/data/lindex_inter-sample_ro1-dlpfc.rda""","""$launchDir/data/true-proportions_inter-sample_ro1-dlpfc.rda""","deconrnaseq"
432,"Br2720_mid;Br6423_post;Br8325_mid","k2","counts_adj","""$launchDir/data/sce_inter-sample_ro1-dlpfc.rda""","""$launchDir/data/ypb_inter-sample_ro1-dlpfc.rda""","""$launchDir/data/lindex_inter-sample_ro1-dlpfc.rda""","""$launchDir/data/true-proportions_inter-sample_ro1-dlpfc.rda""","deconrnaseq"
433,"Br3942_ant;Br2743_mid;Br2743_ant","k2","counts_adj","""$launchDir/data/sce_inter-sample_ro1-dlpfc.rda""","""$launchDir/data/ypb_inter-sample_ro1-dlpfc.rda""","""$launchDir/data/lindex_inter-sample_ro1-dlpfc.rda""","""$launchDir/data/true-proportions_inter-sample_ro1-dlpfc.rda""","deconrnaseq"
434,"Br2743_mid;Br6471_mid;Br3942_mid","k2","counts_adj","""$launchDir/data/sce_inter-sample_ro1-dlpfc.rda""","""$launchDir/data/ypb_inter-sample_ro1-dlpfc.rda""","""$launchDir/data/lindex_inter-sample_ro1-dlpfc.rda""","""$launchDir/data/true-proportions_inter-sample_ro1-dlpfc.rda""","deconrnaseq"
435,"Br6471_mid;Br8325_ant;Br6423_ant","k2","counts_adj","""$launchDir/data/sce_inter-sample_ro1-dlpfc.rda""","""$launchDir/data/ypb_inter-sample_ro1-dlpfc.rda""","""$launchDir/data/lindex_inter-sample_ro1-dlpfc.rda""","""$launchDir/data/true-proportions_inter-sample_ro1-dlpfc.rda""","deconrnaseq"
436,"Br8492_post;Br2743_mid;Br3942_ant","k2","counts_adj","""$launchDir/data/sce_inter-sample_ro1-dlpfc.rda""","""$launchDir/data/ypb_inter-sample_ro1-dlpfc.rda""","""$launchDir/data/lindex_inter-sample_ro1-dlpfc.rda""","""$launchDir/data/true-proportions_inter-sample_ro1-dlpfc.rda""","deconrnaseq"
437,"Br2720_mid;Br8325_mid;Br3942_ant","k2","counts_adj","""$launchDir/data/sce_inter-sample_ro1-dlpfc.rda""","""$launchDir/data/ypb_inter-sample_ro1-dlpfc.rda""","""$launchDir/data/lindex_inter-sample_ro1-dlpfc.rda""","""$launchDir/data/true-proportions_inter-sample_ro1-dlpfc.rda""","deconrnaseq"
438,"Br6471_mid;Br6423_ant;Br8325_mid","k2","counts_adj","""$launchDir/data/sce_inter-sample_ro1-dlpfc.rda""","""$launchDir/data/ypb_inter-sample_ro1-dlpfc.rda""","""$launchDir/data/lindex_inter-sample_ro1-dlpfc.rda""","""$launchDir/data/true-proportions_inter-sample_ro1-dlpfc.rda""","deconrnaseq"
439,"Br6471_mid;Br2720_mid;Br3942_ant","k2","counts_adj","""$launchDir/data/sce_inter-sample_ro1-dlpfc.rda""","""$launchDir/data/ypb_inter-sample_ro1-dlpfc.rda""","""$launchDir/data/lindex_inter-sample_ro1-dlpfc.rda""","""$launchDir/data/true-proportions_inter-sample_ro1-dlpfc.rda""","deconrnaseq"
440,"Br3942_ant;Br6471_mid;Br3942_mid","k2","counts_adj","""$launchDir/data/sce_inter-sample_ro1-dlpfc.rda""","""$launchDir/data/ypb_inter-sample_ro1-dlpfc.rda""","""$launchDir/data/lindex_inter-sample_ro1-dlpfc.rda""","""$launchDir/data/true-proportions_inter-sample_ro1-dlpfc.rda""","deconrnaseq"
441,"Br8492_mid;Br3942_mid;Br8325_mid","k2","counts_adj","""$launchDir/data/sce_inter-sample_ro1-dlpfc.rda""","""$launchDir/data/ypb_inter-sample_ro1-dlpfc.rda""","""$launchDir/data/lindex_inter-sample_ro1-dlpfc.rda""","""$launchDir/data/true-proportions_inter-sample_ro1-dlpfc.rda""","deconrnaseq"
442,"Br3942_mid;Br8325_ant;Br3942_ant","k2","counts_adj","""$launchDir/data/sce_inter-sample_ro1-dlpfc.rda""","""$launchDir/data/ypb_inter-sample_ro1-dlpfc.rda""","""$launchDir/data/lindex_inter-sample_ro1-dlpfc.rda""","""$launchDir/data/true-proportions_inter-sample_ro1-dlpfc.rda""","deconrnaseq"
443,"Br3942_mid;Br3942_ant;Br8325_mid","k2","counts_adj","""$launchDir/data/sce_inter-sample_ro1-dlpfc.rda""","""$launchDir/data/ypb_inter-sample_ro1-dlpfc.rda""","""$launchDir/data/lindex_inter-sample_ro1-dlpfc.rda""","""$launchDir/data/true-proportions_inter-sample_ro1-dlpfc.rda""","deconrnaseq"
444,"Br8492_mid;Br3942_ant;Br8492_post","k2","counts_adj","""$launchDir/data/sce_inter-sample_ro1-dlpfc.rda""","""$launchDir/data/ypb_inter-sample_ro1-dlpfc.rda""","""$launchDir/data/lindex_inter-sample_ro1-dlpfc.rda""","""$launchDir/data/true-proportions_inter-sample_ro1-dlpfc.rda""","deconrnaseq"
445,"Br2743_mid;Br3942_ant;Br8492_post","k2","counts_adj","""$launchDir/data/sce_inter-sample_ro1-dlpfc.rda""","""$launchDir/data/ypb_inter-sample_ro1-dlpfc.rda""","""$launchDir/data/lindex_inter-sample_ro1-dlpfc.rda""","""$launchDir/data/true-proportions_inter-sample_ro1-dlpfc.rda""","deconrnaseq"
446,"Br6423_ant;Br2720_mid;Br8325_ant","k2","counts_adj","""$launchDir/data/sce_inter-sample_ro1-dlpfc.rda""","""$launchDir/data/ypb_inter-sample_ro1-dlpfc.rda""","""$launchDir/data/lindex_inter-sample_ro1-dlpfc.rda""","""$launchDir/data/true-proportions_inter-sample_ro1-dlpfc.rda""","deconrnaseq"
447,"Br3942_ant;Br2743_mid;Br8325_mid","k2","counts_adj","""$launchDir/data/sce_inter-sample_ro1-dlpfc.rda""","""$launchDir/data/ypb_inter-sample_ro1-dlpfc.rda""","""$launchDir/data/lindex_inter-sample_ro1-dlpfc.rda""","""$launchDir/data/true-proportions_inter-sample_ro1-dlpfc.rda""","deconrnaseq"
448,"Br2743_mid;Br8325_mid;Br6423_post","k2","counts_adj","""$launchDir/data/sce_inter-sample_ro1-dlpfc.rda""","""$launchDir/data/ypb_inter-sample_ro1-dlpfc.rda""","""$launchDir/data/lindex_inter-sample_ro1-dlpfc.rda""","""$launchDir/data/true-proportions_inter-sample_ro1-dlpfc.rda""","deconrnaseq"
449,"Br8325_ant;Br8325_mid;Br6471_mid","k2","counts_adj","""$launchDir/data/sce_inter-sample_ro1-dlpfc.rda""","""$launchDir/data/ypb_inter-sample_ro1-dlpfc.rda""","""$launchDir/data/lindex_inter-sample_ro1-dlpfc.rda""","""$launchDir/data/true-proportions_inter-sample_ro1-dlpfc.rda""","deconrnaseq"
450,"Br3942_mid;Br6423_ant;Br8492_post","k2","counts_adj","""$launchDir/data/sce_inter-sample_ro1-dlpfc.rda""","""$launchDir/data/ypb_inter-sample_ro1-dlpfc.rda""","""$launchDir/data/lindex_inter-sample_ro1-dlpfc.rda""","""$launchDir/data/true-proportions_inter-sample_ro1-dlpfc.rda""","deconrnaseq"
451,"Br2743_ant;Br8325_ant;Br3942_ant","k2","counts_adj","""$launchDir/data/sce_inter-sample_ro1-dlpfc.rda""","""$launchDir/data/ypb_inter-sample_ro1-dlpfc.rda""","""$launchDir/data/lindex_inter-sample_ro1-dlpfc.rda""","""$launchDir/data/true-proportions_inter-sample_ro1-dlpfc.rda""","deconrnaseq"
452,"Br6423_post;Br3942_ant;Br6471_mid","k2","counts_adj","""$launchDir/data/sce_inter-sample_ro1-dlpfc.rda""","""$launchDir/data/ypb_inter-sample_ro1-dlpfc.rda""","""$launchDir/data/lindex_inter-sample_ro1-dlpfc.rda""","""$launchDir/data/true-proportions_inter-sample_ro1-dlpfc.rda""","deconrnaseq"
453,"Br8492_mid;Br6423_post;Br3942_ant","k2","counts_adj","""$launchDir/data/sce_inter-sample_ro1-dlpfc.rda""","""$launchDir/data/ypb_inter-sample_ro1-dlpfc.rda""","""$launchDir/data/lindex_inter-sample_ro1-dlpfc.rda""","""$launchDir/data/true-proportions_inter-sample_ro1-dlpfc.rda""","deconrnaseq"
454,"Br6471_mid;Br8492_mid;Br8325_ant","k2","counts_adj","""$launchDir/data/sce_inter-sample_ro1-dlpfc.rda""","""$launchDir/data/ypb_inter-sample_ro1-dlpfc.rda""","""$launchDir/data/lindex_inter-sample_ro1-dlpfc.rda""","""$launchDir/data/true-proportions_inter-sample_ro1-dlpfc.rda""","deconrnaseq"
455,"Br6423_post;Br8325_ant;Br2743_ant","k2","counts_adj","""$launchDir/data/sce_inter-sample_ro1-dlpfc.rda""","""$launchDir/data/ypb_inter-sample_ro1-dlpfc.rda""","""$launchDir/data/lindex_inter-sample_ro1-dlpfc.rda""","""$launchDir/data/true-proportions_inter-sample_ro1-dlpfc.rda""","deconrnaseq"
456,"Br8492_mid;Br8325_mid;Br6423_post","k2","counts_adj","""$launchDir/data/sce_inter-sample_ro1-dlpfc.rda""","""$launchDir/data/ypb_inter-sample_ro1-dlpfc.rda""","""$launchDir/data/lindex_inter-sample_ro1-dlpfc.rda""","""$launchDir/data/true-proportions_inter-sample_ro1-dlpfc.rda""","deconrnaseq"
457,"Br2743_mid;Br6423_ant;Br2743_ant","k2","counts_adj","""$launchDir/data/sce_inter-sample_ro1-dlpfc.rda""","""$launchDir/data/ypb_inter-sample_ro1-dlpfc.rda""","""$launchDir/data/lindex_inter-sample_ro1-dlpfc.rda""","""$launchDir/data/true-proportions_inter-sample_ro1-dlpfc.rda""","deconrnaseq"
458,"Br6423_post;Br3942_ant;Br8492_post","k2","counts_adj","""$launchDir/data/sce_inter-sample_ro1-dlpfc.rda""","""$launchDir/data/ypb_inter-sample_ro1-dlpfc.rda""","""$launchDir/data/lindex_inter-sample_ro1-dlpfc.rda""","""$launchDir/data/true-proportions_inter-sample_ro1-dlpfc.rda""","deconrnaseq"
459,"Br8492_post;Br6423_post;Br2720_mid","k2","counts_adj","""$launchDir/data/sce_inter-sample_ro1-dlpfc.rda""","""$launchDir/data/ypb_inter-sample_ro1-dlpfc.rda""","""$launchDir/data/lindex_inter-sample_ro1-dlpfc.rda""","""$launchDir/data/true-proportions_inter-sample_ro1-dlpfc.rda""","deconrnaseq"
460,"Br8492_mid;Br8325_ant;Br6423_post","k2","counts_adj","""$launchDir/data/sce_inter-sample_ro1-dlpfc.rda""","""$launchDir/data/ypb_inter-sample_ro1-dlpfc.rda""","""$launchDir/data/lindex_inter-sample_ro1-dlpfc.rda""","""$launchDir/data/true-proportions_inter-sample_ro1-dlpfc.rda""","deconrnaseq"
461,"Br6423_ant;Br2720_mid;Br8325_mid","k2","counts_adj","""$launchDir/data/sce_inter-sample_ro1-dlpfc.rda""","""$launchDir/data/ypb_inter-sample_ro1-dlpfc.rda""","""$launchDir/data/lindex_inter-sample_ro1-dlpfc.rda""","""$launchDir/data/true-proportions_inter-sample_ro1-dlpfc.rda""","deconrnaseq"
462,"Br2743_mid;Br6423_ant;Br3942_ant","k2","counts_adj","""$launchDir/data/sce_inter-sample_ro1-dlpfc.rda""","""$launchDir/data/ypb_inter-sample_ro1-dlpfc.rda""","""$launchDir/data/lindex_inter-sample_ro1-dlpfc.rda""","""$launchDir/data/true-proportions_inter-sample_ro1-dlpfc.rda""","deconrnaseq"
463,"Br8492_mid;Br6423_post;Br2743_mid","k2","counts_adj","""$launchDir/data/sce_inter-sample_ro1-dlpfc.rda""","""$launchDir/data/ypb_inter-sample_ro1-dlpfc.rda""","""$launchDir/data/lindex_inter-sample_ro1-dlpfc.rda""","""$launchDir/data/true-proportions_inter-sample_ro1-dlpfc.rda""","deconrnaseq"
464,"Br2743_ant;Br2720_mid;Br2743_mid","k2","counts_adj","""$launchDir/data/sce_inter-sample_ro1-dlpfc.rda""","""$launchDir/data/ypb_inter-sample_ro1-dlpfc.rda""","""$launchDir/data/lindex_inter-sample_ro1-dlpfc.rda""","""$launchDir/data/true-proportions_inter-sample_ro1-dlpfc.rda""","deconrnaseq"
465,"Br8492_mid;Br6423_post;Br6423_ant","k2","counts_adj","""$launchDir/data/sce_inter-sample_ro1-dlpfc.rda""","""$launchDir/data/ypb_inter-sample_ro1-dlpfc.rda""","""$launchDir/data/lindex_inter-sample_ro1-dlpfc.rda""","""$launchDir/data/true-proportions_inter-sample_ro1-dlpfc.rda""","deconrnaseq"
466,"Br8325_ant;Br2720_mid;Br8492_mid","k2","counts_adj","""$launchDir/data/sce_inter-sample_ro1-dlpfc.rda""","""$launchDir/data/ypb_inter-sample_ro1-dlpfc.rda""","""$launchDir/data/lindex_inter-sample_ro1-dlpfc.rda""","""$launchDir/data/true-proportions_inter-sample_ro1-dlpfc.rda""","deconrnaseq"
467,"Br2743_mid;Br8492_post;Br8325_ant","k2","counts_adj","""$launchDir/data/sce_inter-sample_ro1-dlpfc.rda""","""$launchDir/data/ypb_inter-sample_ro1-dlpfc.rda""","""$launchDir/data/lindex_inter-sample_ro1-dlpfc.rda""","""$launchDir/data/true-proportions_inter-sample_ro1-dlpfc.rda""","deconrnaseq"
468,"Br3942_mid;Br2720_mid;Br2743_mid","k2","counts_adj","""$launchDir/data/sce_inter-sample_ro1-dlpfc.rda""","""$launchDir/data/ypb_inter-sample_ro1-dlpfc.rda""","""$launchDir/data/lindex_inter-sample_ro1-dlpfc.rda""","""$launchDir/data/true-proportions_inter-sample_ro1-dlpfc.rda""","deconrnaseq"
469,"Br2743_ant;Br8492_mid;Br6423_ant","k2","counts_adj","""$launchDir/data/sce_inter-sample_ro1-dlpfc.rda""","""$launchDir/data/ypb_inter-sample_ro1-dlpfc.rda""","""$launchDir/data/lindex_inter-sample_ro1-dlpfc.rda""","""$launchDir/data/true-proportions_inter-sample_ro1-dlpfc.rda""","deconrnaseq"
470,"Br8325_mid;Br8492_mid;Br2743_mid","k2","counts_adj","""$launchDir/data/sce_inter-sample_ro1-dlpfc.rda""","""$launchDir/data/ypb_inter-sample_ro1-dlpfc.rda""","""$launchDir/data/lindex_inter-sample_ro1-dlpfc.rda""","""$launchDir/data/true-proportions_inter-sample_ro1-dlpfc.rda""","deconrnaseq"
471,"Br6423_ant;Br6423_post;Br3942_ant","k2","counts_adj","""$launchDir/data/sce_inter-sample_ro1-dlpfc.rda""","""$launchDir/data/ypb_inter-sample_ro1-dlpfc.rda""","""$launchDir/data/lindex_inter-sample_ro1-dlpfc.rda""","""$launchDir/data/true-proportions_inter-sample_ro1-dlpfc.rda""","deconrnaseq"
472,"Br3942_ant;Br6471_mid;Br8492_mid","k2","counts_adj","""$launchDir/data/sce_inter-sample_ro1-dlpfc.rda""","""$launchDir/data/ypb_inter-sample_ro1-dlpfc.rda""","""$launchDir/data/lindex_inter-sample_ro1-dlpfc.rda""","""$launchDir/data/true-proportions_inter-sample_ro1-dlpfc.rda""","deconrnaseq"
473,"Br8325_mid;Br6423_ant;Br6423_post","k2","counts_adj","""$launchDir/data/sce_inter-sample_ro1-dlpfc.rda""","""$launchDir/data/ypb_inter-sample_ro1-dlpfc.rda""","""$launchDir/data/lindex_inter-sample_ro1-dlpfc.rda""","""$launchDir/data/true-proportions_inter-sample_ro1-dlpfc.rda""","deconrnaseq"
474,"Br2743_ant;Br8492_mid;Br2743_mid","k2","counts_adj","""$launchDir/data/sce_inter-sample_ro1-dlpfc.rda""","""$launchDir/data/ypb_inter-sample_ro1-dlpfc.rda""","""$launchDir/data/lindex_inter-sample_ro1-dlpfc.rda""","""$launchDir/data/true-proportions_inter-sample_ro1-dlpfc.rda""","deconrnaseq"
475,"Br8492_mid;Br6471_mid;Br3942_mid","k2","counts_adj","""$launchDir/data/sce_inter-sample_ro1-dlpfc.rda""","""$launchDir/data/ypb_inter-sample_ro1-dlpfc.rda""","""$launchDir/data/lindex_inter-sample_ro1-dlpfc.rda""","""$launchDir/data/true-proportions_inter-sample_ro1-dlpfc.rda""","deconrnaseq"
476,"Br3942_ant;Br2743_mid;Br8492_mid","k2","counts_adj","""$launchDir/data/sce_inter-sample_ro1-dlpfc.rda""","""$launchDir/data/ypb_inter-sample_ro1-dlpfc.rda""","""$launchDir/data/lindex_inter-sample_ro1-dlpfc.rda""","""$launchDir/data/true-proportions_inter-sample_ro1-dlpfc.rda""","deconrnaseq"
477,"Br2743_mid;Br6423_post;Br8325_mid","k2","counts_adj","""$launchDir/data/sce_inter-sample_ro1-dlpfc.rda""","""$launchDir/data/ypb_inter-sample_ro1-dlpfc.rda""","""$launchDir/data/lindex_inter-sample_ro1-dlpfc.rda""","""$launchDir/data/true-proportions_inter-sample_ro1-dlpfc.rda""","deconrnaseq"
478,"Br2743_mid;Br3942_mid;Br8492_mid","k2","counts_adj","""$launchDir/data/sce_inter-sample_ro1-dlpfc.rda""","""$launchDir/data/ypb_inter-sample_ro1-dlpfc.rda""","""$launchDir/data/lindex_inter-sample_ro1-dlpfc.rda""","""$launchDir/data/true-proportions_inter-sample_ro1-dlpfc.rda""","deconrnaseq"
479,"Br8492_mid;Br8325_mid;Br6423_post","k2","counts_adj","""$launchDir/data/sce_inter-sample_ro1-dlpfc.rda""","""$launchDir/data/ypb_inter-sample_ro1-dlpfc.rda""","""$launchDir/data/lindex_inter-sample_ro1-dlpfc.rda""","""$launchDir/data/true-proportions_inter-sample_ro1-dlpfc.rda""","deconrnaseq"
480,"Br8492_mid;Br3942_ant;Br6471_mid","k2","counts_adj","""$launchDir/data/sce_inter-sample_ro1-dlpfc.rda""","""$launchDir/data/ypb_inter-sample_ro1-dlpfc.rda""","""$launchDir/data/lindex_inter-sample_ro1-dlpfc.rda""","""$launchDir/data/true-proportions_inter-sample_ro1-dlpfc.rda""","deconrnaseq"
481,"Br3942_mid;Br8325_ant;Br2720_mid","k2","counts_adj","""$launchDir/data/sce_inter-sample_ro1-dlpfc.rda""","""$launchDir/data/ypb_inter-sample_ro1-dlpfc.rda""","""$launchDir/data/lindex_inter-sample_ro1-dlpfc.rda""","""$launchDir/data/true-proportions_inter-sample_ro1-dlpfc.rda""","deconrnaseq"
482,"Br2743_mid;Br2743_ant;Br8325_mid","k2","counts_adj","""$launchDir/data/sce_inter-sample_ro1-dlpfc.rda""","""$launchDir/data/ypb_inter-sample_ro1-dlpfc.rda""","""$launchDir/data/lindex_inter-sample_ro1-dlpfc.rda""","""$launchDir/data/true-proportions_inter-sample_ro1-dlpfc.rda""","deconrnaseq"
483,"Br6423_ant;Br2743_mid;Br6423_post","k2","counts_adj","""$launchDir/data/sce_inter-sample_ro1-dlpfc.rda""","""$launchDir/data/ypb_inter-sample_ro1-dlpfc.rda""","""$launchDir/data/lindex_inter-sample_ro1-dlpfc.rda""","""$launchDir/data/true-proportions_inter-sample_ro1-dlpfc.rda""","deconrnaseq"
484,"Br3942_ant;Br8325_ant;Br6423_post","k2","counts_adj","""$launchDir/data/sce_inter-sample_ro1-dlpfc.rda""","""$launchDir/data/ypb_inter-sample_ro1-dlpfc.rda""","""$launchDir/data/lindex_inter-sample_ro1-dlpfc.rda""","""$launchDir/data/true-proportions_inter-sample_ro1-dlpfc.rda""","deconrnaseq"
485,"Br8492_post;Br3942_ant;Br6471_mid","k2","counts_adj","""$launchDir/data/sce_inter-sample_ro1-dlpfc.rda""","""$launchDir/data/ypb_inter-sample_ro1-dlpfc.rda""","""$launchDir/data/lindex_inter-sample_ro1-dlpfc.rda""","""$launchDir/data/true-proportions_inter-sample_ro1-dlpfc.rda""","deconrnaseq"
486,"Br8325_mid;Br6423_post;Br8492_post","k2","counts_adj","""$launchDir/data/sce_inter-sample_ro1-dlpfc.rda""","""$launchDir/data/ypb_inter-sample_ro1-dlpfc.rda""","""$launchDir/data/lindex_inter-sample_ro1-dlpfc.rda""","""$launchDir/data/true-proportions_inter-sample_ro1-dlpfc.rda""","deconrnaseq"
487,"Br3942_ant;Br8325_mid;Br2743_ant","k2","counts_adj","""$launchDir/data/sce_inter-sample_ro1-dlpfc.rda""","""$launchDir/data/ypb_inter-sample_ro1-dlpfc.rda""","""$launchDir/data/lindex_inter-sample_ro1-dlpfc.rda""","""$launchDir/data/true-proportions_inter-sample_ro1-dlpfc.rda""","deconrnaseq"
488,"Br6423_post;Br8325_mid;Br8492_mid","k2","counts_adj","""$launchDir/data/sce_inter-sample_ro1-dlpfc.rda""","""$launchDir/data/ypb_inter-sample_ro1-dlpfc.rda""","""$launchDir/data/lindex_inter-sample_ro1-dlpfc.rda""","""$launchDir/data/true-proportions_inter-sample_ro1-dlpfc.rda""","deconrnaseq"
489,"Br8492_post;Br6423_ant;Br2720_mid","k2","counts_adj","""$launchDir/data/sce_inter-sample_ro1-dlpfc.rda""","""$launchDir/data/ypb_inter-sample_ro1-dlpfc.rda""","""$launchDir/data/lindex_inter-sample_ro1-dlpfc.rda""","""$launchDir/data/true-proportions_inter-sample_ro1-dlpfc.rda""","deconrnaseq"
490,"Br8492_mid;Br2743_ant;Br8492_post","k2","counts_adj","""$launchDir/data/sce_inter-sample_ro1-dlpfc.rda""","""$launchDir/data/ypb_inter-sample_ro1-dlpfc.rda""","""$launchDir/data/lindex_inter-sample_ro1-dlpfc.rda""","""$launchDir/data/true-proportions_inter-sample_ro1-dlpfc.rda""","deconrnaseq"
491,"Br8325_ant;Br6471_mid;Br3942_ant","k2","counts_adj","""$launchDir/data/sce_inter-sample_ro1-dlpfc.rda""","""$launchDir/data/ypb_inter-sample_ro1-dlpfc.rda""","""$launchDir/data/lindex_inter-sample_ro1-dlpfc.rda""","""$launchDir/data/true-proportions_inter-sample_ro1-dlpfc.rda""","deconrnaseq"
492,"Br2743_ant;Br6423_ant;Br8325_ant","k2","counts_adj","""$launchDir/data/sce_inter-sample_ro1-dlpfc.rda""","""$launchDir/data/ypb_inter-sample_ro1-dlpfc.rda""","""$launchDir/data/lindex_inter-sample_ro1-dlpfc.rda""","""$launchDir/data/true-proportions_inter-sample_ro1-dlpfc.rda""","deconrnaseq"
493,"Br3942_mid;Br3942_ant;Br8492_mid","k2","counts_adj","""$launchDir/data/sce_inter-sample_ro1-dlpfc.rda""","""$launchDir/data/ypb_inter-sample_ro1-dlpfc.rda""","""$launchDir/data/lindex_inter-sample_ro1-dlpfc.rda""","""$launchDir/data/true-proportions_inter-sample_ro1-dlpfc.rda""","deconrnaseq"
494,"Br8325_mid;Br8325_ant;Br3942_mid","k2","counts_adj","""$launchDir/data/sce_inter-sample_ro1-dlpfc.rda""","""$launchDir/data/ypb_inter-sample_ro1-dlpfc.rda""","""$launchDir/data/lindex_inter-sample_ro1-dlpfc.rda""","""$launchDir/data/true-proportions_inter-sample_ro1-dlpfc.rda""","deconrnaseq"
495,"Br6423_post;Br3942_mid;Br2743_mid","k2","counts_adj","""$launchDir/data/sce_inter-sample_ro1-dlpfc.rda""","""$launchDir/data/ypb_inter-sample_ro1-dlpfc.rda""","""$launchDir/data/lindex_inter-sample_ro1-dlpfc.rda""","""$launchDir/data/true-proportions_inter-sample_ro1-dlpfc.rda""","deconrnaseq"
496,"Br6423_ant;Br6471_mid;Br2743_mid","k2","counts_adj","""$launchDir/data/sce_inter-sample_ro1-dlpfc.rda""","""$launchDir/data/ypb_inter-sample_ro1-dlpfc.rda""","""$launchDir/data/lindex_inter-sample_ro1-dlpfc.rda""","""$launchDir/data/true-proportions_inter-sample_ro1-dlpfc.rda""","deconrnaseq"
497,"Br2743_mid;Br8492_post;Br2743_ant","k2","counts_adj","""$launchDir/data/sce_inter-sample_ro1-dlpfc.rda""","""$launchDir/data/ypb_inter-sample_ro1-dlpfc.rda""","""$launchDir/data/lindex_inter-sample_ro1-dlpfc.rda""","""$launchDir/data/true-proportions_inter-sample_ro1-dlpfc.rda""","deconrnaseq"
498,"Br8492_post;Br8325_ant;Br8492_mid","k2","counts_adj","""$launchDir/data/sce_inter-sample_ro1-dlpfc.rda""","""$launchDir/data/ypb_inter-sample_ro1-dlpfc.rda""","""$launchDir/data/lindex_inter-sample_ro1-dlpfc.rda""","""$launchDir/data/true-proportions_inter-sample_ro1-dlpfc.rda""","deconrnaseq"
499,"Br3942_ant;Br2743_mid;Br8325_mid","k2","counts_adj","""$launchDir/data/sce_inter-sample_ro1-dlpfc.rda""","""$launchDir/data/ypb_inter-sample_ro1-dlpfc.rda""","""$launchDir/data/lindex_inter-sample_ro1-dlpfc.rda""","""$launchDir/data/true-proportions_inter-sample_ro1-dlpfc.rda""","deconrnaseq"
500,"Br6423_ant;Br2743_mid;Br2720_mid","k2","counts_adj","""$launchDir/data/sce_inter-sample_ro1-dlpfc.rda""","""$launchDir/data/ypb_inter-sample_ro1-dlpfc.rda""","""$launchDir/data/lindex_inter-sample_ro1-dlpfc.rda""","""$launchDir/data/true-proportions_inter-sample_ro1-dlpfc.rda""","deconrnaseq"
501,"Br2743_ant;Br2743_mid;Br8492_post","k2","counts_adj","""$launchDir/data/sce_inter-sample_ro1-dlpfc.rda""","""$launchDir/data/ypb_inter-sample_ro1-dlpfc.rda""","""$launchDir/data/lindex_inter-sample_ro1-dlpfc.rda""","""$launchDir/data/true-proportions_inter-sample_ro1-dlpfc.rda""","deconrnaseq"
502,"Br8492_mid;Br2743_ant;Br8325_mid","k2","counts_adj","""$launchDir/data/sce_inter-sample_ro1-dlpfc.rda""","""$launchDir/data/ypb_inter-sample_ro1-dlpfc.rda""","""$launchDir/data/lindex_inter-sample_ro1-dlpfc.rda""","""$launchDir/data/true-proportions_inter-sample_ro1-dlpfc.rda""","deconrnaseq"
503,"Br6471_mid;Br6423_ant;Br3942_ant","k2","counts_adj","""$launchDir/data/sce_inter-sample_ro1-dlpfc.rda""","""$launchDir/data/ypb_inter-sample_ro1-dlpfc.rda""","""$launchDir/data/lindex_inter-sample_ro1-dlpfc.rda""","""$launchDir/data/true-proportions_inter-sample_ro1-dlpfc.rda""","deconrnaseq"
504,"Br8492_mid;Br8325_mid;Br3942_mid","k2","counts_adj","""$launchDir/data/sce_inter-sample_ro1-dlpfc.rda""","""$launchDir/data/ypb_inter-sample_ro1-dlpfc.rda""","""$launchDir/data/lindex_inter-sample_ro1-dlpfc.rda""","""$launchDir/data/true-proportions_inter-sample_ro1-dlpfc.rda""","deconrnaseq"
505,"Br6423_ant;Br2743_ant;Br8325_mid","k2","counts_adj","""$launchDir/data/sce_inter-sample_ro1-dlpfc.rda""","""$launchDir/data/ypb_inter-sample_ro1-dlpfc.rda""","""$launchDir/data/lindex_inter-sample_ro1-dlpfc.rda""","""$launchDir/data/true-proportions_inter-sample_ro1-dlpfc.rda""","deconrnaseq"
506,"Br2720_mid;Br8492_post;Br8325_ant","k2","counts_adj","""$launchDir/data/sce_inter-sample_ro1-dlpfc.rda""","""$launchDir/data/ypb_inter-sample_ro1-dlpfc.rda""","""$launchDir/data/lindex_inter-sample_ro1-dlpfc.rda""","""$launchDir/data/true-proportions_inter-sample_ro1-dlpfc.rda""","deconrnaseq"
507,"Br3942_ant;Br8492_post;Br6423_post","k2","counts_adj","""$launchDir/data/sce_inter-sample_ro1-dlpfc.rda""","""$launchDir/data/ypb_inter-sample_ro1-dlpfc.rda""","""$launchDir/data/lindex_inter-sample_ro1-dlpfc.rda""","""$launchDir/data/true-proportions_inter-sample_ro1-dlpfc.rda""","deconrnaseq"
508,"Br2720_mid;Br6471_mid;Br8325_mid","k2","counts_adj","""$launchDir/data/sce_inter-sample_ro1-dlpfc.rda""","""$launchDir/data/ypb_inter-sample_ro1-dlpfc.rda""","""$launchDir/data/lindex_inter-sample_ro1-dlpfc.rda""","""$launchDir/data/true-proportions_inter-sample_ro1-dlpfc.rda""","deconrnaseq"
509,"Br8492_mid;Br3942_ant;Br2743_mid","k2","counts_adj","""$launchDir/data/sce_inter-sample_ro1-dlpfc.rda""","""$launchDir/data/ypb_inter-sample_ro1-dlpfc.rda""","""$launchDir/data/lindex_inter-sample_ro1-dlpfc.rda""","""$launchDir/data/true-proportions_inter-sample_ro1-dlpfc.rda""","deconrnaseq"
510,"Br3942_mid;Br2720_mid;Br8325_ant","k2","counts_adj","""$launchDir/data/sce_inter-sample_ro1-dlpfc.rda""","""$launchDir/data/ypb_inter-sample_ro1-dlpfc.rda""","""$launchDir/data/lindex_inter-sample_ro1-dlpfc.rda""","""$launchDir/data/true-proportions_inter-sample_ro1-dlpfc.rda""","deconrnaseq"
511,"Br8492_mid;Br6423_post;Br8325_mid","k2","counts_adj","""$launchDir/data/sce_inter-sample_ro1-dlpfc.rda""","""$launchDir/data/ypb_inter-sample_ro1-dlpfc.rda""","""$launchDir/data/lindex_inter-sample_ro1-dlpfc.rda""","""$launchDir/data/true-proportions_inter-sample_ro1-dlpfc.rda""","deconrnaseq"
512,"Br8325_mid;Br8492_post;Br3942_mid","k2","counts_adj","""$launchDir/data/sce_inter-sample_ro1-dlpfc.rda""","""$launchDir/data/ypb_inter-sample_ro1-dlpfc.rda""","""$launchDir/data/lindex_inter-sample_ro1-dlpfc.rda""","""$launchDir/data/true-proportions_inter-sample_ro1-dlpfc.rda""","deconrnaseq"
513,"Br3942_mid;Br3942_ant;Br2743_mid","k2","counts_adj","""$launchDir/data/sce_inter-sample_ro1-dlpfc.rda""","""$launchDir/data/ypb_inter-sample_ro1-dlpfc.rda""","""$launchDir/data/lindex_inter-sample_ro1-dlpfc.rda""","""$launchDir/data/true-proportions_inter-sample_ro1-dlpfc.rda""","deconrnaseq"
514,"Br2743_ant;Br6471_mid;Br8325_ant","k2","counts_adj","""$launchDir/data/sce_inter-sample_ro1-dlpfc.rda""","""$launchDir/data/ypb_inter-sample_ro1-dlpfc.rda""","""$launchDir/data/lindex_inter-sample_ro1-dlpfc.rda""","""$launchDir/data/true-proportions_inter-sample_ro1-dlpfc.rda""","deconrnaseq"
515,"Br6423_ant;Br2743_mid;Br8492_mid","k2","counts_adj","""$launchDir/data/sce_inter-sample_ro1-dlpfc.rda""","""$launchDir/data/ypb_inter-sample_ro1-dlpfc.rda""","""$launchDir/data/lindex_inter-sample_ro1-dlpfc.rda""","""$launchDir/data/true-proportions_inter-sample_ro1-dlpfc.rda""","deconrnaseq"
516,"Br6423_ant;Br2743_mid;Br8325_mid","k2","counts_adj","""$launchDir/data/sce_inter-sample_ro1-dlpfc.rda""","""$launchDir/data/ypb_inter-sample_ro1-dlpfc.rda""","""$launchDir/data/lindex_inter-sample_ro1-dlpfc.rda""","""$launchDir/data/true-proportions_inter-sample_ro1-dlpfc.rda""","deconrnaseq"
517,"Br8325_mid;Br2743_mid;Br2743_ant","k2","counts_adj","""$launchDir/data/sce_inter-sample_ro1-dlpfc.rda""","""$launchDir/data/ypb_inter-sample_ro1-dlpfc.rda""","""$launchDir/data/lindex_inter-sample_ro1-dlpfc.rda""","""$launchDir/data/true-proportions_inter-sample_ro1-dlpfc.rda""","deconrnaseq"
518,"Br3942_ant;Br8325_mid;Br3942_mid","k2","counts_adj","""$launchDir/data/sce_inter-sample_ro1-dlpfc.rda""","""$launchDir/data/ypb_inter-sample_ro1-dlpfc.rda""","""$launchDir/data/lindex_inter-sample_ro1-dlpfc.rda""","""$launchDir/data/true-proportions_inter-sample_ro1-dlpfc.rda""","deconrnaseq"
519,"Br3942_ant;Br6423_ant;Br8325_mid","k2","counts_adj","""$launchDir/data/sce_inter-sample_ro1-dlpfc.rda""","""$launchDir/data/ypb_inter-sample_ro1-dlpfc.rda""","""$launchDir/data/lindex_inter-sample_ro1-dlpfc.rda""","""$launchDir/data/true-proportions_inter-sample_ro1-dlpfc.rda""","deconrnaseq"
520,"Br8325_ant;Br3942_mid;Br2743_ant","k2","counts_adj","""$launchDir/data/sce_inter-sample_ro1-dlpfc.rda""","""$launchDir/data/ypb_inter-sample_ro1-dlpfc.rda""","""$launchDir/data/lindex_inter-sample_ro1-dlpfc.rda""","""$launchDir/data/true-proportions_inter-sample_ro1-dlpfc.rda""","deconrnaseq"
521,"Br8492_post;Br3942_ant;Br6423_ant","k2","counts_adj","""$launchDir/data/sce_inter-sample_ro1-dlpfc.rda""","""$launchDir/data/ypb_inter-sample_ro1-dlpfc.rda""","""$launchDir/data/lindex_inter-sample_ro1-dlpfc.rda""","""$launchDir/data/true-proportions_inter-sample_ro1-dlpfc.rda""","deconrnaseq"
522,"Br6471_mid;Br3942_mid;Br6423_ant","k2","counts_adj","""$launchDir/data/sce_inter-sample_ro1-dlpfc.rda""","""$launchDir/data/ypb_inter-sample_ro1-dlpfc.rda""","""$launchDir/data/lindex_inter-sample_ro1-dlpfc.rda""","""$launchDir/data/true-proportions_inter-sample_ro1-dlpfc.rda""","deconrnaseq"
523,"Br6471_mid;Br6423_ant;Br8325_mid","k2","counts_adj","""$launchDir/data/sce_inter-sample_ro1-dlpfc.rda""","""$launchDir/data/ypb_inter-sample_ro1-dlpfc.rda""","""$launchDir/data/lindex_inter-sample_ro1-dlpfc.rda""","""$launchDir/data/true-proportions_inter-sample_ro1-dlpfc.rda""","deconrnaseq"
524,"Br8325_ant;Br6423_post;Br8325_mid","k2","counts_adj","""$launchDir/data/sce_inter-sample_ro1-dlpfc.rda""","""$launchDir/data/ypb_inter-sample_ro1-dlpfc.rda""","""$launchDir/data/lindex_inter-sample_ro1-dlpfc.rda""","""$launchDir/data/true-proportions_inter-sample_ro1-dlpfc.rda""","deconrnaseq"
525,"Br2743_ant;Br8325_mid;Br8325_ant","k2","counts_adj","""$launchDir/data/sce_inter-sample_ro1-dlpfc.rda""","""$launchDir/data/ypb_inter-sample_ro1-dlpfc.rda""","""$launchDir/data/lindex_inter-sample_ro1-dlpfc.rda""","""$launchDir/data/true-proportions_inter-sample_ro1-dlpfc.rda""","deconrnaseq"
526,"Br6423_post;Br3942_ant;Br6423_ant","k2","counts_adj","""$launchDir/data/sce_inter-sample_ro1-dlpfc.rda""","""$launchDir/data/ypb_inter-sample_ro1-dlpfc.rda""","""$launchDir/data/lindex_inter-sample_ro1-dlpfc.rda""","""$launchDir/data/true-proportions_inter-sample_ro1-dlpfc.rda""","deconrnaseq"
527,"Br8325_ant;Br2743_mid;Br8492_mid","k2","counts_adj","""$launchDir/data/sce_inter-sample_ro1-dlpfc.rda""","""$launchDir/data/ypb_inter-sample_ro1-dlpfc.rda""","""$launchDir/data/lindex_inter-sample_ro1-dlpfc.rda""","""$launchDir/data/true-proportions_inter-sample_ro1-dlpfc.rda""","deconrnaseq"
528,"Br8325_mid;Br8492_post;Br6423_ant","k2","counts_adj","""$launchDir/data/sce_inter-sample_ro1-dlpfc.rda""","""$launchDir/data/ypb_inter-sample_ro1-dlpfc.rda""","""$launchDir/data/lindex_inter-sample_ro1-dlpfc.rda""","""$launchDir/data/true-proportions_inter-sample_ro1-dlpfc.rda""","deconrnaseq"
529,"Br8492_post;Br6471_mid;Br6423_ant","k2","counts_adj","""$launchDir/data/sce_inter-sample_ro1-dlpfc.rda""","""$launchDir/data/ypb_inter-sample_ro1-dlpfc.rda""","""$launchDir/data/lindex_inter-sample_ro1-dlpfc.rda""","""$launchDir/data/true-proportions_inter-sample_ro1-dlpfc.rda""","deconrnaseq"
530,"Br8492_mid;Br2743_ant;Br6423_ant","k2","counts_adj","""$launchDir/data/sce_inter-sample_ro1-dlpfc.rda""","""$launchDir/data/ypb_inter-sample_ro1-dlpfc.rda""","""$launchDir/data/lindex_inter-sample_ro1-dlpfc.rda""","""$launchDir/data/true-proportions_inter-sample_ro1-dlpfc.rda""","deconrnaseq"
531,"Br6471_mid;Br2743_mid;Br8325_ant","k2","counts_adj","""$launchDir/data/sce_inter-sample_ro1-dlpfc.rda""","""$launchDir/data/ypb_inter-sample_ro1-dlpfc.rda""","""$launchDir/data/lindex_inter-sample_ro1-dlpfc.rda""","""$launchDir/data/true-proportions_inter-sample_ro1-dlpfc.rda""","deconrnaseq"
532,"Br6471_mid;Br8325_mid;Br3942_mid","k2","counts_adj","""$launchDir/data/sce_inter-sample_ro1-dlpfc.rda""","""$launchDir/data/ypb_inter-sample_ro1-dlpfc.rda""","""$launchDir/data/lindex_inter-sample_ro1-dlpfc.rda""","""$launchDir/data/true-proportions_inter-sample_ro1-dlpfc.rda""","deconrnaseq"
533,"Br6423_post;Br8492_mid;Br6471_mid","k2","counts_adj","""$launchDir/data/sce_inter-sample_ro1-dlpfc.rda""","""$launchDir/data/ypb_inter-sample_ro1-dlpfc.rda""","""$launchDir/data/lindex_inter-sample_ro1-dlpfc.rda""","""$launchDir/data/true-proportions_inter-sample_ro1-dlpfc.rda""","deconrnaseq"
534,"Br2743_ant;Br6423_ant;Br6423_post","k2","counts_adj","""$launchDir/data/sce_inter-sample_ro1-dlpfc.rda""","""$launchDir/data/ypb_inter-sample_ro1-dlpfc.rda""","""$launchDir/data/lindex_inter-sample_ro1-dlpfc.rda""","""$launchDir/data/true-proportions_inter-sample_ro1-dlpfc.rda""","deconrnaseq"
535,"Br6471_mid;Br3942_mid;Br8325_ant","k2","counts_adj","""$launchDir/data/sce_inter-sample_ro1-dlpfc.rda""","""$launchDir/data/ypb_inter-sample_ro1-dlpfc.rda""","""$launchDir/data/lindex_inter-sample_ro1-dlpfc.rda""","""$launchDir/data/true-proportions_inter-sample_ro1-dlpfc.rda""","deconrnaseq"
536,"Br2720_mid;Br6423_post;Br6471_mid","k2","counts_adj","""$launchDir/data/sce_inter-sample_ro1-dlpfc.rda""","""$launchDir/data/ypb_inter-sample_ro1-dlpfc.rda""","""$launchDir/data/lindex_inter-sample_ro1-dlpfc.rda""","""$launchDir/data/true-proportions_inter-sample_ro1-dlpfc.rda""","deconrnaseq"
537,"Br3942_ant;Br8492_post;Br3942_mid","k2","counts_adj","""$launchDir/data/sce_inter-sample_ro1-dlpfc.rda""","""$launchDir/data/ypb_inter-sample_ro1-dlpfc.rda""","""$launchDir/data/lindex_inter-sample_ro1-dlpfc.rda""","""$launchDir/data/true-proportions_inter-sample_ro1-dlpfc.rda""","deconrnaseq"
538,"Br8492_mid;Br3942_mid;Br6423_post","k2","counts_adj","""$launchDir/data/sce_inter-sample_ro1-dlpfc.rda""","""$launchDir/data/ypb_inter-sample_ro1-dlpfc.rda""","""$launchDir/data/lindex_inter-sample_ro1-dlpfc.rda""","""$launchDir/data/true-proportions_inter-sample_ro1-dlpfc.rda""","deconrnaseq"
539,"Br6423_ant;Br6471_mid;Br2743_mid","k2","counts_adj","""$launchDir/data/sce_inter-sample_ro1-dlpfc.rda""","""$launchDir/data/ypb_inter-sample_ro1-dlpfc.rda""","""$launchDir/data/lindex_inter-sample_ro1-dlpfc.rda""","""$launchDir/data/true-proportions_inter-sample_ro1-dlpfc.rda""","deconrnaseq"
540,"Br6423_ant;Br2743_ant;Br2743_mid","k2","counts_adj","""$launchDir/data/sce_inter-sample_ro1-dlpfc.rda""","""$launchDir/data/ypb_inter-sample_ro1-dlpfc.rda""","""$launchDir/data/lindex_inter-sample_ro1-dlpfc.rda""","""$launchDir/data/true-proportions_inter-sample_ro1-dlpfc.rda""","deconrnaseq"
541,"Br2743_mid;Br8325_ant;Br8325_mid","k2","counts_adj","""$launchDir/data/sce_inter-sample_ro1-dlpfc.rda""","""$launchDir/data/ypb_inter-sample_ro1-dlpfc.rda""","""$launchDir/data/lindex_inter-sample_ro1-dlpfc.rda""","""$launchDir/data/true-proportions_inter-sample_ro1-dlpfc.rda""","deconrnaseq"
542,"Br8325_mid;Br6423_ant;Br3942_ant","k2","counts_adj","""$launchDir/data/sce_inter-sample_ro1-dlpfc.rda""","""$launchDir/data/ypb_inter-sample_ro1-dlpfc.rda""","""$launchDir/data/lindex_inter-sample_ro1-dlpfc.rda""","""$launchDir/data/true-proportions_inter-sample_ro1-dlpfc.rda""","deconrnaseq"
543,"Br8492_post;Br8492_mid;Br6423_ant","k2","counts_adj","""$launchDir/data/sce_inter-sample_ro1-dlpfc.rda""","""$launchDir/data/ypb_inter-sample_ro1-dlpfc.rda""","""$launchDir/data/lindex_inter-sample_ro1-dlpfc.rda""","""$launchDir/data/true-proportions_inter-sample_ro1-dlpfc.rda""","deconrnaseq"
544,"Br6423_ant;Br3942_mid;Br2720_mid","k2","counts_adj","""$launchDir/data/sce_inter-sample_ro1-dlpfc.rda""","""$launchDir/data/ypb_inter-sample_ro1-dlpfc.rda""","""$launchDir/data/lindex_inter-sample_ro1-dlpfc.rda""","""$launchDir/data/true-proportions_inter-sample_ro1-dlpfc.rda""","deconrnaseq"
545,"Br3942_mid;Br8325_mid;Br2743_mid","k2","counts_adj","""$launchDir/data/sce_inter-sample_ro1-dlpfc.rda""","""$launchDir/data/ypb_inter-sample_ro1-dlpfc.rda""","""$launchDir/data/lindex_inter-sample_ro1-dlpfc.rda""","""$launchDir/data/true-proportions_inter-sample_ro1-dlpfc.rda""","deconrnaseq"
546,"Br6423_ant;Br3942_mid;Br2720_mid","k2","counts_adj","""$launchDir/data/sce_inter-sample_ro1-dlpfc.rda""","""$launchDir/data/ypb_inter-sample_ro1-dlpfc.rda""","""$launchDir/data/lindex_inter-sample_ro1-dlpfc.rda""","""$launchDir/data/true-proportions_inter-sample_ro1-dlpfc.rda""","deconrnaseq"
547,"Br2720_mid;Br2743_ant;Br8492_mid","k2","counts_adj","""$launchDir/data/sce_inter-sample_ro1-dlpfc.rda""","""$launchDir/data/ypb_inter-sample_ro1-dlpfc.rda""","""$launchDir/data/lindex_inter-sample_ro1-dlpfc.rda""","""$launchDir/data/true-proportions_inter-sample_ro1-dlpfc.rda""","deconrnaseq"
548,"Br8325_ant;Br8325_mid;Br3942_mid","k2","counts_adj","""$launchDir/data/sce_inter-sample_ro1-dlpfc.rda""","""$launchDir/data/ypb_inter-sample_ro1-dlpfc.rda""","""$launchDir/data/lindex_inter-sample_ro1-dlpfc.rda""","""$launchDir/data/true-proportions_inter-sample_ro1-dlpfc.rda""","deconrnaseq"
549,"Br3942_ant;Br8325_ant;Br6471_mid","k2","counts_adj","""$launchDir/data/sce_inter-sample_ro1-dlpfc.rda""","""$launchDir/data/ypb_inter-sample_ro1-dlpfc.rda""","""$launchDir/data/lindex_inter-sample_ro1-dlpfc.rda""","""$launchDir/data/true-proportions_inter-sample_ro1-dlpfc.rda""","deconrnaseq"
550,"Br8325_mid;Br2720_mid;Br3942_ant","k2","counts_adj","""$launchDir/data/sce_inter-sample_ro1-dlpfc.rda""","""$launchDir/data/ypb_inter-sample_ro1-dlpfc.rda""","""$launchDir/data/lindex_inter-sample_ro1-dlpfc.rda""","""$launchDir/data/true-proportions_inter-sample_ro1-dlpfc.rda""","deconrnaseq"
551,"Br2720_mid;Br8325_ant;Br3942_ant","k2","counts_adj","""$launchDir/data/sce_inter-sample_ro1-dlpfc.rda""","""$launchDir/data/ypb_inter-sample_ro1-dlpfc.rda""","""$launchDir/data/lindex_inter-sample_ro1-dlpfc.rda""","""$launchDir/data/true-proportions_inter-sample_ro1-dlpfc.rda""","deconrnaseq"
552,"Br2720_mid;Br2743_ant;Br2743_mid","k2","counts_adj","""$launchDir/data/sce_inter-sample_ro1-dlpfc.rda""","""$launchDir/data/ypb_inter-sample_ro1-dlpfc.rda""","""$launchDir/data/lindex_inter-sample_ro1-dlpfc.rda""","""$launchDir/data/true-proportions_inter-sample_ro1-dlpfc.rda""","deconrnaseq"
553,"Br2743_ant;Br3942_mid;Br8492_mid","k2","counts_adj","""$launchDir/data/sce_inter-sample_ro1-dlpfc.rda""","""$launchDir/data/ypb_inter-sample_ro1-dlpfc.rda""","""$launchDir/data/lindex_inter-sample_ro1-dlpfc.rda""","""$launchDir/data/true-proportions_inter-sample_ro1-dlpfc.rda""","deconrnaseq"
554,"Br3942_ant;Br2743_mid;Br2720_mid","k2","counts_adj","""$launchDir/data/sce_inter-sample_ro1-dlpfc.rda""","""$launchDir/data/ypb_inter-sample_ro1-dlpfc.rda""","""$launchDir/data/lindex_inter-sample_ro1-dlpfc.rda""","""$launchDir/data/true-proportions_inter-sample_ro1-dlpfc.rda""","deconrnaseq"
555,"Br6471_mid;Br6423_ant;Br8492_post","k2","counts_adj","""$launchDir/data/sce_inter-sample_ro1-dlpfc.rda""","""$launchDir/data/ypb_inter-sample_ro1-dlpfc.rda""","""$launchDir/data/lindex_inter-sample_ro1-dlpfc.rda""","""$launchDir/data/true-proportions_inter-sample_ro1-dlpfc.rda""","deconrnaseq"
556,"Br6423_post;Br6471_mid;Br6423_ant","k2","counts_adj","""$launchDir/data/sce_inter-sample_ro1-dlpfc.rda""","""$launchDir/data/ypb_inter-sample_ro1-dlpfc.rda""","""$launchDir/data/lindex_inter-sample_ro1-dlpfc.rda""","""$launchDir/data/true-proportions_inter-sample_ro1-dlpfc.rda""","deconrnaseq"
557,"Br6471_mid;Br2720_mid;Br2743_ant","k2","counts_adj","""$launchDir/data/sce_inter-sample_ro1-dlpfc.rda""","""$launchDir/data/ypb_inter-sample_ro1-dlpfc.rda""","""$launchDir/data/lindex_inter-sample_ro1-dlpfc.rda""","""$launchDir/data/true-proportions_inter-sample_ro1-dlpfc.rda""","deconrnaseq"
558,"Br8492_post;Br6423_post;Br8325_mid","k2","counts_adj","""$launchDir/data/sce_inter-sample_ro1-dlpfc.rda""","""$launchDir/data/ypb_inter-sample_ro1-dlpfc.rda""","""$launchDir/data/lindex_inter-sample_ro1-dlpfc.rda""","""$launchDir/data/true-proportions_inter-sample_ro1-dlpfc.rda""","deconrnaseq"
559,"Br8492_mid;Br2743_ant;Br8325_mid","k2","counts_adj","""$launchDir/data/sce_inter-sample_ro1-dlpfc.rda""","""$launchDir/data/ypb_inter-sample_ro1-dlpfc.rda""","""$launchDir/data/lindex_inter-sample_ro1-dlpfc.rda""","""$launchDir/data/true-proportions_inter-sample_ro1-dlpfc.rda""","deconrnaseq"
560,"Br6423_post;Br8492_post;Br3942_mid","k2","counts_adj","""$launchDir/data/sce_inter-sample_ro1-dlpfc.rda""","""$launchDir/data/ypb_inter-sample_ro1-dlpfc.rda""","""$launchDir/data/lindex_inter-sample_ro1-dlpfc.rda""","""$launchDir/data/true-proportions_inter-sample_ro1-dlpfc.rda""","deconrnaseq"
561,"Br2743_ant;Br8492_post;Br8325_mid","k2","counts_adj","""$launchDir/data/sce_inter-sample_ro1-dlpfc.rda""","""$launchDir/data/ypb_inter-sample_ro1-dlpfc.rda""","""$launchDir/data/lindex_inter-sample_ro1-dlpfc.rda""","""$launchDir/data/true-proportions_inter-sample_ro1-dlpfc.rda""","deconrnaseq"
562,"Br6423_post;Br8325_ant;Br6423_ant","k2","counts_adj","""$launchDir/data/sce_inter-sample_ro1-dlpfc.rda""","""$launchDir/data/ypb_inter-sample_ro1-dlpfc.rda""","""$launchDir/data/lindex_inter-sample_ro1-dlpfc.rda""","""$launchDir/data/true-proportions_inter-sample_ro1-dlpfc.rda""","deconrnaseq"
563,"Br2743_mid;Br8492_post;Br2720_mid","k2","counts_adj","""$launchDir/data/sce_inter-sample_ro1-dlpfc.rda""","""$launchDir/data/ypb_inter-sample_ro1-dlpfc.rda""","""$launchDir/data/lindex_inter-sample_ro1-dlpfc.rda""","""$launchDir/data/true-proportions_inter-sample_ro1-dlpfc.rda""","deconrnaseq"
564,"Br8325_ant;Br6423_ant;Br2743_ant","k2","counts_adj","""$launchDir/data/sce_inter-sample_ro1-dlpfc.rda""","""$launchDir/data/ypb_inter-sample_ro1-dlpfc.rda""","""$launchDir/data/lindex_inter-sample_ro1-dlpfc.rda""","""$launchDir/data/true-proportions_inter-sample_ro1-dlpfc.rda""","deconrnaseq"
565,"Br6423_ant;Br6423_post;Br6471_mid","k2","counts_adj","""$launchDir/data/sce_inter-sample_ro1-dlpfc.rda""","""$launchDir/data/ypb_inter-sample_ro1-dlpfc.rda""","""$launchDir/data/lindex_inter-sample_ro1-dlpfc.rda""","""$launchDir/data/true-proportions_inter-sample_ro1-dlpfc.rda""","deconrnaseq"
566,"Br8492_post;Br8492_mid;Br2743_mid","k2","counts_adj","""$launchDir/data/sce_inter-sample_ro1-dlpfc.rda""","""$launchDir/data/ypb_inter-sample_ro1-dlpfc.rda""","""$launchDir/data/lindex_inter-sample_ro1-dlpfc.rda""","""$launchDir/data/true-proportions_inter-sample_ro1-dlpfc.rda""","deconrnaseq"
567,"Br2743_ant;Br2743_mid;Br8492_post","k2","counts_adj","""$launchDir/data/sce_inter-sample_ro1-dlpfc.rda""","""$launchDir/data/ypb_inter-sample_ro1-dlpfc.rda""","""$launchDir/data/lindex_inter-sample_ro1-dlpfc.rda""","""$launchDir/data/true-proportions_inter-sample_ro1-dlpfc.rda""","deconrnaseq"
568,"Br8325_ant;Br8492_mid;Br8325_mid","k2","counts_adj","""$launchDir/data/sce_inter-sample_ro1-dlpfc.rda""","""$launchDir/data/ypb_inter-sample_ro1-dlpfc.rda""","""$launchDir/data/lindex_inter-sample_ro1-dlpfc.rda""","""$launchDir/data/true-proportions_inter-sample_ro1-dlpfc.rda""","deconrnaseq"
569,"Br6423_post;Br2720_mid;Br6423_ant","k2","counts_adj","""$launchDir/data/sce_inter-sample_ro1-dlpfc.rda""","""$launchDir/data/ypb_inter-sample_ro1-dlpfc.rda""","""$launchDir/data/lindex_inter-sample_ro1-dlpfc.rda""","""$launchDir/data/true-proportions_inter-sample_ro1-dlpfc.rda""","deconrnaseq"
570,"Br8492_mid;Br3942_ant;Br2720_mid","k2","counts_adj","""$launchDir/data/sce_inter-sample_ro1-dlpfc.rda""","""$launchDir/data/ypb_inter-sample_ro1-dlpfc.rda""","""$launchDir/data/lindex_inter-sample_ro1-dlpfc.rda""","""$launchDir/data/true-proportions_inter-sample_ro1-dlpfc.rda""","deconrnaseq"
571,"Br2743_ant;Br3942_ant;Br8492_mid","k2","counts_adj","""$launchDir/data/sce_inter-sample_ro1-dlpfc.rda""","""$launchDir/data/ypb_inter-sample_ro1-dlpfc.rda""","""$launchDir/data/lindex_inter-sample_ro1-dlpfc.rda""","""$launchDir/data/true-proportions_inter-sample_ro1-dlpfc.rda""","deconrnaseq"
572,"Br8325_mid;Br8492_mid;Br8492_post","k2","counts_adj","""$launchDir/data/sce_inter-sample_ro1-dlpfc.rda""","""$launchDir/data/ypb_inter-sample_ro1-dlpfc.rda""","""$launchDir/data/lindex_inter-sample_ro1-dlpfc.rda""","""$launchDir/data/true-proportions_inter-sample_ro1-dlpfc.rda""","deconrnaseq"
573,"Br8492_post;Br2743_ant;Br2720_mid","k2","counts_adj","""$launchDir/data/sce_inter-sample_ro1-dlpfc.rda""","""$launchDir/data/ypb_inter-sample_ro1-dlpfc.rda""","""$launchDir/data/lindex_inter-sample_ro1-dlpfc.rda""","""$launchDir/data/true-proportions_inter-sample_ro1-dlpfc.rda""","deconrnaseq"
574,"Br6471_mid;Br8492_post;Br2720_mid","k2","counts_adj","""$launchDir/data/sce_inter-sample_ro1-dlpfc.rda""","""$launchDir/data/ypb_inter-sample_ro1-dlpfc.rda""","""$launchDir/data/lindex_inter-sample_ro1-dlpfc.rda""","""$launchDir/data/true-proportions_inter-sample_ro1-dlpfc.rda""","deconrnaseq"
575,"Br8492_post;Br3942_mid;Br6471_mid","k2","counts_adj","""$launchDir/data/sce_inter-sample_ro1-dlpfc.rda""","""$launchDir/data/ypb_inter-sample_ro1-dlpfc.rda""","""$launchDir/data/lindex_inter-sample_ro1-dlpfc.rda""","""$launchDir/data/true-proportions_inter-sample_ro1-dlpfc.rda""","deconrnaseq"
576,"Br8325_mid;Br8492_post;Br6423_post","k2","counts_adj","""$launchDir/data/sce_inter-sample_ro1-dlpfc.rda""","""$launchDir/data/ypb_inter-sample_ro1-dlpfc.rda""","""$launchDir/data/lindex_inter-sample_ro1-dlpfc.rda""","""$launchDir/data/true-proportions_inter-sample_ro1-dlpfc.rda""","deconrnaseq"
577,"Br8325_mid;Br6471_mid;Br2720_mid","k2","counts_adj","""$launchDir/data/sce_inter-sample_ro1-dlpfc.rda""","""$launchDir/data/ypb_inter-sample_ro1-dlpfc.rda""","""$launchDir/data/lindex_inter-sample_ro1-dlpfc.rda""","""$launchDir/data/true-proportions_inter-sample_ro1-dlpfc.rda""","deconrnaseq"
578,"Br8492_mid;Br6423_post;Br3942_mid","k2","counts_adj","""$launchDir/data/sce_inter-sample_ro1-dlpfc.rda""","""$launchDir/data/ypb_inter-sample_ro1-dlpfc.rda""","""$launchDir/data/lindex_inter-sample_ro1-dlpfc.rda""","""$launchDir/data/true-proportions_inter-sample_ro1-dlpfc.rda""","deconrnaseq"
579,"Br2720_mid;Br8492_mid;Br2743_mid","k2","counts_adj","""$launchDir/data/sce_inter-sample_ro1-dlpfc.rda""","""$launchDir/data/ypb_inter-sample_ro1-dlpfc.rda""","""$launchDir/data/lindex_inter-sample_ro1-dlpfc.rda""","""$launchDir/data/true-proportions_inter-sample_ro1-dlpfc.rda""","deconrnaseq"
580,"Br8492_mid;Br6423_post;Br2743_ant","k2","counts_adj","""$launchDir/data/sce_inter-sample_ro1-dlpfc.rda""","""$launchDir/data/ypb_inter-sample_ro1-dlpfc.rda""","""$launchDir/data/lindex_inter-sample_ro1-dlpfc.rda""","""$launchDir/data/true-proportions_inter-sample_ro1-dlpfc.rda""","deconrnaseq"
581,"Br2720_mid;Br8492_mid;Br8325_ant","k2","counts_adj","""$launchDir/data/sce_inter-sample_ro1-dlpfc.rda""","""$launchDir/data/ypb_inter-sample_ro1-dlpfc.rda""","""$launchDir/data/lindex_inter-sample_ro1-dlpfc.rda""","""$launchDir/data/true-proportions_inter-sample_ro1-dlpfc.rda""","deconrnaseq"
582,"Br8325_ant;Br8492_mid;Br2743_mid","k2","counts_adj","""$launchDir/data/sce_inter-sample_ro1-dlpfc.rda""","""$launchDir/data/ypb_inter-sample_ro1-dlpfc.rda""","""$launchDir/data/lindex_inter-sample_ro1-dlpfc.rda""","""$launchDir/data/true-proportions_inter-sample_ro1-dlpfc.rda""","deconrnaseq"
583,"Br8492_mid;Br8325_ant;Br2743_mid","k2","counts_adj","""$launchDir/data/sce_inter-sample_ro1-dlpfc.rda""","""$launchDir/data/ypb_inter-sample_ro1-dlpfc.rda""","""$launchDir/data/lindex_inter-sample_ro1-dlpfc.rda""","""$launchDir/data/true-proportions_inter-sample_ro1-dlpfc.rda""","deconrnaseq"
584,"Br8492_mid;Br2743_mid;Br6471_mid","k2","counts_adj","""$launchDir/data/sce_inter-sample_ro1-dlpfc.rda""","""$launchDir/data/ypb_inter-sample_ro1-dlpfc.rda""","""$launchDir/data/lindex_inter-sample_ro1-dlpfc.rda""","""$launchDir/data/true-proportions_inter-sample_ro1-dlpfc.rda""","deconrnaseq"
585,"Br3942_ant;Br8325_ant;Br6423_ant","k2","counts_adj","""$launchDir/data/sce_inter-sample_ro1-dlpfc.rda""","""$launchDir/data/ypb_inter-sample_ro1-dlpfc.rda""","""$launchDir/data/lindex_inter-sample_ro1-dlpfc.rda""","""$launchDir/data/true-proportions_inter-sample_ro1-dlpfc.rda""","deconrnaseq"
586,"Br6423_ant;Br2743_ant;Br3942_ant","k2","counts_adj","""$launchDir/data/sce_inter-sample_ro1-dlpfc.rda""","""$launchDir/data/ypb_inter-sample_ro1-dlpfc.rda""","""$launchDir/data/lindex_inter-sample_ro1-dlpfc.rda""","""$launchDir/data/true-proportions_inter-sample_ro1-dlpfc.rda""","deconrnaseq"
587,"Br8492_post;Br8492_mid;Br2720_mid","k2","counts_adj","""$launchDir/data/sce_inter-sample_ro1-dlpfc.rda""","""$launchDir/data/ypb_inter-sample_ro1-dlpfc.rda""","""$launchDir/data/lindex_inter-sample_ro1-dlpfc.rda""","""$launchDir/data/true-proportions_inter-sample_ro1-dlpfc.rda""","deconrnaseq"
588,"Br6423_post;Br3942_ant;Br8492_post","k2","counts_adj","""$launchDir/data/sce_inter-sample_ro1-dlpfc.rda""","""$launchDir/data/ypb_inter-sample_ro1-dlpfc.rda""","""$launchDir/data/lindex_inter-sample_ro1-dlpfc.rda""","""$launchDir/data/true-proportions_inter-sample_ro1-dlpfc.rda""","deconrnaseq"
589,"Br6423_ant;Br6423_post;Br2743_ant","k2","counts_adj","""$launchDir/data/sce_inter-sample_ro1-dlpfc.rda""","""$launchDir/data/ypb_inter-sample_ro1-dlpfc.rda""","""$launchDir/data/lindex_inter-sample_ro1-dlpfc.rda""","""$launchDir/data/true-proportions_inter-sample_ro1-dlpfc.rda""","deconrnaseq"
590,"Br2720_mid;Br8492_mid;Br2743_mid","k2","counts_adj","""$launchDir/data/sce_inter-sample_ro1-dlpfc.rda""","""$launchDir/data/ypb_inter-sample_ro1-dlpfc.rda""","""$launchDir/data/lindex_inter-sample_ro1-dlpfc.rda""","""$launchDir/data/true-proportions_inter-sample_ro1-dlpfc.rda""","deconrnaseq"
591,"Br8325_ant;Br2743_mid;Br8492_post","k2","counts_adj","""$launchDir/data/sce_inter-sample_ro1-dlpfc.rda""","""$launchDir/data/ypb_inter-sample_ro1-dlpfc.rda""","""$launchDir/data/lindex_inter-sample_ro1-dlpfc.rda""","""$launchDir/data/true-proportions_inter-sample_ro1-dlpfc.rda""","deconrnaseq"
592,"Br8325_ant;Br3942_mid;Br8492_mid","k2","counts_adj","""$launchDir/data/sce_inter-sample_ro1-dlpfc.rda""","""$launchDir/data/ypb_inter-sample_ro1-dlpfc.rda""","""$launchDir/data/lindex_inter-sample_ro1-dlpfc.rda""","""$launchDir/data/true-proportions_inter-sample_ro1-dlpfc.rda""","deconrnaseq"
593,"Br8325_mid;Br8325_ant;Br3942_mid","k2","counts_adj","""$launchDir/data/sce_inter-sample_ro1-dlpfc.rda""","""$launchDir/data/ypb_inter-sample_ro1-dlpfc.rda""","""$launchDir/data/lindex_inter-sample_ro1-dlpfc.rda""","""$launchDir/data/true-proportions_inter-sample_ro1-dlpfc.rda""","deconrnaseq"
594,"Br6423_post;Br8325_ant;Br2720_mid","k2","counts_adj","""$launchDir/data/sce_inter-sample_ro1-dlpfc.rda""","""$launchDir/data/ypb_inter-sample_ro1-dlpfc.rda""","""$launchDir/data/lindex_inter-sample_ro1-dlpfc.rda""","""$launchDir/data/true-proportions_inter-sample_ro1-dlpfc.rda""","deconrnaseq"
595,"Br2720_mid;Br2743_ant;Br3942_ant","k2","counts_adj","""$launchDir/data/sce_inter-sample_ro1-dlpfc.rda""","""$launchDir/data/ypb_inter-sample_ro1-dlpfc.rda""","""$launchDir/data/lindex_inter-sample_ro1-dlpfc.rda""","""$launchDir/data/true-proportions_inter-sample_ro1-dlpfc.rda""","deconrnaseq"
596,"Br3942_ant;Br8492_mid;Br2743_mid","k2","counts_adj","""$launchDir/data/sce_inter-sample_ro1-dlpfc.rda""","""$launchDir/data/ypb_inter-sample_ro1-dlpfc.rda""","""$launchDir/data/lindex_inter-sample_ro1-dlpfc.rda""","""$launchDir/data/true-proportions_inter-sample_ro1-dlpfc.rda""","deconrnaseq"
597,"Br3942_ant;Br8325_mid;Br8325_ant","k2","counts_adj","""$launchDir/data/sce_inter-sample_ro1-dlpfc.rda""","""$launchDir/data/ypb_inter-sample_ro1-dlpfc.rda""","""$launchDir/data/lindex_inter-sample_ro1-dlpfc.rda""","""$launchDir/data/true-proportions_inter-sample_ro1-dlpfc.rda""","deconrnaseq"
598,"Br8325_mid;Br8325_ant;Br2720_mid","k2","counts_adj","""$launchDir/data/sce_inter-sample_ro1-dlpfc.rda""","""$launchDir/data/ypb_inter-sample_ro1-dlpfc.rda""","""$launchDir/data/lindex_inter-sample_ro1-dlpfc.rda""","""$launchDir/data/true-proportions_inter-sample_ro1-dlpfc.rda""","deconrnaseq"
599,"Br8492_mid;Br8492_post;Br3942_ant","k2","counts_adj","""$launchDir/data/sce_inter-sample_ro1-dlpfc.rda""","""$launchDir/data/ypb_inter-sample_ro1-dlpfc.rda""","""$launchDir/data/lindex_inter-sample_ro1-dlpfc.rda""","""$launchDir/data/true-proportions_inter-sample_ro1-dlpfc.rda""","deconrnaseq"
600,"Br8492_post;Br2743_mid;Br8492_mid","k2","counts_adj","""$launchDir/data/sce_inter-sample_ro1-dlpfc.rda""","""$launchDir/data/ypb_inter-sample_ro1-dlpfc.rda""","""$launchDir/data/lindex_inter-sample_ro1-dlpfc.rda""","""$launchDir/data/true-proportions_inter-sample_ro1-dlpfc.rda""","deconrnaseq"
