"iterations_index","sample_id","celltype_variable","assay_name","sce_filepath","bulk_filepath","list_index_filepath","true_proportions_filepath","method"
201,"Br6423_post;Br3942_ant;Br3942_mid","k2","counts_adj","""$launchDir/data/sce_inter-sample_ro1-dlpfc.rda""","""$launchDir/data/ypb_inter-sample_ro1-dlpfc.rda""","""$launchDir/data/lindex_inter-sample_ro1-dlpfc.rda""","""$launchDir/data/true-proportions_inter-sample_ro1-dlpfc.rda""","deconrnaseq"
202,"Br8492_post;Br3942_ant;Br2743_mid","k2","counts_adj","""$launchDir/data/sce_inter-sample_ro1-dlpfc.rda""","""$launchDir/data/ypb_inter-sample_ro1-dlpfc.rda""","""$launchDir/data/lindex_inter-sample_ro1-dlpfc.rda""","""$launchDir/data/true-proportions_inter-sample_ro1-dlpfc.rda""","deconrnaseq"
203,"Br2743_ant;Br8325_mid;Br8492_post","k2","counts_adj","""$launchDir/data/sce_inter-sample_ro1-dlpfc.rda""","""$launchDir/data/ypb_inter-sample_ro1-dlpfc.rda""","""$launchDir/data/lindex_inter-sample_ro1-dlpfc.rda""","""$launchDir/data/true-proportions_inter-sample_ro1-dlpfc.rda""","deconrnaseq"
204,"Br2720_mid;Br3942_ant;Br8492_post","k2","counts_adj","""$launchDir/data/sce_inter-sample_ro1-dlpfc.rda""","""$launchDir/data/ypb_inter-sample_ro1-dlpfc.rda""","""$launchDir/data/lindex_inter-sample_ro1-dlpfc.rda""","""$launchDir/data/true-proportions_inter-sample_ro1-dlpfc.rda""","deconrnaseq"
205,"Br3942_mid;Br3942_ant;Br8492_mid","k2","counts_adj","""$launchDir/data/sce_inter-sample_ro1-dlpfc.rda""","""$launchDir/data/ypb_inter-sample_ro1-dlpfc.rda""","""$launchDir/data/lindex_inter-sample_ro1-dlpfc.rda""","""$launchDir/data/true-proportions_inter-sample_ro1-dlpfc.rda""","deconrnaseq"
206,"Br3942_mid;Br2720_mid;Br8492_mid","k2","counts_adj","""$launchDir/data/sce_inter-sample_ro1-dlpfc.rda""","""$launchDir/data/ypb_inter-sample_ro1-dlpfc.rda""","""$launchDir/data/lindex_inter-sample_ro1-dlpfc.rda""","""$launchDir/data/true-proportions_inter-sample_ro1-dlpfc.rda""","deconrnaseq"
207,"Br2720_mid;Br3942_mid;Br6471_mid","k2","counts_adj","""$launchDir/data/sce_inter-sample_ro1-dlpfc.rda""","""$launchDir/data/ypb_inter-sample_ro1-dlpfc.rda""","""$launchDir/data/lindex_inter-sample_ro1-dlpfc.rda""","""$launchDir/data/true-proportions_inter-sample_ro1-dlpfc.rda""","deconrnaseq"
208,"Br6471_mid;Br8492_post;Br3942_mid","k2","counts_adj","""$launchDir/data/sce_inter-sample_ro1-dlpfc.rda""","""$launchDir/data/ypb_inter-sample_ro1-dlpfc.rda""","""$launchDir/data/lindex_inter-sample_ro1-dlpfc.rda""","""$launchDir/data/true-proportions_inter-sample_ro1-dlpfc.rda""","deconrnaseq"
209,"Br6423_post;Br2720_mid;Br3942_ant","k2","counts_adj","""$launchDir/data/sce_inter-sample_ro1-dlpfc.rda""","""$launchDir/data/ypb_inter-sample_ro1-dlpfc.rda""","""$launchDir/data/lindex_inter-sample_ro1-dlpfc.rda""","""$launchDir/data/true-proportions_inter-sample_ro1-dlpfc.rda""","deconrnaseq"
210,"Br3942_mid;Br8492_post;Br3942_ant","k2","counts_adj","""$launchDir/data/sce_inter-sample_ro1-dlpfc.rda""","""$launchDir/data/ypb_inter-sample_ro1-dlpfc.rda""","""$launchDir/data/lindex_inter-sample_ro1-dlpfc.rda""","""$launchDir/data/true-proportions_inter-sample_ro1-dlpfc.rda""","deconrnaseq"
211,"Br8325_mid;Br6423_ant;Br2720_mid","k2","counts_adj","""$launchDir/data/sce_inter-sample_ro1-dlpfc.rda""","""$launchDir/data/ypb_inter-sample_ro1-dlpfc.rda""","""$launchDir/data/lindex_inter-sample_ro1-dlpfc.rda""","""$launchDir/data/true-proportions_inter-sample_ro1-dlpfc.rda""","deconrnaseq"
212,"Br6423_ant;Br6423_post;Br8325_mid","k2","counts_adj","""$launchDir/data/sce_inter-sample_ro1-dlpfc.rda""","""$launchDir/data/ypb_inter-sample_ro1-dlpfc.rda""","""$launchDir/data/lindex_inter-sample_ro1-dlpfc.rda""","""$launchDir/data/true-proportions_inter-sample_ro1-dlpfc.rda""","deconrnaseq"
213,"Br8325_ant;Br2743_ant;Br6471_mid","k2","counts_adj","""$launchDir/data/sce_inter-sample_ro1-dlpfc.rda""","""$launchDir/data/ypb_inter-sample_ro1-dlpfc.rda""","""$launchDir/data/lindex_inter-sample_ro1-dlpfc.rda""","""$launchDir/data/true-proportions_inter-sample_ro1-dlpfc.rda""","deconrnaseq"
214,"Br2743_mid;Br2743_ant;Br6471_mid","k2","counts_adj","""$launchDir/data/sce_inter-sample_ro1-dlpfc.rda""","""$launchDir/data/ypb_inter-sample_ro1-dlpfc.rda""","""$launchDir/data/lindex_inter-sample_ro1-dlpfc.rda""","""$launchDir/data/true-proportions_inter-sample_ro1-dlpfc.rda""","deconrnaseq"
215,"Br6423_ant;Br2743_mid;Br3942_mid","k2","counts_adj","""$launchDir/data/sce_inter-sample_ro1-dlpfc.rda""","""$launchDir/data/ypb_inter-sample_ro1-dlpfc.rda""","""$launchDir/data/lindex_inter-sample_ro1-dlpfc.rda""","""$launchDir/data/true-proportions_inter-sample_ro1-dlpfc.rda""","deconrnaseq"
216,"Br8325_ant;Br6423_ant;Br2743_mid","k2","counts_adj","""$launchDir/data/sce_inter-sample_ro1-dlpfc.rda""","""$launchDir/data/ypb_inter-sample_ro1-dlpfc.rda""","""$launchDir/data/lindex_inter-sample_ro1-dlpfc.rda""","""$launchDir/data/true-proportions_inter-sample_ro1-dlpfc.rda""","deconrnaseq"
217,"Br6471_mid;Br8492_post;Br8492_mid","k2","counts_adj","""$launchDir/data/sce_inter-sample_ro1-dlpfc.rda""","""$launchDir/data/ypb_inter-sample_ro1-dlpfc.rda""","""$launchDir/data/lindex_inter-sample_ro1-dlpfc.rda""","""$launchDir/data/true-proportions_inter-sample_ro1-dlpfc.rda""","deconrnaseq"
218,"Br6471_mid;Br6423_post;Br2743_ant","k2","counts_adj","""$launchDir/data/sce_inter-sample_ro1-dlpfc.rda""","""$launchDir/data/ypb_inter-sample_ro1-dlpfc.rda""","""$launchDir/data/lindex_inter-sample_ro1-dlpfc.rda""","""$launchDir/data/true-proportions_inter-sample_ro1-dlpfc.rda""","deconrnaseq"
219,"Br2720_mid;Br6423_post;Br6423_ant","k2","counts_adj","""$launchDir/data/sce_inter-sample_ro1-dlpfc.rda""","""$launchDir/data/ypb_inter-sample_ro1-dlpfc.rda""","""$launchDir/data/lindex_inter-sample_ro1-dlpfc.rda""","""$launchDir/data/true-proportions_inter-sample_ro1-dlpfc.rda""","deconrnaseq"
220,"Br2720_mid;Br6423_post;Br8492_mid","k2","counts_adj","""$launchDir/data/sce_inter-sample_ro1-dlpfc.rda""","""$launchDir/data/ypb_inter-sample_ro1-dlpfc.rda""","""$launchDir/data/lindex_inter-sample_ro1-dlpfc.rda""","""$launchDir/data/true-proportions_inter-sample_ro1-dlpfc.rda""","deconrnaseq"
221,"Br8325_ant;Br8492_mid;Br2743_mid","k2","counts_adj","""$launchDir/data/sce_inter-sample_ro1-dlpfc.rda""","""$launchDir/data/ypb_inter-sample_ro1-dlpfc.rda""","""$launchDir/data/lindex_inter-sample_ro1-dlpfc.rda""","""$launchDir/data/true-proportions_inter-sample_ro1-dlpfc.rda""","deconrnaseq"
222,"Br2743_ant;Br8492_post;Br8492_mid","k2","counts_adj","""$launchDir/data/sce_inter-sample_ro1-dlpfc.rda""","""$launchDir/data/ypb_inter-sample_ro1-dlpfc.rda""","""$launchDir/data/lindex_inter-sample_ro1-dlpfc.rda""","""$launchDir/data/true-proportions_inter-sample_ro1-dlpfc.rda""","deconrnaseq"
223,"Br2743_ant;Br8492_post;Br6423_post","k2","counts_adj","""$launchDir/data/sce_inter-sample_ro1-dlpfc.rda""","""$launchDir/data/ypb_inter-sample_ro1-dlpfc.rda""","""$launchDir/data/lindex_inter-sample_ro1-dlpfc.rda""","""$launchDir/data/true-proportions_inter-sample_ro1-dlpfc.rda""","deconrnaseq"
224,"Br3942_mid;Br3942_ant;Br6471_mid","k2","counts_adj","""$launchDir/data/sce_inter-sample_ro1-dlpfc.rda""","""$launchDir/data/ypb_inter-sample_ro1-dlpfc.rda""","""$launchDir/data/lindex_inter-sample_ro1-dlpfc.rda""","""$launchDir/data/true-proportions_inter-sample_ro1-dlpfc.rda""","deconrnaseq"
225,"Br8492_mid;Br2743_ant;Br6471_mid","k2","counts_adj","""$launchDir/data/sce_inter-sample_ro1-dlpfc.rda""","""$launchDir/data/ypb_inter-sample_ro1-dlpfc.rda""","""$launchDir/data/lindex_inter-sample_ro1-dlpfc.rda""","""$launchDir/data/true-proportions_inter-sample_ro1-dlpfc.rda""","deconrnaseq"
226,"Br2743_mid;Br2720_mid;Br6423_post","k2","counts_adj","""$launchDir/data/sce_inter-sample_ro1-dlpfc.rda""","""$launchDir/data/ypb_inter-sample_ro1-dlpfc.rda""","""$launchDir/data/lindex_inter-sample_ro1-dlpfc.rda""","""$launchDir/data/true-proportions_inter-sample_ro1-dlpfc.rda""","deconrnaseq"
227,"Br8492_mid;Br3942_ant;Br8492_post","k2","counts_adj","""$launchDir/data/sce_inter-sample_ro1-dlpfc.rda""","""$launchDir/data/ypb_inter-sample_ro1-dlpfc.rda""","""$launchDir/data/lindex_inter-sample_ro1-dlpfc.rda""","""$launchDir/data/true-proportions_inter-sample_ro1-dlpfc.rda""","deconrnaseq"
228,"Br8325_mid;Br6471_mid;Br8325_ant","k2","counts_adj","""$launchDir/data/sce_inter-sample_ro1-dlpfc.rda""","""$launchDir/data/ypb_inter-sample_ro1-dlpfc.rda""","""$launchDir/data/lindex_inter-sample_ro1-dlpfc.rda""","""$launchDir/data/true-proportions_inter-sample_ro1-dlpfc.rda""","deconrnaseq"
229,"Br2743_ant;Br2720_mid;Br3942_mid","k2","counts_adj","""$launchDir/data/sce_inter-sample_ro1-dlpfc.rda""","""$launchDir/data/ypb_inter-sample_ro1-dlpfc.rda""","""$launchDir/data/lindex_inter-sample_ro1-dlpfc.rda""","""$launchDir/data/true-proportions_inter-sample_ro1-dlpfc.rda""","deconrnaseq"
230,"Br3942_mid;Br6471_mid;Br8325_ant","k2","counts_adj","""$launchDir/data/sce_inter-sample_ro1-dlpfc.rda""","""$launchDir/data/ypb_inter-sample_ro1-dlpfc.rda""","""$launchDir/data/lindex_inter-sample_ro1-dlpfc.rda""","""$launchDir/data/true-proportions_inter-sample_ro1-dlpfc.rda""","deconrnaseq"
231,"Br8325_ant;Br8492_post;Br3942_ant","k2","counts_adj","""$launchDir/data/sce_inter-sample_ro1-dlpfc.rda""","""$launchDir/data/ypb_inter-sample_ro1-dlpfc.rda""","""$launchDir/data/lindex_inter-sample_ro1-dlpfc.rda""","""$launchDir/data/true-proportions_inter-sample_ro1-dlpfc.rda""","deconrnaseq"
232,"Br2743_ant;Br3942_ant;Br8492_post","k2","counts_adj","""$launchDir/data/sce_inter-sample_ro1-dlpfc.rda""","""$launchDir/data/ypb_inter-sample_ro1-dlpfc.rda""","""$launchDir/data/lindex_inter-sample_ro1-dlpfc.rda""","""$launchDir/data/true-proportions_inter-sample_ro1-dlpfc.rda""","deconrnaseq"
233,"Br6423_post;Br3942_mid;Br2743_ant","k2","counts_adj","""$launchDir/data/sce_inter-sample_ro1-dlpfc.rda""","""$launchDir/data/ypb_inter-sample_ro1-dlpfc.rda""","""$launchDir/data/lindex_inter-sample_ro1-dlpfc.rda""","""$launchDir/data/true-proportions_inter-sample_ro1-dlpfc.rda""","deconrnaseq"
234,"Br6471_mid;Br2743_mid;Br6423_ant","k2","counts_adj","""$launchDir/data/sce_inter-sample_ro1-dlpfc.rda""","""$launchDir/data/ypb_inter-sample_ro1-dlpfc.rda""","""$launchDir/data/lindex_inter-sample_ro1-dlpfc.rda""","""$launchDir/data/true-proportions_inter-sample_ro1-dlpfc.rda""","deconrnaseq"
235,"Br6471_mid;Br2720_mid;Br3942_mid","k2","counts_adj","""$launchDir/data/sce_inter-sample_ro1-dlpfc.rda""","""$launchDir/data/ypb_inter-sample_ro1-dlpfc.rda""","""$launchDir/data/lindex_inter-sample_ro1-dlpfc.rda""","""$launchDir/data/true-proportions_inter-sample_ro1-dlpfc.rda""","deconrnaseq"
236,"Br8492_post;Br2720_mid;Br6423_post","k2","counts_adj","""$launchDir/data/sce_inter-sample_ro1-dlpfc.rda""","""$launchDir/data/ypb_inter-sample_ro1-dlpfc.rda""","""$launchDir/data/lindex_inter-sample_ro1-dlpfc.rda""","""$launchDir/data/true-proportions_inter-sample_ro1-dlpfc.rda""","deconrnaseq"
237,"Br8492_post;Br6423_ant;Br8492_mid","k2","counts_adj","""$launchDir/data/sce_inter-sample_ro1-dlpfc.rda""","""$launchDir/data/ypb_inter-sample_ro1-dlpfc.rda""","""$launchDir/data/lindex_inter-sample_ro1-dlpfc.rda""","""$launchDir/data/true-proportions_inter-sample_ro1-dlpfc.rda""","deconrnaseq"
238,"Br6471_mid;Br6423_ant;Br8492_mid","k2","counts_adj","""$launchDir/data/sce_inter-sample_ro1-dlpfc.rda""","""$launchDir/data/ypb_inter-sample_ro1-dlpfc.rda""","""$launchDir/data/lindex_inter-sample_ro1-dlpfc.rda""","""$launchDir/data/true-proportions_inter-sample_ro1-dlpfc.rda""","deconrnaseq"
239,"Br8325_ant;Br2720_mid;Br6471_mid","k2","counts_adj","""$launchDir/data/sce_inter-sample_ro1-dlpfc.rda""","""$launchDir/data/ypb_inter-sample_ro1-dlpfc.rda""","""$launchDir/data/lindex_inter-sample_ro1-dlpfc.rda""","""$launchDir/data/true-proportions_inter-sample_ro1-dlpfc.rda""","deconrnaseq"
240,"Br3942_mid;Br2720_mid;Br8325_ant","k2","counts_adj","""$launchDir/data/sce_inter-sample_ro1-dlpfc.rda""","""$launchDir/data/ypb_inter-sample_ro1-dlpfc.rda""","""$launchDir/data/lindex_inter-sample_ro1-dlpfc.rda""","""$launchDir/data/true-proportions_inter-sample_ro1-dlpfc.rda""","deconrnaseq"
241,"Br2720_mid;Br8325_mid;Br2743_ant","k2","counts_adj","""$launchDir/data/sce_inter-sample_ro1-dlpfc.rda""","""$launchDir/data/ypb_inter-sample_ro1-dlpfc.rda""","""$launchDir/data/lindex_inter-sample_ro1-dlpfc.rda""","""$launchDir/data/true-proportions_inter-sample_ro1-dlpfc.rda""","deconrnaseq"
242,"Br6423_post;Br6471_mid;Br2743_mid","k2","counts_adj","""$launchDir/data/sce_inter-sample_ro1-dlpfc.rda""","""$launchDir/data/ypb_inter-sample_ro1-dlpfc.rda""","""$launchDir/data/lindex_inter-sample_ro1-dlpfc.rda""","""$launchDir/data/true-proportions_inter-sample_ro1-dlpfc.rda""","deconrnaseq"
243,"Br2743_mid;Br6423_post;Br2743_ant","k2","counts_adj","""$launchDir/data/sce_inter-sample_ro1-dlpfc.rda""","""$launchDir/data/ypb_inter-sample_ro1-dlpfc.rda""","""$launchDir/data/lindex_inter-sample_ro1-dlpfc.rda""","""$launchDir/data/true-proportions_inter-sample_ro1-dlpfc.rda""","deconrnaseq"
244,"Br3942_ant;Br3942_mid;Br8325_ant","k2","counts_adj","""$launchDir/data/sce_inter-sample_ro1-dlpfc.rda""","""$launchDir/data/ypb_inter-sample_ro1-dlpfc.rda""","""$launchDir/data/lindex_inter-sample_ro1-dlpfc.rda""","""$launchDir/data/true-proportions_inter-sample_ro1-dlpfc.rda""","deconrnaseq"
245,"Br8492_mid;Br2743_ant;Br2720_mid","k2","counts_adj","""$launchDir/data/sce_inter-sample_ro1-dlpfc.rda""","""$launchDir/data/ypb_inter-sample_ro1-dlpfc.rda""","""$launchDir/data/lindex_inter-sample_ro1-dlpfc.rda""","""$launchDir/data/true-proportions_inter-sample_ro1-dlpfc.rda""","deconrnaseq"
246,"Br8492_post;Br2743_ant;Br8325_ant","k2","counts_adj","""$launchDir/data/sce_inter-sample_ro1-dlpfc.rda""","""$launchDir/data/ypb_inter-sample_ro1-dlpfc.rda""","""$launchDir/data/lindex_inter-sample_ro1-dlpfc.rda""","""$launchDir/data/true-proportions_inter-sample_ro1-dlpfc.rda""","deconrnaseq"
247,"Br3942_ant;Br2720_mid;Br8325_ant","k2","counts_adj","""$launchDir/data/sce_inter-sample_ro1-dlpfc.rda""","""$launchDir/data/ypb_inter-sample_ro1-dlpfc.rda""","""$launchDir/data/lindex_inter-sample_ro1-dlpfc.rda""","""$launchDir/data/true-proportions_inter-sample_ro1-dlpfc.rda""","deconrnaseq"
248,"Br6423_post;Br8492_post;Br8325_mid","k2","counts_adj","""$launchDir/data/sce_inter-sample_ro1-dlpfc.rda""","""$launchDir/data/ypb_inter-sample_ro1-dlpfc.rda""","""$launchDir/data/lindex_inter-sample_ro1-dlpfc.rda""","""$launchDir/data/true-proportions_inter-sample_ro1-dlpfc.rda""","deconrnaseq"
249,"Br8492_mid;Br8325_ant;Br3942_mid","k2","counts_adj","""$launchDir/data/sce_inter-sample_ro1-dlpfc.rda""","""$launchDir/data/ypb_inter-sample_ro1-dlpfc.rda""","""$launchDir/data/lindex_inter-sample_ro1-dlpfc.rda""","""$launchDir/data/true-proportions_inter-sample_ro1-dlpfc.rda""","deconrnaseq"
250,"Br8492_post;Br2743_ant;Br8325_ant","k2","counts_adj","""$launchDir/data/sce_inter-sample_ro1-dlpfc.rda""","""$launchDir/data/ypb_inter-sample_ro1-dlpfc.rda""","""$launchDir/data/lindex_inter-sample_ro1-dlpfc.rda""","""$launchDir/data/true-proportions_inter-sample_ro1-dlpfc.rda""","deconrnaseq"
251,"Br2720_mid;Br3942_mid;Br8492_mid","k2","counts_adj","""$launchDir/data/sce_inter-sample_ro1-dlpfc.rda""","""$launchDir/data/ypb_inter-sample_ro1-dlpfc.rda""","""$launchDir/data/lindex_inter-sample_ro1-dlpfc.rda""","""$launchDir/data/true-proportions_inter-sample_ro1-dlpfc.rda""","deconrnaseq"
252,"Br3942_mid;Br2720_mid;Br6423_post","k2","counts_adj","""$launchDir/data/sce_inter-sample_ro1-dlpfc.rda""","""$launchDir/data/ypb_inter-sample_ro1-dlpfc.rda""","""$launchDir/data/lindex_inter-sample_ro1-dlpfc.rda""","""$launchDir/data/true-proportions_inter-sample_ro1-dlpfc.rda""","deconrnaseq"
253,"Br2743_mid;Br6423_post;Br3942_ant","k2","counts_adj","""$launchDir/data/sce_inter-sample_ro1-dlpfc.rda""","""$launchDir/data/ypb_inter-sample_ro1-dlpfc.rda""","""$launchDir/data/lindex_inter-sample_ro1-dlpfc.rda""","""$launchDir/data/true-proportions_inter-sample_ro1-dlpfc.rda""","deconrnaseq"
254,"Br8325_ant;Br3942_mid;Br3942_ant","k2","counts_adj","""$launchDir/data/sce_inter-sample_ro1-dlpfc.rda""","""$launchDir/data/ypb_inter-sample_ro1-dlpfc.rda""","""$launchDir/data/lindex_inter-sample_ro1-dlpfc.rda""","""$launchDir/data/true-proportions_inter-sample_ro1-dlpfc.rda""","deconrnaseq"
255,"Br8325_ant;Br2720_mid;Br8492_post","k2","counts_adj","""$launchDir/data/sce_inter-sample_ro1-dlpfc.rda""","""$launchDir/data/ypb_inter-sample_ro1-dlpfc.rda""","""$launchDir/data/lindex_inter-sample_ro1-dlpfc.rda""","""$launchDir/data/true-proportions_inter-sample_ro1-dlpfc.rda""","deconrnaseq"
256,"Br8492_post;Br8325_ant;Br8325_mid","k2","counts_adj","""$launchDir/data/sce_inter-sample_ro1-dlpfc.rda""","""$launchDir/data/ypb_inter-sample_ro1-dlpfc.rda""","""$launchDir/data/lindex_inter-sample_ro1-dlpfc.rda""","""$launchDir/data/true-proportions_inter-sample_ro1-dlpfc.rda""","deconrnaseq"
257,"Br2743_ant;Br6423_ant;Br6471_mid","k2","counts_adj","""$launchDir/data/sce_inter-sample_ro1-dlpfc.rda""","""$launchDir/data/ypb_inter-sample_ro1-dlpfc.rda""","""$launchDir/data/lindex_inter-sample_ro1-dlpfc.rda""","""$launchDir/data/true-proportions_inter-sample_ro1-dlpfc.rda""","deconrnaseq"
258,"Br3942_mid;Br8325_mid;Br6423_post","k2","counts_adj","""$launchDir/data/sce_inter-sample_ro1-dlpfc.rda""","""$launchDir/data/ypb_inter-sample_ro1-dlpfc.rda""","""$launchDir/data/lindex_inter-sample_ro1-dlpfc.rda""","""$launchDir/data/true-proportions_inter-sample_ro1-dlpfc.rda""","deconrnaseq"
259,"Br6423_post;Br6423_ant;Br3942_mid","k2","counts_adj","""$launchDir/data/sce_inter-sample_ro1-dlpfc.rda""","""$launchDir/data/ypb_inter-sample_ro1-dlpfc.rda""","""$launchDir/data/lindex_inter-sample_ro1-dlpfc.rda""","""$launchDir/data/true-proportions_inter-sample_ro1-dlpfc.rda""","deconrnaseq"
260,"Br3942_mid;Br3942_ant;Br6423_post","k2","counts_adj","""$launchDir/data/sce_inter-sample_ro1-dlpfc.rda""","""$launchDir/data/ypb_inter-sample_ro1-dlpfc.rda""","""$launchDir/data/lindex_inter-sample_ro1-dlpfc.rda""","""$launchDir/data/true-proportions_inter-sample_ro1-dlpfc.rda""","deconrnaseq"
261,"Br2720_mid;Br6471_mid;Br3942_mid","k2","counts_adj","""$launchDir/data/sce_inter-sample_ro1-dlpfc.rda""","""$launchDir/data/ypb_inter-sample_ro1-dlpfc.rda""","""$launchDir/data/lindex_inter-sample_ro1-dlpfc.rda""","""$launchDir/data/true-proportions_inter-sample_ro1-dlpfc.rda""","deconrnaseq"
262,"Br6423_ant;Br3942_mid;Br8325_mid","k2","counts_adj","""$launchDir/data/sce_inter-sample_ro1-dlpfc.rda""","""$launchDir/data/ypb_inter-sample_ro1-dlpfc.rda""","""$launchDir/data/lindex_inter-sample_ro1-dlpfc.rda""","""$launchDir/data/true-proportions_inter-sample_ro1-dlpfc.rda""","deconrnaseq"
263,"Br8492_post;Br6471_mid;Br8492_mid","k2","counts_adj","""$launchDir/data/sce_inter-sample_ro1-dlpfc.rda""","""$launchDir/data/ypb_inter-sample_ro1-dlpfc.rda""","""$launchDir/data/lindex_inter-sample_ro1-dlpfc.rda""","""$launchDir/data/true-proportions_inter-sample_ro1-dlpfc.rda""","deconrnaseq"
264,"Br2743_ant;Br8325_mid;Br2743_mid","k2","counts_adj","""$launchDir/data/sce_inter-sample_ro1-dlpfc.rda""","""$launchDir/data/ypb_inter-sample_ro1-dlpfc.rda""","""$launchDir/data/lindex_inter-sample_ro1-dlpfc.rda""","""$launchDir/data/true-proportions_inter-sample_ro1-dlpfc.rda""","deconrnaseq"
265,"Br6471_mid;Br2743_mid;Br8492_mid","k2","counts_adj","""$launchDir/data/sce_inter-sample_ro1-dlpfc.rda""","""$launchDir/data/ypb_inter-sample_ro1-dlpfc.rda""","""$launchDir/data/lindex_inter-sample_ro1-dlpfc.rda""","""$launchDir/data/true-proportions_inter-sample_ro1-dlpfc.rda""","deconrnaseq"
266,"Br8325_mid;Br6423_ant;Br2743_mid","k2","counts_adj","""$launchDir/data/sce_inter-sample_ro1-dlpfc.rda""","""$launchDir/data/ypb_inter-sample_ro1-dlpfc.rda""","""$launchDir/data/lindex_inter-sample_ro1-dlpfc.rda""","""$launchDir/data/true-proportions_inter-sample_ro1-dlpfc.rda""","deconrnaseq"
267,"Br8325_mid;Br8492_post;Br6423_post","k2","counts_adj","""$launchDir/data/sce_inter-sample_ro1-dlpfc.rda""","""$launchDir/data/ypb_inter-sample_ro1-dlpfc.rda""","""$launchDir/data/lindex_inter-sample_ro1-dlpfc.rda""","""$launchDir/data/true-proportions_inter-sample_ro1-dlpfc.rda""","deconrnaseq"
268,"Br2743_ant;Br6423_ant;Br6471_mid","k2","counts_adj","""$launchDir/data/sce_inter-sample_ro1-dlpfc.rda""","""$launchDir/data/ypb_inter-sample_ro1-dlpfc.rda""","""$launchDir/data/lindex_inter-sample_ro1-dlpfc.rda""","""$launchDir/data/true-proportions_inter-sample_ro1-dlpfc.rda""","deconrnaseq"
269,"Br8492_post;Br6423_ant;Br8325_mid","k2","counts_adj","""$launchDir/data/sce_inter-sample_ro1-dlpfc.rda""","""$launchDir/data/ypb_inter-sample_ro1-dlpfc.rda""","""$launchDir/data/lindex_inter-sample_ro1-dlpfc.rda""","""$launchDir/data/true-proportions_inter-sample_ro1-dlpfc.rda""","deconrnaseq"
270,"Br2743_mid;Br3942_mid;Br6471_mid","k2","counts_adj","""$launchDir/data/sce_inter-sample_ro1-dlpfc.rda""","""$launchDir/data/ypb_inter-sample_ro1-dlpfc.rda""","""$launchDir/data/lindex_inter-sample_ro1-dlpfc.rda""","""$launchDir/data/true-proportions_inter-sample_ro1-dlpfc.rda""","deconrnaseq"
271,"Br6423_ant;Br3942_ant;Br2743_mid","k2","counts_adj","""$launchDir/data/sce_inter-sample_ro1-dlpfc.rda""","""$launchDir/data/ypb_inter-sample_ro1-dlpfc.rda""","""$launchDir/data/lindex_inter-sample_ro1-dlpfc.rda""","""$launchDir/data/true-proportions_inter-sample_ro1-dlpfc.rda""","deconrnaseq"
272,"Br8325_mid;Br6423_ant;Br6423_post","k2","counts_adj","""$launchDir/data/sce_inter-sample_ro1-dlpfc.rda""","""$launchDir/data/ypb_inter-sample_ro1-dlpfc.rda""","""$launchDir/data/lindex_inter-sample_ro1-dlpfc.rda""","""$launchDir/data/true-proportions_inter-sample_ro1-dlpfc.rda""","deconrnaseq"
273,"Br3942_ant;Br8325_ant;Br6423_post","k2","counts_adj","""$launchDir/data/sce_inter-sample_ro1-dlpfc.rda""","""$launchDir/data/ypb_inter-sample_ro1-dlpfc.rda""","""$launchDir/data/lindex_inter-sample_ro1-dlpfc.rda""","""$launchDir/data/true-proportions_inter-sample_ro1-dlpfc.rda""","deconrnaseq"
274,"Br8492_post;Br8325_ant;Br6423_post","k2","counts_adj","""$launchDir/data/sce_inter-sample_ro1-dlpfc.rda""","""$launchDir/data/ypb_inter-sample_ro1-dlpfc.rda""","""$launchDir/data/lindex_inter-sample_ro1-dlpfc.rda""","""$launchDir/data/true-proportions_inter-sample_ro1-dlpfc.rda""","deconrnaseq"
275,"Br8492_post;Br6471_mid;Br3942_ant","k2","counts_adj","""$launchDir/data/sce_inter-sample_ro1-dlpfc.rda""","""$launchDir/data/ypb_inter-sample_ro1-dlpfc.rda""","""$launchDir/data/lindex_inter-sample_ro1-dlpfc.rda""","""$launchDir/data/true-proportions_inter-sample_ro1-dlpfc.rda""","deconrnaseq"
276,"Br3942_ant;Br8492_mid;Br8325_mid","k2","counts_adj","""$launchDir/data/sce_inter-sample_ro1-dlpfc.rda""","""$launchDir/data/ypb_inter-sample_ro1-dlpfc.rda""","""$launchDir/data/lindex_inter-sample_ro1-dlpfc.rda""","""$launchDir/data/true-proportions_inter-sample_ro1-dlpfc.rda""","deconrnaseq"
277,"Br8492_mid;Br2720_mid;Br6423_post","k2","counts_adj","""$launchDir/data/sce_inter-sample_ro1-dlpfc.rda""","""$launchDir/data/ypb_inter-sample_ro1-dlpfc.rda""","""$launchDir/data/lindex_inter-sample_ro1-dlpfc.rda""","""$launchDir/data/true-proportions_inter-sample_ro1-dlpfc.rda""","deconrnaseq"
278,"Br3942_mid;Br2743_ant;Br2743_mid","k2","counts_adj","""$launchDir/data/sce_inter-sample_ro1-dlpfc.rda""","""$launchDir/data/ypb_inter-sample_ro1-dlpfc.rda""","""$launchDir/data/lindex_inter-sample_ro1-dlpfc.rda""","""$launchDir/data/true-proportions_inter-sample_ro1-dlpfc.rda""","deconrnaseq"
279,"Br3942_mid;Br6423_ant;Br6471_mid","k2","counts_adj","""$launchDir/data/sce_inter-sample_ro1-dlpfc.rda""","""$launchDir/data/ypb_inter-sample_ro1-dlpfc.rda""","""$launchDir/data/lindex_inter-sample_ro1-dlpfc.rda""","""$launchDir/data/true-proportions_inter-sample_ro1-dlpfc.rda""","deconrnaseq"
280,"Br3942_ant;Br6471_mid;Br3942_mid","k2","counts_adj","""$launchDir/data/sce_inter-sample_ro1-dlpfc.rda""","""$launchDir/data/ypb_inter-sample_ro1-dlpfc.rda""","""$launchDir/data/lindex_inter-sample_ro1-dlpfc.rda""","""$launchDir/data/true-proportions_inter-sample_ro1-dlpfc.rda""","deconrnaseq"
281,"Br2743_ant;Br6423_ant;Br3942_mid","k2","counts_adj","""$launchDir/data/sce_inter-sample_ro1-dlpfc.rda""","""$launchDir/data/ypb_inter-sample_ro1-dlpfc.rda""","""$launchDir/data/lindex_inter-sample_ro1-dlpfc.rda""","""$launchDir/data/true-proportions_inter-sample_ro1-dlpfc.rda""","deconrnaseq"
282,"Br8325_mid;Br3942_ant;Br3942_mid","k2","counts_adj","""$launchDir/data/sce_inter-sample_ro1-dlpfc.rda""","""$launchDir/data/ypb_inter-sample_ro1-dlpfc.rda""","""$launchDir/data/lindex_inter-sample_ro1-dlpfc.rda""","""$launchDir/data/true-proportions_inter-sample_ro1-dlpfc.rda""","deconrnaseq"
283,"Br3942_mid;Br2743_mid;Br8325_ant","k2","counts_adj","""$launchDir/data/sce_inter-sample_ro1-dlpfc.rda""","""$launchDir/data/ypb_inter-sample_ro1-dlpfc.rda""","""$launchDir/data/lindex_inter-sample_ro1-dlpfc.rda""","""$launchDir/data/true-proportions_inter-sample_ro1-dlpfc.rda""","deconrnaseq"
284,"Br6423_post;Br3942_ant;Br8325_ant","k2","counts_adj","""$launchDir/data/sce_inter-sample_ro1-dlpfc.rda""","""$launchDir/data/ypb_inter-sample_ro1-dlpfc.rda""","""$launchDir/data/lindex_inter-sample_ro1-dlpfc.rda""","""$launchDir/data/true-proportions_inter-sample_ro1-dlpfc.rda""","deconrnaseq"
285,"Br2743_ant;Br8492_post;Br8492_mid","k2","counts_adj","""$launchDir/data/sce_inter-sample_ro1-dlpfc.rda""","""$launchDir/data/ypb_inter-sample_ro1-dlpfc.rda""","""$launchDir/data/lindex_inter-sample_ro1-dlpfc.rda""","""$launchDir/data/true-proportions_inter-sample_ro1-dlpfc.rda""","deconrnaseq"
286,"Br8492_post;Br8325_ant;Br3942_mid","k2","counts_adj","""$launchDir/data/sce_inter-sample_ro1-dlpfc.rda""","""$launchDir/data/ypb_inter-sample_ro1-dlpfc.rda""","""$launchDir/data/lindex_inter-sample_ro1-dlpfc.rda""","""$launchDir/data/true-proportions_inter-sample_ro1-dlpfc.rda""","deconrnaseq"
287,"Br3942_mid;Br6423_post;Br3942_ant","k2","counts_adj","""$launchDir/data/sce_inter-sample_ro1-dlpfc.rda""","""$launchDir/data/ypb_inter-sample_ro1-dlpfc.rda""","""$launchDir/data/lindex_inter-sample_ro1-dlpfc.rda""","""$launchDir/data/true-proportions_inter-sample_ro1-dlpfc.rda""","deconrnaseq"
288,"Br8492_mid;Br8325_ant;Br3942_ant","k2","counts_adj","""$launchDir/data/sce_inter-sample_ro1-dlpfc.rda""","""$launchDir/data/ypb_inter-sample_ro1-dlpfc.rda""","""$launchDir/data/lindex_inter-sample_ro1-dlpfc.rda""","""$launchDir/data/true-proportions_inter-sample_ro1-dlpfc.rda""","deconrnaseq"
289,"Br3942_mid;Br2743_ant;Br3942_ant","k2","counts_adj","""$launchDir/data/sce_inter-sample_ro1-dlpfc.rda""","""$launchDir/data/ypb_inter-sample_ro1-dlpfc.rda""","""$launchDir/data/lindex_inter-sample_ro1-dlpfc.rda""","""$launchDir/data/true-proportions_inter-sample_ro1-dlpfc.rda""","deconrnaseq"
290,"Br2720_mid;Br2743_ant;Br8325_ant","k2","counts_adj","""$launchDir/data/sce_inter-sample_ro1-dlpfc.rda""","""$launchDir/data/ypb_inter-sample_ro1-dlpfc.rda""","""$launchDir/data/lindex_inter-sample_ro1-dlpfc.rda""","""$launchDir/data/true-proportions_inter-sample_ro1-dlpfc.rda""","deconrnaseq"
291,"Br2743_ant;Br6423_ant;Br3942_mid","k2","counts_adj","""$launchDir/data/sce_inter-sample_ro1-dlpfc.rda""","""$launchDir/data/ypb_inter-sample_ro1-dlpfc.rda""","""$launchDir/data/lindex_inter-sample_ro1-dlpfc.rda""","""$launchDir/data/true-proportions_inter-sample_ro1-dlpfc.rda""","deconrnaseq"
292,"Br6423_ant;Br3942_mid;Br8325_ant","k2","counts_adj","""$launchDir/data/sce_inter-sample_ro1-dlpfc.rda""","""$launchDir/data/ypb_inter-sample_ro1-dlpfc.rda""","""$launchDir/data/lindex_inter-sample_ro1-dlpfc.rda""","""$launchDir/data/true-proportions_inter-sample_ro1-dlpfc.rda""","deconrnaseq"
293,"Br6423_post;Br2743_ant;Br8325_mid","k2","counts_adj","""$launchDir/data/sce_inter-sample_ro1-dlpfc.rda""","""$launchDir/data/ypb_inter-sample_ro1-dlpfc.rda""","""$launchDir/data/lindex_inter-sample_ro1-dlpfc.rda""","""$launchDir/data/true-proportions_inter-sample_ro1-dlpfc.rda""","deconrnaseq"
294,"Br6471_mid;Br3942_mid;Br6423_ant","k2","counts_adj","""$launchDir/data/sce_inter-sample_ro1-dlpfc.rda""","""$launchDir/data/ypb_inter-sample_ro1-dlpfc.rda""","""$launchDir/data/lindex_inter-sample_ro1-dlpfc.rda""","""$launchDir/data/true-proportions_inter-sample_ro1-dlpfc.rda""","deconrnaseq"
295,"Br3942_mid;Br2743_mid;Br8325_mid","k2","counts_adj","""$launchDir/data/sce_inter-sample_ro1-dlpfc.rda""","""$launchDir/data/ypb_inter-sample_ro1-dlpfc.rda""","""$launchDir/data/lindex_inter-sample_ro1-dlpfc.rda""","""$launchDir/data/true-proportions_inter-sample_ro1-dlpfc.rda""","deconrnaseq"
296,"Br2743_mid;Br3942_ant;Br8325_mid","k2","counts_adj","""$launchDir/data/sce_inter-sample_ro1-dlpfc.rda""","""$launchDir/data/ypb_inter-sample_ro1-dlpfc.rda""","""$launchDir/data/lindex_inter-sample_ro1-dlpfc.rda""","""$launchDir/data/true-proportions_inter-sample_ro1-dlpfc.rda""","deconrnaseq"
297,"Br6471_mid;Br8325_ant;Br8325_mid","k2","counts_adj","""$launchDir/data/sce_inter-sample_ro1-dlpfc.rda""","""$launchDir/data/ypb_inter-sample_ro1-dlpfc.rda""","""$launchDir/data/lindex_inter-sample_ro1-dlpfc.rda""","""$launchDir/data/true-proportions_inter-sample_ro1-dlpfc.rda""","deconrnaseq"
298,"Br2743_mid;Br6423_post;Br8492_post","k2","counts_adj","""$launchDir/data/sce_inter-sample_ro1-dlpfc.rda""","""$launchDir/data/ypb_inter-sample_ro1-dlpfc.rda""","""$launchDir/data/lindex_inter-sample_ro1-dlpfc.rda""","""$launchDir/data/true-proportions_inter-sample_ro1-dlpfc.rda""","deconrnaseq"
299,"Br2743_mid;Br3942_ant;Br6471_mid","k2","counts_adj","""$launchDir/data/sce_inter-sample_ro1-dlpfc.rda""","""$launchDir/data/ypb_inter-sample_ro1-dlpfc.rda""","""$launchDir/data/lindex_inter-sample_ro1-dlpfc.rda""","""$launchDir/data/true-proportions_inter-sample_ro1-dlpfc.rda""","deconrnaseq"
300,"Br8492_post;Br8325_mid;Br3942_mid","k2","counts_adj","""$launchDir/data/sce_inter-sample_ro1-dlpfc.rda""","""$launchDir/data/ypb_inter-sample_ro1-dlpfc.rda""","""$launchDir/data/lindex_inter-sample_ro1-dlpfc.rda""","""$launchDir/data/true-proportions_inter-sample_ro1-dlpfc.rda""","deconrnaseq"
301,"Br2743_mid;Br6423_post;Br8325_mid","k2","counts_adj","""$launchDir/data/sce_inter-sample_ro1-dlpfc.rda""","""$launchDir/data/ypb_inter-sample_ro1-dlpfc.rda""","""$launchDir/data/lindex_inter-sample_ro1-dlpfc.rda""","""$launchDir/data/true-proportions_inter-sample_ro1-dlpfc.rda""","deconrnaseq"
302,"Br8492_mid;Br8492_post;Br6423_ant","k2","counts_adj","""$launchDir/data/sce_inter-sample_ro1-dlpfc.rda""","""$launchDir/data/ypb_inter-sample_ro1-dlpfc.rda""","""$launchDir/data/lindex_inter-sample_ro1-dlpfc.rda""","""$launchDir/data/true-proportions_inter-sample_ro1-dlpfc.rda""","deconrnaseq"
303,"Br3942_mid;Br8492_mid;Br2743_mid","k2","counts_adj","""$launchDir/data/sce_inter-sample_ro1-dlpfc.rda""","""$launchDir/data/ypb_inter-sample_ro1-dlpfc.rda""","""$launchDir/data/lindex_inter-sample_ro1-dlpfc.rda""","""$launchDir/data/true-proportions_inter-sample_ro1-dlpfc.rda""","deconrnaseq"
304,"Br8492_post;Br6423_ant;Br8325_ant","k2","counts_adj","""$launchDir/data/sce_inter-sample_ro1-dlpfc.rda""","""$launchDir/data/ypb_inter-sample_ro1-dlpfc.rda""","""$launchDir/data/lindex_inter-sample_ro1-dlpfc.rda""","""$launchDir/data/true-proportions_inter-sample_ro1-dlpfc.rda""","deconrnaseq"
305,"Br8492_post;Br8492_mid;Br6423_ant","k2","counts_adj","""$launchDir/data/sce_inter-sample_ro1-dlpfc.rda""","""$launchDir/data/ypb_inter-sample_ro1-dlpfc.rda""","""$launchDir/data/lindex_inter-sample_ro1-dlpfc.rda""","""$launchDir/data/true-proportions_inter-sample_ro1-dlpfc.rda""","deconrnaseq"
306,"Br2743_ant;Br6423_ant;Br6471_mid","k2","counts_adj","""$launchDir/data/sce_inter-sample_ro1-dlpfc.rda""","""$launchDir/data/ypb_inter-sample_ro1-dlpfc.rda""","""$launchDir/data/lindex_inter-sample_ro1-dlpfc.rda""","""$launchDir/data/true-proportions_inter-sample_ro1-dlpfc.rda""","deconrnaseq"
307,"Br6471_mid;Br8325_mid;Br3942_mid","k2","counts_adj","""$launchDir/data/sce_inter-sample_ro1-dlpfc.rda""","""$launchDir/data/ypb_inter-sample_ro1-dlpfc.rda""","""$launchDir/data/lindex_inter-sample_ro1-dlpfc.rda""","""$launchDir/data/true-proportions_inter-sample_ro1-dlpfc.rda""","deconrnaseq"
308,"Br8325_ant;Br8492_post;Br3942_mid","k2","counts_adj","""$launchDir/data/sce_inter-sample_ro1-dlpfc.rda""","""$launchDir/data/ypb_inter-sample_ro1-dlpfc.rda""","""$launchDir/data/lindex_inter-sample_ro1-dlpfc.rda""","""$launchDir/data/true-proportions_inter-sample_ro1-dlpfc.rda""","deconrnaseq"
309,"Br8492_mid;Br8492_post;Br2743_mid","k2","counts_adj","""$launchDir/data/sce_inter-sample_ro1-dlpfc.rda""","""$launchDir/data/ypb_inter-sample_ro1-dlpfc.rda""","""$launchDir/data/lindex_inter-sample_ro1-dlpfc.rda""","""$launchDir/data/true-proportions_inter-sample_ro1-dlpfc.rda""","deconrnaseq"
310,"Br3942_mid;Br8492_post;Br8325_mid","k2","counts_adj","""$launchDir/data/sce_inter-sample_ro1-dlpfc.rda""","""$launchDir/data/ypb_inter-sample_ro1-dlpfc.rda""","""$launchDir/data/lindex_inter-sample_ro1-dlpfc.rda""","""$launchDir/data/true-proportions_inter-sample_ro1-dlpfc.rda""","deconrnaseq"
311,"Br6471_mid;Br6423_post;Br2720_mid","k2","counts_adj","""$launchDir/data/sce_inter-sample_ro1-dlpfc.rda""","""$launchDir/data/ypb_inter-sample_ro1-dlpfc.rda""","""$launchDir/data/lindex_inter-sample_ro1-dlpfc.rda""","""$launchDir/data/true-proportions_inter-sample_ro1-dlpfc.rda""","deconrnaseq"
312,"Br3942_mid;Br6423_post;Br2743_mid","k2","counts_adj","""$launchDir/data/sce_inter-sample_ro1-dlpfc.rda""","""$launchDir/data/ypb_inter-sample_ro1-dlpfc.rda""","""$launchDir/data/lindex_inter-sample_ro1-dlpfc.rda""","""$launchDir/data/true-proportions_inter-sample_ro1-dlpfc.rda""","deconrnaseq"
313,"Br8492_mid;Br6471_mid;Br2743_ant","k2","counts_adj","""$launchDir/data/sce_inter-sample_ro1-dlpfc.rda""","""$launchDir/data/ypb_inter-sample_ro1-dlpfc.rda""","""$launchDir/data/lindex_inter-sample_ro1-dlpfc.rda""","""$launchDir/data/true-proportions_inter-sample_ro1-dlpfc.rda""","deconrnaseq"
314,"Br2720_mid;Br8325_mid;Br2743_mid","k2","counts_adj","""$launchDir/data/sce_inter-sample_ro1-dlpfc.rda""","""$launchDir/data/ypb_inter-sample_ro1-dlpfc.rda""","""$launchDir/data/lindex_inter-sample_ro1-dlpfc.rda""","""$launchDir/data/true-proportions_inter-sample_ro1-dlpfc.rda""","deconrnaseq"
315,"Br6471_mid;Br8492_post;Br6423_ant","k2","counts_adj","""$launchDir/data/sce_inter-sample_ro1-dlpfc.rda""","""$launchDir/data/ypb_inter-sample_ro1-dlpfc.rda""","""$launchDir/data/lindex_inter-sample_ro1-dlpfc.rda""","""$launchDir/data/true-proportions_inter-sample_ro1-dlpfc.rda""","deconrnaseq"
316,"Br2743_mid;Br8325_mid;Br8492_post","k2","counts_adj","""$launchDir/data/sce_inter-sample_ro1-dlpfc.rda""","""$launchDir/data/ypb_inter-sample_ro1-dlpfc.rda""","""$launchDir/data/lindex_inter-sample_ro1-dlpfc.rda""","""$launchDir/data/true-proportions_inter-sample_ro1-dlpfc.rda""","deconrnaseq"
317,"Br8492_mid;Br3942_mid;Br8325_mid","k2","counts_adj","""$launchDir/data/sce_inter-sample_ro1-dlpfc.rda""","""$launchDir/data/ypb_inter-sample_ro1-dlpfc.rda""","""$launchDir/data/lindex_inter-sample_ro1-dlpfc.rda""","""$launchDir/data/true-proportions_inter-sample_ro1-dlpfc.rda""","deconrnaseq"
318,"Br6471_mid;Br2720_mid;Br8325_ant","k2","counts_adj","""$launchDir/data/sce_inter-sample_ro1-dlpfc.rda""","""$launchDir/data/ypb_inter-sample_ro1-dlpfc.rda""","""$launchDir/data/lindex_inter-sample_ro1-dlpfc.rda""","""$launchDir/data/true-proportions_inter-sample_ro1-dlpfc.rda""","deconrnaseq"
319,"Br3942_mid;Br2743_ant;Br8492_mid","k2","counts_adj","""$launchDir/data/sce_inter-sample_ro1-dlpfc.rda""","""$launchDir/data/ypb_inter-sample_ro1-dlpfc.rda""","""$launchDir/data/lindex_inter-sample_ro1-dlpfc.rda""","""$launchDir/data/true-proportions_inter-sample_ro1-dlpfc.rda""","deconrnaseq"
320,"Br8325_ant;Br3942_ant;Br8492_post","k2","counts_adj","""$launchDir/data/sce_inter-sample_ro1-dlpfc.rda""","""$launchDir/data/ypb_inter-sample_ro1-dlpfc.rda""","""$launchDir/data/lindex_inter-sample_ro1-dlpfc.rda""","""$launchDir/data/true-proportions_inter-sample_ro1-dlpfc.rda""","deconrnaseq"
321,"Br8325_ant;Br6423_post;Br6423_ant","k2","counts_adj","""$launchDir/data/sce_inter-sample_ro1-dlpfc.rda""","""$launchDir/data/ypb_inter-sample_ro1-dlpfc.rda""","""$launchDir/data/lindex_inter-sample_ro1-dlpfc.rda""","""$launchDir/data/true-proportions_inter-sample_ro1-dlpfc.rda""","deconrnaseq"
322,"Br8325_ant;Br2720_mid;Br6423_ant","k2","counts_adj","""$launchDir/data/sce_inter-sample_ro1-dlpfc.rda""","""$launchDir/data/ypb_inter-sample_ro1-dlpfc.rda""","""$launchDir/data/lindex_inter-sample_ro1-dlpfc.rda""","""$launchDir/data/true-proportions_inter-sample_ro1-dlpfc.rda""","deconrnaseq"
323,"Br8325_mid;Br6423_ant;Br3942_mid","k2","counts_adj","""$launchDir/data/sce_inter-sample_ro1-dlpfc.rda""","""$launchDir/data/ypb_inter-sample_ro1-dlpfc.rda""","""$launchDir/data/lindex_inter-sample_ro1-dlpfc.rda""","""$launchDir/data/true-proportions_inter-sample_ro1-dlpfc.rda""","deconrnaseq"
324,"Br2743_ant;Br8492_post;Br8325_mid","k2","counts_adj","""$launchDir/data/sce_inter-sample_ro1-dlpfc.rda""","""$launchDir/data/ypb_inter-sample_ro1-dlpfc.rda""","""$launchDir/data/lindex_inter-sample_ro1-dlpfc.rda""","""$launchDir/data/true-proportions_inter-sample_ro1-dlpfc.rda""","deconrnaseq"
325,"Br3942_mid;Br8492_post;Br2743_mid","k2","counts_adj","""$launchDir/data/sce_inter-sample_ro1-dlpfc.rda""","""$launchDir/data/ypb_inter-sample_ro1-dlpfc.rda""","""$launchDir/data/lindex_inter-sample_ro1-dlpfc.rda""","""$launchDir/data/true-proportions_inter-sample_ro1-dlpfc.rda""","deconrnaseq"
326,"Br3942_mid;Br2720_mid;Br3942_ant","k2","counts_adj","""$launchDir/data/sce_inter-sample_ro1-dlpfc.rda""","""$launchDir/data/ypb_inter-sample_ro1-dlpfc.rda""","""$launchDir/data/lindex_inter-sample_ro1-dlpfc.rda""","""$launchDir/data/true-proportions_inter-sample_ro1-dlpfc.rda""","deconrnaseq"
327,"Br2720_mid;Br6423_ant;Br6471_mid","k2","counts_adj","""$launchDir/data/sce_inter-sample_ro1-dlpfc.rda""","""$launchDir/data/ypb_inter-sample_ro1-dlpfc.rda""","""$launchDir/data/lindex_inter-sample_ro1-dlpfc.rda""","""$launchDir/data/true-proportions_inter-sample_ro1-dlpfc.rda""","deconrnaseq"
328,"Br8492_post;Br2720_mid;Br6471_mid","k2","counts_adj","""$launchDir/data/sce_inter-sample_ro1-dlpfc.rda""","""$launchDir/data/ypb_inter-sample_ro1-dlpfc.rda""","""$launchDir/data/lindex_inter-sample_ro1-dlpfc.rda""","""$launchDir/data/true-proportions_inter-sample_ro1-dlpfc.rda""","deconrnaseq"
329,"Br6423_post;Br6471_mid;Br2743_ant","k2","counts_adj","""$launchDir/data/sce_inter-sample_ro1-dlpfc.rda""","""$launchDir/data/ypb_inter-sample_ro1-dlpfc.rda""","""$launchDir/data/lindex_inter-sample_ro1-dlpfc.rda""","""$launchDir/data/true-proportions_inter-sample_ro1-dlpfc.rda""","deconrnaseq"
330,"Br2743_mid;Br6423_ant;Br8492_post","k2","counts_adj","""$launchDir/data/sce_inter-sample_ro1-dlpfc.rda""","""$launchDir/data/ypb_inter-sample_ro1-dlpfc.rda""","""$launchDir/data/lindex_inter-sample_ro1-dlpfc.rda""","""$launchDir/data/true-proportions_inter-sample_ro1-dlpfc.rda""","deconrnaseq"
331,"Br8325_ant;Br6423_ant;Br2720_mid","k2","counts_adj","""$launchDir/data/sce_inter-sample_ro1-dlpfc.rda""","""$launchDir/data/ypb_inter-sample_ro1-dlpfc.rda""","""$launchDir/data/lindex_inter-sample_ro1-dlpfc.rda""","""$launchDir/data/true-proportions_inter-sample_ro1-dlpfc.rda""","deconrnaseq"
332,"Br8325_mid;Br2743_ant;Br2720_mid","k2","counts_adj","""$launchDir/data/sce_inter-sample_ro1-dlpfc.rda""","""$launchDir/data/ypb_inter-sample_ro1-dlpfc.rda""","""$launchDir/data/lindex_inter-sample_ro1-dlpfc.rda""","""$launchDir/data/true-proportions_inter-sample_ro1-dlpfc.rda""","deconrnaseq"
333,"Br8325_ant;Br6423_ant;Br2743_mid","k2","counts_adj","""$launchDir/data/sce_inter-sample_ro1-dlpfc.rda""","""$launchDir/data/ypb_inter-sample_ro1-dlpfc.rda""","""$launchDir/data/lindex_inter-sample_ro1-dlpfc.rda""","""$launchDir/data/true-proportions_inter-sample_ro1-dlpfc.rda""","deconrnaseq"
334,"Br8325_mid;Br6471_mid;Br8325_ant","k2","counts_adj","""$launchDir/data/sce_inter-sample_ro1-dlpfc.rda""","""$launchDir/data/ypb_inter-sample_ro1-dlpfc.rda""","""$launchDir/data/lindex_inter-sample_ro1-dlpfc.rda""","""$launchDir/data/true-proportions_inter-sample_ro1-dlpfc.rda""","deconrnaseq"
335,"Br8492_mid;Br8325_mid;Br2720_mid","k2","counts_adj","""$launchDir/data/sce_inter-sample_ro1-dlpfc.rda""","""$launchDir/data/ypb_inter-sample_ro1-dlpfc.rda""","""$launchDir/data/lindex_inter-sample_ro1-dlpfc.rda""","""$launchDir/data/true-proportions_inter-sample_ro1-dlpfc.rda""","deconrnaseq"
336,"Br6471_mid;Br8492_mid;Br2743_mid","k2","counts_adj","""$launchDir/data/sce_inter-sample_ro1-dlpfc.rda""","""$launchDir/data/ypb_inter-sample_ro1-dlpfc.rda""","""$launchDir/data/lindex_inter-sample_ro1-dlpfc.rda""","""$launchDir/data/true-proportions_inter-sample_ro1-dlpfc.rda""","deconrnaseq"
337,"Br6423_ant;Br3942_mid;Br8492_mid","k2","counts_adj","""$launchDir/data/sce_inter-sample_ro1-dlpfc.rda""","""$launchDir/data/ypb_inter-sample_ro1-dlpfc.rda""","""$launchDir/data/lindex_inter-sample_ro1-dlpfc.rda""","""$launchDir/data/true-proportions_inter-sample_ro1-dlpfc.rda""","deconrnaseq"
338,"Br8492_mid;Br8325_ant;Br3942_mid","k2","counts_adj","""$launchDir/data/sce_inter-sample_ro1-dlpfc.rda""","""$launchDir/data/ypb_inter-sample_ro1-dlpfc.rda""","""$launchDir/data/lindex_inter-sample_ro1-dlpfc.rda""","""$launchDir/data/true-proportions_inter-sample_ro1-dlpfc.rda""","deconrnaseq"
339,"Br8325_mid;Br8492_post;Br8492_mid","k2","counts_adj","""$launchDir/data/sce_inter-sample_ro1-dlpfc.rda""","""$launchDir/data/ypb_inter-sample_ro1-dlpfc.rda""","""$launchDir/data/lindex_inter-sample_ro1-dlpfc.rda""","""$launchDir/data/true-proportions_inter-sample_ro1-dlpfc.rda""","deconrnaseq"
340,"Br2720_mid;Br6423_post;Br3942_ant","k2","counts_adj","""$launchDir/data/sce_inter-sample_ro1-dlpfc.rda""","""$launchDir/data/ypb_inter-sample_ro1-dlpfc.rda""","""$launchDir/data/lindex_inter-sample_ro1-dlpfc.rda""","""$launchDir/data/true-proportions_inter-sample_ro1-dlpfc.rda""","deconrnaseq"
341,"Br2720_mid;Br3942_ant;Br6423_post","k2","counts_adj","""$launchDir/data/sce_inter-sample_ro1-dlpfc.rda""","""$launchDir/data/ypb_inter-sample_ro1-dlpfc.rda""","""$launchDir/data/lindex_inter-sample_ro1-dlpfc.rda""","""$launchDir/data/true-proportions_inter-sample_ro1-dlpfc.rda""","deconrnaseq"
342,"Br2743_ant;Br6423_ant;Br3942_ant","k2","counts_adj","""$launchDir/data/sce_inter-sample_ro1-dlpfc.rda""","""$launchDir/data/ypb_inter-sample_ro1-dlpfc.rda""","""$launchDir/data/lindex_inter-sample_ro1-dlpfc.rda""","""$launchDir/data/true-proportions_inter-sample_ro1-dlpfc.rda""","deconrnaseq"
343,"Br6423_post;Br3942_mid;Br8492_post","k2","counts_adj","""$launchDir/data/sce_inter-sample_ro1-dlpfc.rda""","""$launchDir/data/ypb_inter-sample_ro1-dlpfc.rda""","""$launchDir/data/lindex_inter-sample_ro1-dlpfc.rda""","""$launchDir/data/true-proportions_inter-sample_ro1-dlpfc.rda""","deconrnaseq"
344,"Br8325_ant;Br6471_mid;Br6423_post","k2","counts_adj","""$launchDir/data/sce_inter-sample_ro1-dlpfc.rda""","""$launchDir/data/ypb_inter-sample_ro1-dlpfc.rda""","""$launchDir/data/lindex_inter-sample_ro1-dlpfc.rda""","""$launchDir/data/true-proportions_inter-sample_ro1-dlpfc.rda""","deconrnaseq"
345,"Br6423_ant;Br3942_mid;Br3942_ant","k2","counts_adj","""$launchDir/data/sce_inter-sample_ro1-dlpfc.rda""","""$launchDir/data/ypb_inter-sample_ro1-dlpfc.rda""","""$launchDir/data/lindex_inter-sample_ro1-dlpfc.rda""","""$launchDir/data/true-proportions_inter-sample_ro1-dlpfc.rda""","deconrnaseq"
346,"Br8492_post;Br6471_mid;Br8325_ant","k2","counts_adj","""$launchDir/data/sce_inter-sample_ro1-dlpfc.rda""","""$launchDir/data/ypb_inter-sample_ro1-dlpfc.rda""","""$launchDir/data/lindex_inter-sample_ro1-dlpfc.rda""","""$launchDir/data/true-proportions_inter-sample_ro1-dlpfc.rda""","deconrnaseq"
347,"Br6423_ant;Br8492_post;Br8325_ant","k2","counts_adj","""$launchDir/data/sce_inter-sample_ro1-dlpfc.rda""","""$launchDir/data/ypb_inter-sample_ro1-dlpfc.rda""","""$launchDir/data/lindex_inter-sample_ro1-dlpfc.rda""","""$launchDir/data/true-proportions_inter-sample_ro1-dlpfc.rda""","deconrnaseq"
348,"Br8325_mid;Br8492_post;Br2743_mid","k2","counts_adj","""$launchDir/data/sce_inter-sample_ro1-dlpfc.rda""","""$launchDir/data/ypb_inter-sample_ro1-dlpfc.rda""","""$launchDir/data/lindex_inter-sample_ro1-dlpfc.rda""","""$launchDir/data/true-proportions_inter-sample_ro1-dlpfc.rda""","deconrnaseq"
349,"Br6423_ant;Br3942_mid;Br8325_ant","k2","counts_adj","""$launchDir/data/sce_inter-sample_ro1-dlpfc.rda""","""$launchDir/data/ypb_inter-sample_ro1-dlpfc.rda""","""$launchDir/data/lindex_inter-sample_ro1-dlpfc.rda""","""$launchDir/data/true-proportions_inter-sample_ro1-dlpfc.rda""","deconrnaseq"
350,"Br8325_ant;Br2743_mid;Br2743_ant","k2","counts_adj","""$launchDir/data/sce_inter-sample_ro1-dlpfc.rda""","""$launchDir/data/ypb_inter-sample_ro1-dlpfc.rda""","""$launchDir/data/lindex_inter-sample_ro1-dlpfc.rda""","""$launchDir/data/true-proportions_inter-sample_ro1-dlpfc.rda""","deconrnaseq"
351,"Br8492_mid;Br8325_ant;Br3942_mid","k2","counts_adj","""$launchDir/data/sce_inter-sample_ro1-dlpfc.rda""","""$launchDir/data/ypb_inter-sample_ro1-dlpfc.rda""","""$launchDir/data/lindex_inter-sample_ro1-dlpfc.rda""","""$launchDir/data/true-proportions_inter-sample_ro1-dlpfc.rda""","deconrnaseq"
352,"Br6471_mid;Br3942_mid;Br2743_ant","k2","counts_adj","""$launchDir/data/sce_inter-sample_ro1-dlpfc.rda""","""$launchDir/data/ypb_inter-sample_ro1-dlpfc.rda""","""$launchDir/data/lindex_inter-sample_ro1-dlpfc.rda""","""$launchDir/data/true-proportions_inter-sample_ro1-dlpfc.rda""","deconrnaseq"
353,"Br2743_ant;Br3942_ant;Br6423_ant","k2","counts_adj","""$launchDir/data/sce_inter-sample_ro1-dlpfc.rda""","""$launchDir/data/ypb_inter-sample_ro1-dlpfc.rda""","""$launchDir/data/lindex_inter-sample_ro1-dlpfc.rda""","""$launchDir/data/true-proportions_inter-sample_ro1-dlpfc.rda""","deconrnaseq"
354,"Br8492_mid;Br2743_ant;Br6471_mid","k2","counts_adj","""$launchDir/data/sce_inter-sample_ro1-dlpfc.rda""","""$launchDir/data/ypb_inter-sample_ro1-dlpfc.rda""","""$launchDir/data/lindex_inter-sample_ro1-dlpfc.rda""","""$launchDir/data/true-proportions_inter-sample_ro1-dlpfc.rda""","deconrnaseq"
355,"Br8492_post;Br2743_mid;Br3942_ant","k2","counts_adj","""$launchDir/data/sce_inter-sample_ro1-dlpfc.rda""","""$launchDir/data/ypb_inter-sample_ro1-dlpfc.rda""","""$launchDir/data/lindex_inter-sample_ro1-dlpfc.rda""","""$launchDir/data/true-proportions_inter-sample_ro1-dlpfc.rda""","deconrnaseq"
356,"Br3942_ant;Br3942_mid;Br6423_post","k2","counts_adj","""$launchDir/data/sce_inter-sample_ro1-dlpfc.rda""","""$launchDir/data/ypb_inter-sample_ro1-dlpfc.rda""","""$launchDir/data/lindex_inter-sample_ro1-dlpfc.rda""","""$launchDir/data/true-proportions_inter-sample_ro1-dlpfc.rda""","deconrnaseq"
357,"Br2720_mid;Br3942_ant;Br2743_mid","k2","counts_adj","""$launchDir/data/sce_inter-sample_ro1-dlpfc.rda""","""$launchDir/data/ypb_inter-sample_ro1-dlpfc.rda""","""$launchDir/data/lindex_inter-sample_ro1-dlpfc.rda""","""$launchDir/data/true-proportions_inter-sample_ro1-dlpfc.rda""","deconrnaseq"
358,"Br2743_mid;Br6423_ant;Br8492_mid","k2","counts_adj","""$launchDir/data/sce_inter-sample_ro1-dlpfc.rda""","""$launchDir/data/ypb_inter-sample_ro1-dlpfc.rda""","""$launchDir/data/lindex_inter-sample_ro1-dlpfc.rda""","""$launchDir/data/true-proportions_inter-sample_ro1-dlpfc.rda""","deconrnaseq"
359,"Br2743_ant;Br8325_ant;Br6471_mid","k2","counts_adj","""$launchDir/data/sce_inter-sample_ro1-dlpfc.rda""","""$launchDir/data/ypb_inter-sample_ro1-dlpfc.rda""","""$launchDir/data/lindex_inter-sample_ro1-dlpfc.rda""","""$launchDir/data/true-proportions_inter-sample_ro1-dlpfc.rda""","deconrnaseq"
360,"Br3942_mid;Br6423_ant;Br2720_mid","k2","counts_adj","""$launchDir/data/sce_inter-sample_ro1-dlpfc.rda""","""$launchDir/data/ypb_inter-sample_ro1-dlpfc.rda""","""$launchDir/data/lindex_inter-sample_ro1-dlpfc.rda""","""$launchDir/data/true-proportions_inter-sample_ro1-dlpfc.rda""","deconrnaseq"
361,"Br8492_mid;Br6471_mid;Br6423_ant","k2","counts_adj","""$launchDir/data/sce_inter-sample_ro1-dlpfc.rda""","""$launchDir/data/ypb_inter-sample_ro1-dlpfc.rda""","""$launchDir/data/lindex_inter-sample_ro1-dlpfc.rda""","""$launchDir/data/true-proportions_inter-sample_ro1-dlpfc.rda""","deconrnaseq"
362,"Br2720_mid;Br8492_post;Br2743_mid","k2","counts_adj","""$launchDir/data/sce_inter-sample_ro1-dlpfc.rda""","""$launchDir/data/ypb_inter-sample_ro1-dlpfc.rda""","""$launchDir/data/lindex_inter-sample_ro1-dlpfc.rda""","""$launchDir/data/true-proportions_inter-sample_ro1-dlpfc.rda""","deconrnaseq"
363,"Br6423_ant;Br8492_post;Br2743_ant","k2","counts_adj","""$launchDir/data/sce_inter-sample_ro1-dlpfc.rda""","""$launchDir/data/ypb_inter-sample_ro1-dlpfc.rda""","""$launchDir/data/lindex_inter-sample_ro1-dlpfc.rda""","""$launchDir/data/true-proportions_inter-sample_ro1-dlpfc.rda""","deconrnaseq"
364,"Br3942_ant;Br8492_post;Br2743_mid","k2","counts_adj","""$launchDir/data/sce_inter-sample_ro1-dlpfc.rda""","""$launchDir/data/ypb_inter-sample_ro1-dlpfc.rda""","""$launchDir/data/lindex_inter-sample_ro1-dlpfc.rda""","""$launchDir/data/true-proportions_inter-sample_ro1-dlpfc.rda""","deconrnaseq"
365,"Br2743_mid;Br8492_post;Br2720_mid","k2","counts_adj","""$launchDir/data/sce_inter-sample_ro1-dlpfc.rda""","""$launchDir/data/ypb_inter-sample_ro1-dlpfc.rda""","""$launchDir/data/lindex_inter-sample_ro1-dlpfc.rda""","""$launchDir/data/true-proportions_inter-sample_ro1-dlpfc.rda""","deconrnaseq"
366,"Br8492_mid;Br6471_mid;Br6423_ant","k2","counts_adj","""$launchDir/data/sce_inter-sample_ro1-dlpfc.rda""","""$launchDir/data/ypb_inter-sample_ro1-dlpfc.rda""","""$launchDir/data/lindex_inter-sample_ro1-dlpfc.rda""","""$launchDir/data/true-proportions_inter-sample_ro1-dlpfc.rda""","deconrnaseq"
367,"Br3942_ant;Br2743_ant;Br6423_ant","k2","counts_adj","""$launchDir/data/sce_inter-sample_ro1-dlpfc.rda""","""$launchDir/data/ypb_inter-sample_ro1-dlpfc.rda""","""$launchDir/data/lindex_inter-sample_ro1-dlpfc.rda""","""$launchDir/data/true-proportions_inter-sample_ro1-dlpfc.rda""","deconrnaseq"
368,"Br2743_ant;Br3942_mid;Br2743_mid","k2","counts_adj","""$launchDir/data/sce_inter-sample_ro1-dlpfc.rda""","""$launchDir/data/ypb_inter-sample_ro1-dlpfc.rda""","""$launchDir/data/lindex_inter-sample_ro1-dlpfc.rda""","""$launchDir/data/true-proportions_inter-sample_ro1-dlpfc.rda""","deconrnaseq"
369,"Br6423_post;Br3942_mid;Br3942_ant","k2","counts_adj","""$launchDir/data/sce_inter-sample_ro1-dlpfc.rda""","""$launchDir/data/ypb_inter-sample_ro1-dlpfc.rda""","""$launchDir/data/lindex_inter-sample_ro1-dlpfc.rda""","""$launchDir/data/true-proportions_inter-sample_ro1-dlpfc.rda""","deconrnaseq"
370,"Br8492_mid;Br8492_post;Br2720_mid","k2","counts_adj","""$launchDir/data/sce_inter-sample_ro1-dlpfc.rda""","""$launchDir/data/ypb_inter-sample_ro1-dlpfc.rda""","""$launchDir/data/lindex_inter-sample_ro1-dlpfc.rda""","""$launchDir/data/true-proportions_inter-sample_ro1-dlpfc.rda""","deconrnaseq"
371,"Br2743_mid;Br8325_mid;Br2720_mid","k2","counts_adj","""$launchDir/data/sce_inter-sample_ro1-dlpfc.rda""","""$launchDir/data/ypb_inter-sample_ro1-dlpfc.rda""","""$launchDir/data/lindex_inter-sample_ro1-dlpfc.rda""","""$launchDir/data/true-proportions_inter-sample_ro1-dlpfc.rda""","deconrnaseq"
372,"Br3942_mid;Br6423_ant;Br8492_post","k2","counts_adj","""$launchDir/data/sce_inter-sample_ro1-dlpfc.rda""","""$launchDir/data/ypb_inter-sample_ro1-dlpfc.rda""","""$launchDir/data/lindex_inter-sample_ro1-dlpfc.rda""","""$launchDir/data/true-proportions_inter-sample_ro1-dlpfc.rda""","deconrnaseq"
373,"Br6423_ant;Br3942_mid;Br2743_ant","k2","counts_adj","""$launchDir/data/sce_inter-sample_ro1-dlpfc.rda""","""$launchDir/data/ypb_inter-sample_ro1-dlpfc.rda""","""$launchDir/data/lindex_inter-sample_ro1-dlpfc.rda""","""$launchDir/data/true-proportions_inter-sample_ro1-dlpfc.rda""","deconrnaseq"
374,"Br8325_mid;Br2743_mid;Br3942_mid","k2","counts_adj","""$launchDir/data/sce_inter-sample_ro1-dlpfc.rda""","""$launchDir/data/ypb_inter-sample_ro1-dlpfc.rda""","""$launchDir/data/lindex_inter-sample_ro1-dlpfc.rda""","""$launchDir/data/true-proportions_inter-sample_ro1-dlpfc.rda""","deconrnaseq"
375,"Br8492_post;Br6471_mid;Br2720_mid","k2","counts_adj","""$launchDir/data/sce_inter-sample_ro1-dlpfc.rda""","""$launchDir/data/ypb_inter-sample_ro1-dlpfc.rda""","""$launchDir/data/lindex_inter-sample_ro1-dlpfc.rda""","""$launchDir/data/true-proportions_inter-sample_ro1-dlpfc.rda""","deconrnaseq"
376,"Br8492_mid;Br6423_post;Br3942_mid","k2","counts_adj","""$launchDir/data/sce_inter-sample_ro1-dlpfc.rda""","""$launchDir/data/ypb_inter-sample_ro1-dlpfc.rda""","""$launchDir/data/lindex_inter-sample_ro1-dlpfc.rda""","""$launchDir/data/true-proportions_inter-sample_ro1-dlpfc.rda""","deconrnaseq"
377,"Br3942_mid;Br6471_mid;Br2720_mid","k2","counts_adj","""$launchDir/data/sce_inter-sample_ro1-dlpfc.rda""","""$launchDir/data/ypb_inter-sample_ro1-dlpfc.rda""","""$launchDir/data/lindex_inter-sample_ro1-dlpfc.rda""","""$launchDir/data/true-proportions_inter-sample_ro1-dlpfc.rda""","deconrnaseq"
378,"Br6423_ant;Br6423_post;Br6471_mid","k2","counts_adj","""$launchDir/data/sce_inter-sample_ro1-dlpfc.rda""","""$launchDir/data/ypb_inter-sample_ro1-dlpfc.rda""","""$launchDir/data/lindex_inter-sample_ro1-dlpfc.rda""","""$launchDir/data/true-proportions_inter-sample_ro1-dlpfc.rda""","deconrnaseq"
379,"Br6423_ant;Br8492_mid;Br8325_mid","k2","counts_adj","""$launchDir/data/sce_inter-sample_ro1-dlpfc.rda""","""$launchDir/data/ypb_inter-sample_ro1-dlpfc.rda""","""$launchDir/data/lindex_inter-sample_ro1-dlpfc.rda""","""$launchDir/data/true-proportions_inter-sample_ro1-dlpfc.rda""","deconrnaseq"
380,"Br2720_mid;Br8325_mid;Br6423_ant","k2","counts_adj","""$launchDir/data/sce_inter-sample_ro1-dlpfc.rda""","""$launchDir/data/ypb_inter-sample_ro1-dlpfc.rda""","""$launchDir/data/lindex_inter-sample_ro1-dlpfc.rda""","""$launchDir/data/true-proportions_inter-sample_ro1-dlpfc.rda""","deconrnaseq"
381,"Br2743_ant;Br2743_mid;Br3942_ant","k2","counts_adj","""$launchDir/data/sce_inter-sample_ro1-dlpfc.rda""","""$launchDir/data/ypb_inter-sample_ro1-dlpfc.rda""","""$launchDir/data/lindex_inter-sample_ro1-dlpfc.rda""","""$launchDir/data/true-proportions_inter-sample_ro1-dlpfc.rda""","deconrnaseq"
382,"Br6423_ant;Br8492_post;Br2720_mid","k2","counts_adj","""$launchDir/data/sce_inter-sample_ro1-dlpfc.rda""","""$launchDir/data/ypb_inter-sample_ro1-dlpfc.rda""","""$launchDir/data/lindex_inter-sample_ro1-dlpfc.rda""","""$launchDir/data/true-proportions_inter-sample_ro1-dlpfc.rda""","deconrnaseq"
383,"Br6471_mid;Br6423_post;Br2743_mid","k2","counts_adj","""$launchDir/data/sce_inter-sample_ro1-dlpfc.rda""","""$launchDir/data/ypb_inter-sample_ro1-dlpfc.rda""","""$launchDir/data/lindex_inter-sample_ro1-dlpfc.rda""","""$launchDir/data/true-proportions_inter-sample_ro1-dlpfc.rda""","deconrnaseq"
384,"Br8492_mid;Br2743_ant;Br2720_mid","k2","counts_adj","""$launchDir/data/sce_inter-sample_ro1-dlpfc.rda""","""$launchDir/data/ypb_inter-sample_ro1-dlpfc.rda""","""$launchDir/data/lindex_inter-sample_ro1-dlpfc.rda""","""$launchDir/data/true-proportions_inter-sample_ro1-dlpfc.rda""","deconrnaseq"
385,"Br6471_mid;Br2720_mid;Br8325_mid","k2","counts_adj","""$launchDir/data/sce_inter-sample_ro1-dlpfc.rda""","""$launchDir/data/ypb_inter-sample_ro1-dlpfc.rda""","""$launchDir/data/lindex_inter-sample_ro1-dlpfc.rda""","""$launchDir/data/true-proportions_inter-sample_ro1-dlpfc.rda""","deconrnaseq"
386,"Br8492_mid;Br3942_ant;Br2743_mid","k2","counts_adj","""$launchDir/data/sce_inter-sample_ro1-dlpfc.rda""","""$launchDir/data/ypb_inter-sample_ro1-dlpfc.rda""","""$launchDir/data/lindex_inter-sample_ro1-dlpfc.rda""","""$launchDir/data/true-proportions_inter-sample_ro1-dlpfc.rda""","deconrnaseq"
387,"Br8325_mid;Br8492_post;Br2743_mid","k2","counts_adj","""$launchDir/data/sce_inter-sample_ro1-dlpfc.rda""","""$launchDir/data/ypb_inter-sample_ro1-dlpfc.rda""","""$launchDir/data/lindex_inter-sample_ro1-dlpfc.rda""","""$launchDir/data/true-proportions_inter-sample_ro1-dlpfc.rda""","deconrnaseq"
388,"Br6471_mid;Br8325_ant;Br3942_ant","k2","counts_adj","""$launchDir/data/sce_inter-sample_ro1-dlpfc.rda""","""$launchDir/data/ypb_inter-sample_ro1-dlpfc.rda""","""$launchDir/data/lindex_inter-sample_ro1-dlpfc.rda""","""$launchDir/data/true-proportions_inter-sample_ro1-dlpfc.rda""","deconrnaseq"
389,"Br2743_mid;Br3942_ant;Br8325_mid","k2","counts_adj","""$launchDir/data/sce_inter-sample_ro1-dlpfc.rda""","""$launchDir/data/ypb_inter-sample_ro1-dlpfc.rda""","""$launchDir/data/lindex_inter-sample_ro1-dlpfc.rda""","""$launchDir/data/true-proportions_inter-sample_ro1-dlpfc.rda""","deconrnaseq"
390,"Br2720_mid;Br8492_mid;Br6471_mid","k2","counts_adj","""$launchDir/data/sce_inter-sample_ro1-dlpfc.rda""","""$launchDir/data/ypb_inter-sample_ro1-dlpfc.rda""","""$launchDir/data/lindex_inter-sample_ro1-dlpfc.rda""","""$launchDir/data/true-proportions_inter-sample_ro1-dlpfc.rda""","deconrnaseq"
391,"Br6423_post;Br8325_ant;Br6471_mid","k2","counts_adj","""$launchDir/data/sce_inter-sample_ro1-dlpfc.rda""","""$launchDir/data/ypb_inter-sample_ro1-dlpfc.rda""","""$launchDir/data/lindex_inter-sample_ro1-dlpfc.rda""","""$launchDir/data/true-proportions_inter-sample_ro1-dlpfc.rda""","deconrnaseq"
392,"Br8325_ant;Br8492_mid;Br8492_post","k2","counts_adj","""$launchDir/data/sce_inter-sample_ro1-dlpfc.rda""","""$launchDir/data/ypb_inter-sample_ro1-dlpfc.rda""","""$launchDir/data/lindex_inter-sample_ro1-dlpfc.rda""","""$launchDir/data/true-proportions_inter-sample_ro1-dlpfc.rda""","deconrnaseq"
393,"Br6423_post;Br6423_ant;Br6471_mid","k2","counts_adj","""$launchDir/data/sce_inter-sample_ro1-dlpfc.rda""","""$launchDir/data/ypb_inter-sample_ro1-dlpfc.rda""","""$launchDir/data/lindex_inter-sample_ro1-dlpfc.rda""","""$launchDir/data/true-proportions_inter-sample_ro1-dlpfc.rda""","deconrnaseq"
394,"Br2743_mid;Br3942_mid;Br3942_ant","k2","counts_adj","""$launchDir/data/sce_inter-sample_ro1-dlpfc.rda""","""$launchDir/data/ypb_inter-sample_ro1-dlpfc.rda""","""$launchDir/data/lindex_inter-sample_ro1-dlpfc.rda""","""$launchDir/data/true-proportions_inter-sample_ro1-dlpfc.rda""","deconrnaseq"
395,"Br6423_ant;Br2743_mid;Br3942_ant","k2","counts_adj","""$launchDir/data/sce_inter-sample_ro1-dlpfc.rda""","""$launchDir/data/ypb_inter-sample_ro1-dlpfc.rda""","""$launchDir/data/lindex_inter-sample_ro1-dlpfc.rda""","""$launchDir/data/true-proportions_inter-sample_ro1-dlpfc.rda""","deconrnaseq"
396,"Br3942_ant;Br2743_ant;Br3942_mid","k2","counts_adj","""$launchDir/data/sce_inter-sample_ro1-dlpfc.rda""","""$launchDir/data/ypb_inter-sample_ro1-dlpfc.rda""","""$launchDir/data/lindex_inter-sample_ro1-dlpfc.rda""","""$launchDir/data/true-proportions_inter-sample_ro1-dlpfc.rda""","deconrnaseq"
397,"Br2743_mid;Br2743_ant;Br3942_mid","k2","counts_adj","""$launchDir/data/sce_inter-sample_ro1-dlpfc.rda""","""$launchDir/data/ypb_inter-sample_ro1-dlpfc.rda""","""$launchDir/data/lindex_inter-sample_ro1-dlpfc.rda""","""$launchDir/data/true-proportions_inter-sample_ro1-dlpfc.rda""","deconrnaseq"
398,"Br3942_mid;Br8492_mid;Br6423_post","k2","counts_adj","""$launchDir/data/sce_inter-sample_ro1-dlpfc.rda""","""$launchDir/data/ypb_inter-sample_ro1-dlpfc.rda""","""$launchDir/data/lindex_inter-sample_ro1-dlpfc.rda""","""$launchDir/data/true-proportions_inter-sample_ro1-dlpfc.rda""","deconrnaseq"
399,"Br3942_mid;Br8492_mid;Br2743_ant","k2","counts_adj","""$launchDir/data/sce_inter-sample_ro1-dlpfc.rda""","""$launchDir/data/ypb_inter-sample_ro1-dlpfc.rda""","""$launchDir/data/lindex_inter-sample_ro1-dlpfc.rda""","""$launchDir/data/true-proportions_inter-sample_ro1-dlpfc.rda""","deconrnaseq"
400,"Br3942_ant;Br2743_ant;Br6423_post","k2","counts_adj","""$launchDir/data/sce_inter-sample_ro1-dlpfc.rda""","""$launchDir/data/ypb_inter-sample_ro1-dlpfc.rda""","""$launchDir/data/lindex_inter-sample_ro1-dlpfc.rda""","""$launchDir/data/true-proportions_inter-sample_ro1-dlpfc.rda""","deconrnaseq"
