"iterations_index","sample_id","celltype_variable","assay_name","sce_filepath","bulk_filepath","list_index_filepath","true_proportions_filepath","method"
801,"Br6423_ant;Br8492_post;Br2743_mid","k2","counts_adj","""$launchDir/data/sce_inter-sample_ro1-dlpfc.rda""","""$launchDir/data/ypb_inter-sample_ro1-dlpfc.rda""","""$launchDir/data/lindex_inter-sample_ro1-dlpfc.rda""","""$launchDir/data/true-proportions_inter-sample_ro1-dlpfc.rda""","deconrnaseq"
802,"Br6423_ant;Br3942_mid;Br2743_ant","k2","counts_adj","""$launchDir/data/sce_inter-sample_ro1-dlpfc.rda""","""$launchDir/data/ypb_inter-sample_ro1-dlpfc.rda""","""$launchDir/data/lindex_inter-sample_ro1-dlpfc.rda""","""$launchDir/data/true-proportions_inter-sample_ro1-dlpfc.rda""","deconrnaseq"
803,"Br6423_ant;Br2743_mid;Br6471_mid","k2","counts_adj","""$launchDir/data/sce_inter-sample_ro1-dlpfc.rda""","""$launchDir/data/ypb_inter-sample_ro1-dlpfc.rda""","""$launchDir/data/lindex_inter-sample_ro1-dlpfc.rda""","""$launchDir/data/true-proportions_inter-sample_ro1-dlpfc.rda""","deconrnaseq"
804,"Br3942_mid;Br8492_mid;Br2720_mid","k2","counts_adj","""$launchDir/data/sce_inter-sample_ro1-dlpfc.rda""","""$launchDir/data/ypb_inter-sample_ro1-dlpfc.rda""","""$launchDir/data/lindex_inter-sample_ro1-dlpfc.rda""","""$launchDir/data/true-proportions_inter-sample_ro1-dlpfc.rda""","deconrnaseq"
805,"Br6471_mid;Br2720_mid;Br2743_mid","k2","counts_adj","""$launchDir/data/sce_inter-sample_ro1-dlpfc.rda""","""$launchDir/data/ypb_inter-sample_ro1-dlpfc.rda""","""$launchDir/data/lindex_inter-sample_ro1-dlpfc.rda""","""$launchDir/data/true-proportions_inter-sample_ro1-dlpfc.rda""","deconrnaseq"
806,"Br3942_mid;Br8325_mid;Br2743_mid","k2","counts_adj","""$launchDir/data/sce_inter-sample_ro1-dlpfc.rda""","""$launchDir/data/ypb_inter-sample_ro1-dlpfc.rda""","""$launchDir/data/lindex_inter-sample_ro1-dlpfc.rda""","""$launchDir/data/true-proportions_inter-sample_ro1-dlpfc.rda""","deconrnaseq"
807,"Br2743_mid;Br3942_mid;Br6471_mid","k2","counts_adj","""$launchDir/data/sce_inter-sample_ro1-dlpfc.rda""","""$launchDir/data/ypb_inter-sample_ro1-dlpfc.rda""","""$launchDir/data/lindex_inter-sample_ro1-dlpfc.rda""","""$launchDir/data/true-proportions_inter-sample_ro1-dlpfc.rda""","deconrnaseq"
808,"Br8492_mid;Br6423_post;Br3942_mid","k2","counts_adj","""$launchDir/data/sce_inter-sample_ro1-dlpfc.rda""","""$launchDir/data/ypb_inter-sample_ro1-dlpfc.rda""","""$launchDir/data/lindex_inter-sample_ro1-dlpfc.rda""","""$launchDir/data/true-proportions_inter-sample_ro1-dlpfc.rda""","deconrnaseq"
809,"Br2720_mid;Br8492_mid;Br2743_ant","k2","counts_adj","""$launchDir/data/sce_inter-sample_ro1-dlpfc.rda""","""$launchDir/data/ypb_inter-sample_ro1-dlpfc.rda""","""$launchDir/data/lindex_inter-sample_ro1-dlpfc.rda""","""$launchDir/data/true-proportions_inter-sample_ro1-dlpfc.rda""","deconrnaseq"
810,"Br6423_post;Br8492_mid;Br8492_post","k2","counts_adj","""$launchDir/data/sce_inter-sample_ro1-dlpfc.rda""","""$launchDir/data/ypb_inter-sample_ro1-dlpfc.rda""","""$launchDir/data/lindex_inter-sample_ro1-dlpfc.rda""","""$launchDir/data/true-proportions_inter-sample_ro1-dlpfc.rda""","deconrnaseq"
811,"Br2720_mid;Br3942_mid;Br8325_mid","k2","counts_adj","""$launchDir/data/sce_inter-sample_ro1-dlpfc.rda""","""$launchDir/data/ypb_inter-sample_ro1-dlpfc.rda""","""$launchDir/data/lindex_inter-sample_ro1-dlpfc.rda""","""$launchDir/data/true-proportions_inter-sample_ro1-dlpfc.rda""","deconrnaseq"
812,"Br3942_mid;Br8492_mid;Br2743_mid","k2","counts_adj","""$launchDir/data/sce_inter-sample_ro1-dlpfc.rda""","""$launchDir/data/ypb_inter-sample_ro1-dlpfc.rda""","""$launchDir/data/lindex_inter-sample_ro1-dlpfc.rda""","""$launchDir/data/true-proportions_inter-sample_ro1-dlpfc.rda""","deconrnaseq"
813,"Br3942_mid;Br2743_ant;Br8492_post","k2","counts_adj","""$launchDir/data/sce_inter-sample_ro1-dlpfc.rda""","""$launchDir/data/ypb_inter-sample_ro1-dlpfc.rda""","""$launchDir/data/lindex_inter-sample_ro1-dlpfc.rda""","""$launchDir/data/true-proportions_inter-sample_ro1-dlpfc.rda""","deconrnaseq"
814,"Br8325_ant;Br2720_mid;Br6423_post","k2","counts_adj","""$launchDir/data/sce_inter-sample_ro1-dlpfc.rda""","""$launchDir/data/ypb_inter-sample_ro1-dlpfc.rda""","""$launchDir/data/lindex_inter-sample_ro1-dlpfc.rda""","""$launchDir/data/true-proportions_inter-sample_ro1-dlpfc.rda""","deconrnaseq"
815,"Br6423_ant;Br8325_ant;Br3942_mid","k2","counts_adj","""$launchDir/data/sce_inter-sample_ro1-dlpfc.rda""","""$launchDir/data/ypb_inter-sample_ro1-dlpfc.rda""","""$launchDir/data/lindex_inter-sample_ro1-dlpfc.rda""","""$launchDir/data/true-proportions_inter-sample_ro1-dlpfc.rda""","deconrnaseq"
816,"Br2743_mid;Br2720_mid;Br8492_mid","k2","counts_adj","""$launchDir/data/sce_inter-sample_ro1-dlpfc.rda""","""$launchDir/data/ypb_inter-sample_ro1-dlpfc.rda""","""$launchDir/data/lindex_inter-sample_ro1-dlpfc.rda""","""$launchDir/data/true-proportions_inter-sample_ro1-dlpfc.rda""","deconrnaseq"
817,"Br8492_post;Br2743_mid;Br8325_mid","k2","counts_adj","""$launchDir/data/sce_inter-sample_ro1-dlpfc.rda""","""$launchDir/data/ypb_inter-sample_ro1-dlpfc.rda""","""$launchDir/data/lindex_inter-sample_ro1-dlpfc.rda""","""$launchDir/data/true-proportions_inter-sample_ro1-dlpfc.rda""","deconrnaseq"
818,"Br8492_mid;Br8325_mid;Br6423_ant","k2","counts_adj","""$launchDir/data/sce_inter-sample_ro1-dlpfc.rda""","""$launchDir/data/ypb_inter-sample_ro1-dlpfc.rda""","""$launchDir/data/lindex_inter-sample_ro1-dlpfc.rda""","""$launchDir/data/true-proportions_inter-sample_ro1-dlpfc.rda""","deconrnaseq"
819,"Br6423_post;Br3942_mid;Br8492_mid","k2","counts_adj","""$launchDir/data/sce_inter-sample_ro1-dlpfc.rda""","""$launchDir/data/ypb_inter-sample_ro1-dlpfc.rda""","""$launchDir/data/lindex_inter-sample_ro1-dlpfc.rda""","""$launchDir/data/true-proportions_inter-sample_ro1-dlpfc.rda""","deconrnaseq"
820,"Br8325_ant;Br6423_post;Br8492_mid","k2","counts_adj","""$launchDir/data/sce_inter-sample_ro1-dlpfc.rda""","""$launchDir/data/ypb_inter-sample_ro1-dlpfc.rda""","""$launchDir/data/lindex_inter-sample_ro1-dlpfc.rda""","""$launchDir/data/true-proportions_inter-sample_ro1-dlpfc.rda""","deconrnaseq"
821,"Br8492_mid;Br6471_mid;Br2720_mid","k2","counts_adj","""$launchDir/data/sce_inter-sample_ro1-dlpfc.rda""","""$launchDir/data/ypb_inter-sample_ro1-dlpfc.rda""","""$launchDir/data/lindex_inter-sample_ro1-dlpfc.rda""","""$launchDir/data/true-proportions_inter-sample_ro1-dlpfc.rda""","deconrnaseq"
822,"Br6471_mid;Br2743_mid;Br6423_post","k2","counts_adj","""$launchDir/data/sce_inter-sample_ro1-dlpfc.rda""","""$launchDir/data/ypb_inter-sample_ro1-dlpfc.rda""","""$launchDir/data/lindex_inter-sample_ro1-dlpfc.rda""","""$launchDir/data/true-proportions_inter-sample_ro1-dlpfc.rda""","deconrnaseq"
823,"Br8325_ant;Br3942_mid;Br8325_mid","k2","counts_adj","""$launchDir/data/sce_inter-sample_ro1-dlpfc.rda""","""$launchDir/data/ypb_inter-sample_ro1-dlpfc.rda""","""$launchDir/data/lindex_inter-sample_ro1-dlpfc.rda""","""$launchDir/data/true-proportions_inter-sample_ro1-dlpfc.rda""","deconrnaseq"
824,"Br3942_ant;Br6471_mid;Br8325_ant","k2","counts_adj","""$launchDir/data/sce_inter-sample_ro1-dlpfc.rda""","""$launchDir/data/ypb_inter-sample_ro1-dlpfc.rda""","""$launchDir/data/lindex_inter-sample_ro1-dlpfc.rda""","""$launchDir/data/true-proportions_inter-sample_ro1-dlpfc.rda""","deconrnaseq"
825,"Br2720_mid;Br8492_post;Br8325_mid","k2","counts_adj","""$launchDir/data/sce_inter-sample_ro1-dlpfc.rda""","""$launchDir/data/ypb_inter-sample_ro1-dlpfc.rda""","""$launchDir/data/lindex_inter-sample_ro1-dlpfc.rda""","""$launchDir/data/true-proportions_inter-sample_ro1-dlpfc.rda""","deconrnaseq"
826,"Br8492_mid;Br2743_ant;Br3942_mid","k2","counts_adj","""$launchDir/data/sce_inter-sample_ro1-dlpfc.rda""","""$launchDir/data/ypb_inter-sample_ro1-dlpfc.rda""","""$launchDir/data/lindex_inter-sample_ro1-dlpfc.rda""","""$launchDir/data/true-proportions_inter-sample_ro1-dlpfc.rda""","deconrnaseq"
827,"Br8492_post;Br8325_ant;Br3942_ant","k2","counts_adj","""$launchDir/data/sce_inter-sample_ro1-dlpfc.rda""","""$launchDir/data/ypb_inter-sample_ro1-dlpfc.rda""","""$launchDir/data/lindex_inter-sample_ro1-dlpfc.rda""","""$launchDir/data/true-proportions_inter-sample_ro1-dlpfc.rda""","deconrnaseq"
828,"Br2720_mid;Br2743_mid;Br8325_ant","k2","counts_adj","""$launchDir/data/sce_inter-sample_ro1-dlpfc.rda""","""$launchDir/data/ypb_inter-sample_ro1-dlpfc.rda""","""$launchDir/data/lindex_inter-sample_ro1-dlpfc.rda""","""$launchDir/data/true-proportions_inter-sample_ro1-dlpfc.rda""","deconrnaseq"
829,"Br8492_post;Br2743_ant;Br8325_ant","k2","counts_adj","""$launchDir/data/sce_inter-sample_ro1-dlpfc.rda""","""$launchDir/data/ypb_inter-sample_ro1-dlpfc.rda""","""$launchDir/data/lindex_inter-sample_ro1-dlpfc.rda""","""$launchDir/data/true-proportions_inter-sample_ro1-dlpfc.rda""","deconrnaseq"
830,"Br8325_mid;Br3942_ant;Br2743_mid","k2","counts_adj","""$launchDir/data/sce_inter-sample_ro1-dlpfc.rda""","""$launchDir/data/ypb_inter-sample_ro1-dlpfc.rda""","""$launchDir/data/lindex_inter-sample_ro1-dlpfc.rda""","""$launchDir/data/true-proportions_inter-sample_ro1-dlpfc.rda""","deconrnaseq"
831,"Br8492_mid;Br6423_post;Br3942_ant","k2","counts_adj","""$launchDir/data/sce_inter-sample_ro1-dlpfc.rda""","""$launchDir/data/ypb_inter-sample_ro1-dlpfc.rda""","""$launchDir/data/lindex_inter-sample_ro1-dlpfc.rda""","""$launchDir/data/true-proportions_inter-sample_ro1-dlpfc.rda""","deconrnaseq"
832,"Br6423_ant;Br6423_post;Br8325_mid","k2","counts_adj","""$launchDir/data/sce_inter-sample_ro1-dlpfc.rda""","""$launchDir/data/ypb_inter-sample_ro1-dlpfc.rda""","""$launchDir/data/lindex_inter-sample_ro1-dlpfc.rda""","""$launchDir/data/true-proportions_inter-sample_ro1-dlpfc.rda""","deconrnaseq"
833,"Br6423_post;Br6471_mid;Br3942_ant","k2","counts_adj","""$launchDir/data/sce_inter-sample_ro1-dlpfc.rda""","""$launchDir/data/ypb_inter-sample_ro1-dlpfc.rda""","""$launchDir/data/lindex_inter-sample_ro1-dlpfc.rda""","""$launchDir/data/true-proportions_inter-sample_ro1-dlpfc.rda""","deconrnaseq"
834,"Br2743_ant;Br8492_mid;Br8325_ant","k2","counts_adj","""$launchDir/data/sce_inter-sample_ro1-dlpfc.rda""","""$launchDir/data/ypb_inter-sample_ro1-dlpfc.rda""","""$launchDir/data/lindex_inter-sample_ro1-dlpfc.rda""","""$launchDir/data/true-proportions_inter-sample_ro1-dlpfc.rda""","deconrnaseq"
835,"Br6471_mid;Br3942_ant;Br8492_mid","k2","counts_adj","""$launchDir/data/sce_inter-sample_ro1-dlpfc.rda""","""$launchDir/data/ypb_inter-sample_ro1-dlpfc.rda""","""$launchDir/data/lindex_inter-sample_ro1-dlpfc.rda""","""$launchDir/data/true-proportions_inter-sample_ro1-dlpfc.rda""","deconrnaseq"
836,"Br3942_mid;Br2743_mid;Br6423_ant","k2","counts_adj","""$launchDir/data/sce_inter-sample_ro1-dlpfc.rda""","""$launchDir/data/ypb_inter-sample_ro1-dlpfc.rda""","""$launchDir/data/lindex_inter-sample_ro1-dlpfc.rda""","""$launchDir/data/true-proportions_inter-sample_ro1-dlpfc.rda""","deconrnaseq"
837,"Br8325_ant;Br8492_mid;Br6471_mid","k2","counts_adj","""$launchDir/data/sce_inter-sample_ro1-dlpfc.rda""","""$launchDir/data/ypb_inter-sample_ro1-dlpfc.rda""","""$launchDir/data/lindex_inter-sample_ro1-dlpfc.rda""","""$launchDir/data/true-proportions_inter-sample_ro1-dlpfc.rda""","deconrnaseq"
838,"Br3942_mid;Br6471_mid;Br2743_ant","k2","counts_adj","""$launchDir/data/sce_inter-sample_ro1-dlpfc.rda""","""$launchDir/data/ypb_inter-sample_ro1-dlpfc.rda""","""$launchDir/data/lindex_inter-sample_ro1-dlpfc.rda""","""$launchDir/data/true-proportions_inter-sample_ro1-dlpfc.rda""","deconrnaseq"
839,"Br6423_ant;Br8492_post;Br6471_mid","k2","counts_adj","""$launchDir/data/sce_inter-sample_ro1-dlpfc.rda""","""$launchDir/data/ypb_inter-sample_ro1-dlpfc.rda""","""$launchDir/data/lindex_inter-sample_ro1-dlpfc.rda""","""$launchDir/data/true-proportions_inter-sample_ro1-dlpfc.rda""","deconrnaseq"
840,"Br6471_mid;Br2720_mid;Br3942_ant","k2","counts_adj","""$launchDir/data/sce_inter-sample_ro1-dlpfc.rda""","""$launchDir/data/ypb_inter-sample_ro1-dlpfc.rda""","""$launchDir/data/lindex_inter-sample_ro1-dlpfc.rda""","""$launchDir/data/true-proportions_inter-sample_ro1-dlpfc.rda""","deconrnaseq"
841,"Br3942_mid;Br6471_mid;Br2743_ant","k2","counts_adj","""$launchDir/data/sce_inter-sample_ro1-dlpfc.rda""","""$launchDir/data/ypb_inter-sample_ro1-dlpfc.rda""","""$launchDir/data/lindex_inter-sample_ro1-dlpfc.rda""","""$launchDir/data/true-proportions_inter-sample_ro1-dlpfc.rda""","deconrnaseq"
842,"Br8325_ant;Br2743_ant;Br6471_mid","k2","counts_adj","""$launchDir/data/sce_inter-sample_ro1-dlpfc.rda""","""$launchDir/data/ypb_inter-sample_ro1-dlpfc.rda""","""$launchDir/data/lindex_inter-sample_ro1-dlpfc.rda""","""$launchDir/data/true-proportions_inter-sample_ro1-dlpfc.rda""","deconrnaseq"
843,"Br6423_post;Br8325_ant;Br8325_mid","k2","counts_adj","""$launchDir/data/sce_inter-sample_ro1-dlpfc.rda""","""$launchDir/data/ypb_inter-sample_ro1-dlpfc.rda""","""$launchDir/data/lindex_inter-sample_ro1-dlpfc.rda""","""$launchDir/data/true-proportions_inter-sample_ro1-dlpfc.rda""","deconrnaseq"
844,"Br2743_ant;Br2720_mid;Br8325_mid","k2","counts_adj","""$launchDir/data/sce_inter-sample_ro1-dlpfc.rda""","""$launchDir/data/ypb_inter-sample_ro1-dlpfc.rda""","""$launchDir/data/lindex_inter-sample_ro1-dlpfc.rda""","""$launchDir/data/true-proportions_inter-sample_ro1-dlpfc.rda""","deconrnaseq"
845,"Br8492_post;Br8325_mid;Br3942_mid","k2","counts_adj","""$launchDir/data/sce_inter-sample_ro1-dlpfc.rda""","""$launchDir/data/ypb_inter-sample_ro1-dlpfc.rda""","""$launchDir/data/lindex_inter-sample_ro1-dlpfc.rda""","""$launchDir/data/true-proportions_inter-sample_ro1-dlpfc.rda""","deconrnaseq"
846,"Br3942_mid;Br8492_mid;Br3942_ant","k2","counts_adj","""$launchDir/data/sce_inter-sample_ro1-dlpfc.rda""","""$launchDir/data/ypb_inter-sample_ro1-dlpfc.rda""","""$launchDir/data/lindex_inter-sample_ro1-dlpfc.rda""","""$launchDir/data/true-proportions_inter-sample_ro1-dlpfc.rda""","deconrnaseq"
847,"Br2720_mid;Br2743_ant;Br8325_mid","k2","counts_adj","""$launchDir/data/sce_inter-sample_ro1-dlpfc.rda""","""$launchDir/data/ypb_inter-sample_ro1-dlpfc.rda""","""$launchDir/data/lindex_inter-sample_ro1-dlpfc.rda""","""$launchDir/data/true-proportions_inter-sample_ro1-dlpfc.rda""","deconrnaseq"
848,"Br2720_mid;Br3942_ant;Br6471_mid","k2","counts_adj","""$launchDir/data/sce_inter-sample_ro1-dlpfc.rda""","""$launchDir/data/ypb_inter-sample_ro1-dlpfc.rda""","""$launchDir/data/lindex_inter-sample_ro1-dlpfc.rda""","""$launchDir/data/true-proportions_inter-sample_ro1-dlpfc.rda""","deconrnaseq"
849,"Br3942_mid;Br6423_ant;Br2720_mid","k2","counts_adj","""$launchDir/data/sce_inter-sample_ro1-dlpfc.rda""","""$launchDir/data/ypb_inter-sample_ro1-dlpfc.rda""","""$launchDir/data/lindex_inter-sample_ro1-dlpfc.rda""","""$launchDir/data/true-proportions_inter-sample_ro1-dlpfc.rda""","deconrnaseq"
850,"Br8492_post;Br2743_mid;Br8492_mid","k2","counts_adj","""$launchDir/data/sce_inter-sample_ro1-dlpfc.rda""","""$launchDir/data/ypb_inter-sample_ro1-dlpfc.rda""","""$launchDir/data/lindex_inter-sample_ro1-dlpfc.rda""","""$launchDir/data/true-proportions_inter-sample_ro1-dlpfc.rda""","deconrnaseq"
851,"Br3942_ant;Br3942_mid;Br8492_mid","k2","counts_adj","""$launchDir/data/sce_inter-sample_ro1-dlpfc.rda""","""$launchDir/data/ypb_inter-sample_ro1-dlpfc.rda""","""$launchDir/data/lindex_inter-sample_ro1-dlpfc.rda""","""$launchDir/data/true-proportions_inter-sample_ro1-dlpfc.rda""","deconrnaseq"
852,"Br2720_mid;Br6471_mid;Br8325_mid","k2","counts_adj","""$launchDir/data/sce_inter-sample_ro1-dlpfc.rda""","""$launchDir/data/ypb_inter-sample_ro1-dlpfc.rda""","""$launchDir/data/lindex_inter-sample_ro1-dlpfc.rda""","""$launchDir/data/true-proportions_inter-sample_ro1-dlpfc.rda""","deconrnaseq"
853,"Br3942_mid;Br6423_post;Br8492_mid","k2","counts_adj","""$launchDir/data/sce_inter-sample_ro1-dlpfc.rda""","""$launchDir/data/ypb_inter-sample_ro1-dlpfc.rda""","""$launchDir/data/lindex_inter-sample_ro1-dlpfc.rda""","""$launchDir/data/true-proportions_inter-sample_ro1-dlpfc.rda""","deconrnaseq"
854,"Br8325_mid;Br8325_ant;Br3942_ant","k2","counts_adj","""$launchDir/data/sce_inter-sample_ro1-dlpfc.rda""","""$launchDir/data/ypb_inter-sample_ro1-dlpfc.rda""","""$launchDir/data/lindex_inter-sample_ro1-dlpfc.rda""","""$launchDir/data/true-proportions_inter-sample_ro1-dlpfc.rda""","deconrnaseq"
855,"Br8325_ant;Br2743_ant;Br3942_mid","k2","counts_adj","""$launchDir/data/sce_inter-sample_ro1-dlpfc.rda""","""$launchDir/data/ypb_inter-sample_ro1-dlpfc.rda""","""$launchDir/data/lindex_inter-sample_ro1-dlpfc.rda""","""$launchDir/data/true-proportions_inter-sample_ro1-dlpfc.rda""","deconrnaseq"
856,"Br8325_ant;Br6423_post;Br6471_mid","k2","counts_adj","""$launchDir/data/sce_inter-sample_ro1-dlpfc.rda""","""$launchDir/data/ypb_inter-sample_ro1-dlpfc.rda""","""$launchDir/data/lindex_inter-sample_ro1-dlpfc.rda""","""$launchDir/data/true-proportions_inter-sample_ro1-dlpfc.rda""","deconrnaseq"
857,"Br8492_post;Br8492_mid;Br8325_ant","k2","counts_adj","""$launchDir/data/sce_inter-sample_ro1-dlpfc.rda""","""$launchDir/data/ypb_inter-sample_ro1-dlpfc.rda""","""$launchDir/data/lindex_inter-sample_ro1-dlpfc.rda""","""$launchDir/data/true-proportions_inter-sample_ro1-dlpfc.rda""","deconrnaseq"
858,"Br3942_mid;Br6423_ant;Br8325_ant","k2","counts_adj","""$launchDir/data/sce_inter-sample_ro1-dlpfc.rda""","""$launchDir/data/ypb_inter-sample_ro1-dlpfc.rda""","""$launchDir/data/lindex_inter-sample_ro1-dlpfc.rda""","""$launchDir/data/true-proportions_inter-sample_ro1-dlpfc.rda""","deconrnaseq"
859,"Br2743_mid;Br8325_ant;Br3942_ant","k2","counts_adj","""$launchDir/data/sce_inter-sample_ro1-dlpfc.rda""","""$launchDir/data/ypb_inter-sample_ro1-dlpfc.rda""","""$launchDir/data/lindex_inter-sample_ro1-dlpfc.rda""","""$launchDir/data/true-proportions_inter-sample_ro1-dlpfc.rda""","deconrnaseq"
860,"Br2720_mid;Br6423_post;Br3942_mid","k2","counts_adj","""$launchDir/data/sce_inter-sample_ro1-dlpfc.rda""","""$launchDir/data/ypb_inter-sample_ro1-dlpfc.rda""","""$launchDir/data/lindex_inter-sample_ro1-dlpfc.rda""","""$launchDir/data/true-proportions_inter-sample_ro1-dlpfc.rda""","deconrnaseq"
861,"Br8492_post;Br8325_ant;Br2743_mid","k2","counts_adj","""$launchDir/data/sce_inter-sample_ro1-dlpfc.rda""","""$launchDir/data/ypb_inter-sample_ro1-dlpfc.rda""","""$launchDir/data/lindex_inter-sample_ro1-dlpfc.rda""","""$launchDir/data/true-proportions_inter-sample_ro1-dlpfc.rda""","deconrnaseq"
862,"Br6423_ant;Br3942_mid;Br8492_post","k2","counts_adj","""$launchDir/data/sce_inter-sample_ro1-dlpfc.rda""","""$launchDir/data/ypb_inter-sample_ro1-dlpfc.rda""","""$launchDir/data/lindex_inter-sample_ro1-dlpfc.rda""","""$launchDir/data/true-proportions_inter-sample_ro1-dlpfc.rda""","deconrnaseq"
863,"Br6471_mid;Br6423_ant;Br6423_post","k2","counts_adj","""$launchDir/data/sce_inter-sample_ro1-dlpfc.rda""","""$launchDir/data/ypb_inter-sample_ro1-dlpfc.rda""","""$launchDir/data/lindex_inter-sample_ro1-dlpfc.rda""","""$launchDir/data/true-proportions_inter-sample_ro1-dlpfc.rda""","deconrnaseq"
864,"Br2743_mid;Br2743_ant;Br8492_mid","k2","counts_adj","""$launchDir/data/sce_inter-sample_ro1-dlpfc.rda""","""$launchDir/data/ypb_inter-sample_ro1-dlpfc.rda""","""$launchDir/data/lindex_inter-sample_ro1-dlpfc.rda""","""$launchDir/data/true-proportions_inter-sample_ro1-dlpfc.rda""","deconrnaseq"
865,"Br2743_mid;Br3942_ant;Br8492_mid","k2","counts_adj","""$launchDir/data/sce_inter-sample_ro1-dlpfc.rda""","""$launchDir/data/ypb_inter-sample_ro1-dlpfc.rda""","""$launchDir/data/lindex_inter-sample_ro1-dlpfc.rda""","""$launchDir/data/true-proportions_inter-sample_ro1-dlpfc.rda""","deconrnaseq"
866,"Br8492_post;Br2720_mid;Br6423_ant","k2","counts_adj","""$launchDir/data/sce_inter-sample_ro1-dlpfc.rda""","""$launchDir/data/ypb_inter-sample_ro1-dlpfc.rda""","""$launchDir/data/lindex_inter-sample_ro1-dlpfc.rda""","""$launchDir/data/true-proportions_inter-sample_ro1-dlpfc.rda""","deconrnaseq"
867,"Br8325_mid;Br6423_ant;Br2720_mid","k2","counts_adj","""$launchDir/data/sce_inter-sample_ro1-dlpfc.rda""","""$launchDir/data/ypb_inter-sample_ro1-dlpfc.rda""","""$launchDir/data/lindex_inter-sample_ro1-dlpfc.rda""","""$launchDir/data/true-proportions_inter-sample_ro1-dlpfc.rda""","deconrnaseq"
868,"Br3942_ant;Br2743_mid;Br8325_mid","k2","counts_adj","""$launchDir/data/sce_inter-sample_ro1-dlpfc.rda""","""$launchDir/data/ypb_inter-sample_ro1-dlpfc.rda""","""$launchDir/data/lindex_inter-sample_ro1-dlpfc.rda""","""$launchDir/data/true-proportions_inter-sample_ro1-dlpfc.rda""","deconrnaseq"
869,"Br3942_ant;Br8492_post;Br8325_mid","k2","counts_adj","""$launchDir/data/sce_inter-sample_ro1-dlpfc.rda""","""$launchDir/data/ypb_inter-sample_ro1-dlpfc.rda""","""$launchDir/data/lindex_inter-sample_ro1-dlpfc.rda""","""$launchDir/data/true-proportions_inter-sample_ro1-dlpfc.rda""","deconrnaseq"
870,"Br2743_ant;Br2720_mid;Br8492_post","k2","counts_adj","""$launchDir/data/sce_inter-sample_ro1-dlpfc.rda""","""$launchDir/data/ypb_inter-sample_ro1-dlpfc.rda""","""$launchDir/data/lindex_inter-sample_ro1-dlpfc.rda""","""$launchDir/data/true-proportions_inter-sample_ro1-dlpfc.rda""","deconrnaseq"
871,"Br8325_ant;Br6423_post;Br2743_ant","k2","counts_adj","""$launchDir/data/sce_inter-sample_ro1-dlpfc.rda""","""$launchDir/data/ypb_inter-sample_ro1-dlpfc.rda""","""$launchDir/data/lindex_inter-sample_ro1-dlpfc.rda""","""$launchDir/data/true-proportions_inter-sample_ro1-dlpfc.rda""","deconrnaseq"
872,"Br2720_mid;Br2743_ant;Br8492_mid","k2","counts_adj","""$launchDir/data/sce_inter-sample_ro1-dlpfc.rda""","""$launchDir/data/ypb_inter-sample_ro1-dlpfc.rda""","""$launchDir/data/lindex_inter-sample_ro1-dlpfc.rda""","""$launchDir/data/true-proportions_inter-sample_ro1-dlpfc.rda""","deconrnaseq"
873,"Br8325_ant;Br2743_mid;Br3942_mid","k2","counts_adj","""$launchDir/data/sce_inter-sample_ro1-dlpfc.rda""","""$launchDir/data/ypb_inter-sample_ro1-dlpfc.rda""","""$launchDir/data/lindex_inter-sample_ro1-dlpfc.rda""","""$launchDir/data/true-proportions_inter-sample_ro1-dlpfc.rda""","deconrnaseq"
874,"Br6471_mid;Br2743_ant;Br8325_ant","k2","counts_adj","""$launchDir/data/sce_inter-sample_ro1-dlpfc.rda""","""$launchDir/data/ypb_inter-sample_ro1-dlpfc.rda""","""$launchDir/data/lindex_inter-sample_ro1-dlpfc.rda""","""$launchDir/data/true-proportions_inter-sample_ro1-dlpfc.rda""","deconrnaseq"
875,"Br2743_mid;Br3942_mid;Br3942_ant","k2","counts_adj","""$launchDir/data/sce_inter-sample_ro1-dlpfc.rda""","""$launchDir/data/ypb_inter-sample_ro1-dlpfc.rda""","""$launchDir/data/lindex_inter-sample_ro1-dlpfc.rda""","""$launchDir/data/true-proportions_inter-sample_ro1-dlpfc.rda""","deconrnaseq"
876,"Br8492_mid;Br6423_ant;Br6471_mid","k2","counts_adj","""$launchDir/data/sce_inter-sample_ro1-dlpfc.rda""","""$launchDir/data/ypb_inter-sample_ro1-dlpfc.rda""","""$launchDir/data/lindex_inter-sample_ro1-dlpfc.rda""","""$launchDir/data/true-proportions_inter-sample_ro1-dlpfc.rda""","deconrnaseq"
877,"Br8325_mid;Br6423_post;Br2743_mid","k2","counts_adj","""$launchDir/data/sce_inter-sample_ro1-dlpfc.rda""","""$launchDir/data/ypb_inter-sample_ro1-dlpfc.rda""","""$launchDir/data/lindex_inter-sample_ro1-dlpfc.rda""","""$launchDir/data/true-proportions_inter-sample_ro1-dlpfc.rda""","deconrnaseq"
878,"Br2743_mid;Br2720_mid;Br2743_ant","k2","counts_adj","""$launchDir/data/sce_inter-sample_ro1-dlpfc.rda""","""$launchDir/data/ypb_inter-sample_ro1-dlpfc.rda""","""$launchDir/data/lindex_inter-sample_ro1-dlpfc.rda""","""$launchDir/data/true-proportions_inter-sample_ro1-dlpfc.rda""","deconrnaseq"
879,"Br8492_post;Br2743_mid;Br3942_ant","k2","counts_adj","""$launchDir/data/sce_inter-sample_ro1-dlpfc.rda""","""$launchDir/data/ypb_inter-sample_ro1-dlpfc.rda""","""$launchDir/data/lindex_inter-sample_ro1-dlpfc.rda""","""$launchDir/data/true-proportions_inter-sample_ro1-dlpfc.rda""","deconrnaseq"
880,"Br2720_mid;Br2743_mid;Br2743_ant","k2","counts_adj","""$launchDir/data/sce_inter-sample_ro1-dlpfc.rda""","""$launchDir/data/ypb_inter-sample_ro1-dlpfc.rda""","""$launchDir/data/lindex_inter-sample_ro1-dlpfc.rda""","""$launchDir/data/true-proportions_inter-sample_ro1-dlpfc.rda""","deconrnaseq"
881,"Br8325_ant;Br3942_ant;Br2743_mid","k2","counts_adj","""$launchDir/data/sce_inter-sample_ro1-dlpfc.rda""","""$launchDir/data/ypb_inter-sample_ro1-dlpfc.rda""","""$launchDir/data/lindex_inter-sample_ro1-dlpfc.rda""","""$launchDir/data/true-proportions_inter-sample_ro1-dlpfc.rda""","deconrnaseq"
882,"Br3942_mid;Br8492_post;Br2720_mid","k2","counts_adj","""$launchDir/data/sce_inter-sample_ro1-dlpfc.rda""","""$launchDir/data/ypb_inter-sample_ro1-dlpfc.rda""","""$launchDir/data/lindex_inter-sample_ro1-dlpfc.rda""","""$launchDir/data/true-proportions_inter-sample_ro1-dlpfc.rda""","deconrnaseq"
883,"Br3942_mid;Br2720_mid;Br8325_mid","k2","counts_adj","""$launchDir/data/sce_inter-sample_ro1-dlpfc.rda""","""$launchDir/data/ypb_inter-sample_ro1-dlpfc.rda""","""$launchDir/data/lindex_inter-sample_ro1-dlpfc.rda""","""$launchDir/data/true-proportions_inter-sample_ro1-dlpfc.rda""","deconrnaseq"
884,"Br6423_post;Br2720_mid;Br8492_mid","k2","counts_adj","""$launchDir/data/sce_inter-sample_ro1-dlpfc.rda""","""$launchDir/data/ypb_inter-sample_ro1-dlpfc.rda""","""$launchDir/data/lindex_inter-sample_ro1-dlpfc.rda""","""$launchDir/data/true-proportions_inter-sample_ro1-dlpfc.rda""","deconrnaseq"
885,"Br2743_ant;Br8492_post;Br2743_mid","k2","counts_adj","""$launchDir/data/sce_inter-sample_ro1-dlpfc.rda""","""$launchDir/data/ypb_inter-sample_ro1-dlpfc.rda""","""$launchDir/data/lindex_inter-sample_ro1-dlpfc.rda""","""$launchDir/data/true-proportions_inter-sample_ro1-dlpfc.rda""","deconrnaseq"
886,"Br3942_ant;Br8492_mid;Br6423_post","k2","counts_adj","""$launchDir/data/sce_inter-sample_ro1-dlpfc.rda""","""$launchDir/data/ypb_inter-sample_ro1-dlpfc.rda""","""$launchDir/data/lindex_inter-sample_ro1-dlpfc.rda""","""$launchDir/data/true-proportions_inter-sample_ro1-dlpfc.rda""","deconrnaseq"
887,"Br8325_ant;Br8492_mid;Br2743_ant","k2","counts_adj","""$launchDir/data/sce_inter-sample_ro1-dlpfc.rda""","""$launchDir/data/ypb_inter-sample_ro1-dlpfc.rda""","""$launchDir/data/lindex_inter-sample_ro1-dlpfc.rda""","""$launchDir/data/true-proportions_inter-sample_ro1-dlpfc.rda""","deconrnaseq"
888,"Br8325_ant;Br2720_mid;Br3942_mid","k2","counts_adj","""$launchDir/data/sce_inter-sample_ro1-dlpfc.rda""","""$launchDir/data/ypb_inter-sample_ro1-dlpfc.rda""","""$launchDir/data/lindex_inter-sample_ro1-dlpfc.rda""","""$launchDir/data/true-proportions_inter-sample_ro1-dlpfc.rda""","deconrnaseq"
889,"Br6423_ant;Br2720_mid;Br8325_mid","k2","counts_adj","""$launchDir/data/sce_inter-sample_ro1-dlpfc.rda""","""$launchDir/data/ypb_inter-sample_ro1-dlpfc.rda""","""$launchDir/data/lindex_inter-sample_ro1-dlpfc.rda""","""$launchDir/data/true-proportions_inter-sample_ro1-dlpfc.rda""","deconrnaseq"
890,"Br2743_ant;Br2720_mid;Br8492_mid","k2","counts_adj","""$launchDir/data/sce_inter-sample_ro1-dlpfc.rda""","""$launchDir/data/ypb_inter-sample_ro1-dlpfc.rda""","""$launchDir/data/lindex_inter-sample_ro1-dlpfc.rda""","""$launchDir/data/true-proportions_inter-sample_ro1-dlpfc.rda""","deconrnaseq"
891,"Br2743_ant;Br2743_mid;Br8325_mid","k2","counts_adj","""$launchDir/data/sce_inter-sample_ro1-dlpfc.rda""","""$launchDir/data/ypb_inter-sample_ro1-dlpfc.rda""","""$launchDir/data/lindex_inter-sample_ro1-dlpfc.rda""","""$launchDir/data/true-proportions_inter-sample_ro1-dlpfc.rda""","deconrnaseq"
892,"Br8492_post;Br6471_mid;Br6423_post","k2","counts_adj","""$launchDir/data/sce_inter-sample_ro1-dlpfc.rda""","""$launchDir/data/ypb_inter-sample_ro1-dlpfc.rda""","""$launchDir/data/lindex_inter-sample_ro1-dlpfc.rda""","""$launchDir/data/true-proportions_inter-sample_ro1-dlpfc.rda""","deconrnaseq"
893,"Br2743_ant;Br2743_mid;Br3942_ant","k2","counts_adj","""$launchDir/data/sce_inter-sample_ro1-dlpfc.rda""","""$launchDir/data/ypb_inter-sample_ro1-dlpfc.rda""","""$launchDir/data/lindex_inter-sample_ro1-dlpfc.rda""","""$launchDir/data/true-proportions_inter-sample_ro1-dlpfc.rda""","deconrnaseq"
894,"Br8492_mid;Br8325_mid;Br2743_mid","k2","counts_adj","""$launchDir/data/sce_inter-sample_ro1-dlpfc.rda""","""$launchDir/data/ypb_inter-sample_ro1-dlpfc.rda""","""$launchDir/data/lindex_inter-sample_ro1-dlpfc.rda""","""$launchDir/data/true-proportions_inter-sample_ro1-dlpfc.rda""","deconrnaseq"
895,"Br6423_post;Br6423_ant;Br6471_mid","k2","counts_adj","""$launchDir/data/sce_inter-sample_ro1-dlpfc.rda""","""$launchDir/data/ypb_inter-sample_ro1-dlpfc.rda""","""$launchDir/data/lindex_inter-sample_ro1-dlpfc.rda""","""$launchDir/data/true-proportions_inter-sample_ro1-dlpfc.rda""","deconrnaseq"
896,"Br8325_mid;Br2720_mid;Br6471_mid","k2","counts_adj","""$launchDir/data/sce_inter-sample_ro1-dlpfc.rda""","""$launchDir/data/ypb_inter-sample_ro1-dlpfc.rda""","""$launchDir/data/lindex_inter-sample_ro1-dlpfc.rda""","""$launchDir/data/true-proportions_inter-sample_ro1-dlpfc.rda""","deconrnaseq"
897,"Br8492_mid;Br2743_ant;Br8325_mid","k2","counts_adj","""$launchDir/data/sce_inter-sample_ro1-dlpfc.rda""","""$launchDir/data/ypb_inter-sample_ro1-dlpfc.rda""","""$launchDir/data/lindex_inter-sample_ro1-dlpfc.rda""","""$launchDir/data/true-proportions_inter-sample_ro1-dlpfc.rda""","deconrnaseq"
898,"Br2720_mid;Br8492_mid;Br2743_mid","k2","counts_adj","""$launchDir/data/sce_inter-sample_ro1-dlpfc.rda""","""$launchDir/data/ypb_inter-sample_ro1-dlpfc.rda""","""$launchDir/data/lindex_inter-sample_ro1-dlpfc.rda""","""$launchDir/data/true-proportions_inter-sample_ro1-dlpfc.rda""","deconrnaseq"
899,"Br2720_mid;Br6423_ant;Br3942_ant","k2","counts_adj","""$launchDir/data/sce_inter-sample_ro1-dlpfc.rda""","""$launchDir/data/ypb_inter-sample_ro1-dlpfc.rda""","""$launchDir/data/lindex_inter-sample_ro1-dlpfc.rda""","""$launchDir/data/true-proportions_inter-sample_ro1-dlpfc.rda""","deconrnaseq"
900,"Br8325_ant;Br6423_post;Br8492_post","k2","counts_adj","""$launchDir/data/sce_inter-sample_ro1-dlpfc.rda""","""$launchDir/data/ypb_inter-sample_ro1-dlpfc.rda""","""$launchDir/data/lindex_inter-sample_ro1-dlpfc.rda""","""$launchDir/data/true-proportions_inter-sample_ro1-dlpfc.rda""","deconrnaseq"
901,"Br8325_ant;Br6423_ant;Br6423_post","k2","counts_adj","""$launchDir/data/sce_inter-sample_ro1-dlpfc.rda""","""$launchDir/data/ypb_inter-sample_ro1-dlpfc.rda""","""$launchDir/data/lindex_inter-sample_ro1-dlpfc.rda""","""$launchDir/data/true-proportions_inter-sample_ro1-dlpfc.rda""","deconrnaseq"
902,"Br3942_mid;Br6471_mid;Br3942_ant","k2","counts_adj","""$launchDir/data/sce_inter-sample_ro1-dlpfc.rda""","""$launchDir/data/ypb_inter-sample_ro1-dlpfc.rda""","""$launchDir/data/lindex_inter-sample_ro1-dlpfc.rda""","""$launchDir/data/true-proportions_inter-sample_ro1-dlpfc.rda""","deconrnaseq"
903,"Br8325_mid;Br3942_mid;Br2743_ant","k2","counts_adj","""$launchDir/data/sce_inter-sample_ro1-dlpfc.rda""","""$launchDir/data/ypb_inter-sample_ro1-dlpfc.rda""","""$launchDir/data/lindex_inter-sample_ro1-dlpfc.rda""","""$launchDir/data/true-proportions_inter-sample_ro1-dlpfc.rda""","deconrnaseq"
904,"Br6423_post;Br6423_ant;Br6471_mid","k2","counts_adj","""$launchDir/data/sce_inter-sample_ro1-dlpfc.rda""","""$launchDir/data/ypb_inter-sample_ro1-dlpfc.rda""","""$launchDir/data/lindex_inter-sample_ro1-dlpfc.rda""","""$launchDir/data/true-proportions_inter-sample_ro1-dlpfc.rda""","deconrnaseq"
905,"Br3942_mid;Br6423_post;Br2743_mid","k2","counts_adj","""$launchDir/data/sce_inter-sample_ro1-dlpfc.rda""","""$launchDir/data/ypb_inter-sample_ro1-dlpfc.rda""","""$launchDir/data/lindex_inter-sample_ro1-dlpfc.rda""","""$launchDir/data/true-proportions_inter-sample_ro1-dlpfc.rda""","deconrnaseq"
906,"Br6423_post;Br8492_mid;Br8325_ant","k2","counts_adj","""$launchDir/data/sce_inter-sample_ro1-dlpfc.rda""","""$launchDir/data/ypb_inter-sample_ro1-dlpfc.rda""","""$launchDir/data/lindex_inter-sample_ro1-dlpfc.rda""","""$launchDir/data/true-proportions_inter-sample_ro1-dlpfc.rda""","deconrnaseq"
907,"Br2743_mid;Br2720_mid;Br6423_post","k2","counts_adj","""$launchDir/data/sce_inter-sample_ro1-dlpfc.rda""","""$launchDir/data/ypb_inter-sample_ro1-dlpfc.rda""","""$launchDir/data/lindex_inter-sample_ro1-dlpfc.rda""","""$launchDir/data/true-proportions_inter-sample_ro1-dlpfc.rda""","deconrnaseq"
908,"Br2720_mid;Br6423_ant;Br8492_mid","k2","counts_adj","""$launchDir/data/sce_inter-sample_ro1-dlpfc.rda""","""$launchDir/data/ypb_inter-sample_ro1-dlpfc.rda""","""$launchDir/data/lindex_inter-sample_ro1-dlpfc.rda""","""$launchDir/data/true-proportions_inter-sample_ro1-dlpfc.rda""","deconrnaseq"
909,"Br3942_ant;Br8325_ant;Br2720_mid","k2","counts_adj","""$launchDir/data/sce_inter-sample_ro1-dlpfc.rda""","""$launchDir/data/ypb_inter-sample_ro1-dlpfc.rda""","""$launchDir/data/lindex_inter-sample_ro1-dlpfc.rda""","""$launchDir/data/true-proportions_inter-sample_ro1-dlpfc.rda""","deconrnaseq"
910,"Br3942_mid;Br2743_ant;Br8325_mid","k2","counts_adj","""$launchDir/data/sce_inter-sample_ro1-dlpfc.rda""","""$launchDir/data/ypb_inter-sample_ro1-dlpfc.rda""","""$launchDir/data/lindex_inter-sample_ro1-dlpfc.rda""","""$launchDir/data/true-proportions_inter-sample_ro1-dlpfc.rda""","deconrnaseq"
911,"Br3942_ant;Br2743_ant;Br8492_mid","k2","counts_adj","""$launchDir/data/sce_inter-sample_ro1-dlpfc.rda""","""$launchDir/data/ypb_inter-sample_ro1-dlpfc.rda""","""$launchDir/data/lindex_inter-sample_ro1-dlpfc.rda""","""$launchDir/data/true-proportions_inter-sample_ro1-dlpfc.rda""","deconrnaseq"
912,"Br6423_ant;Br2743_mid;Br6471_mid","k2","counts_adj","""$launchDir/data/sce_inter-sample_ro1-dlpfc.rda""","""$launchDir/data/ypb_inter-sample_ro1-dlpfc.rda""","""$launchDir/data/lindex_inter-sample_ro1-dlpfc.rda""","""$launchDir/data/true-proportions_inter-sample_ro1-dlpfc.rda""","deconrnaseq"
913,"Br2720_mid;Br2743_ant;Br8325_ant","k2","counts_adj","""$launchDir/data/sce_inter-sample_ro1-dlpfc.rda""","""$launchDir/data/ypb_inter-sample_ro1-dlpfc.rda""","""$launchDir/data/lindex_inter-sample_ro1-dlpfc.rda""","""$launchDir/data/true-proportions_inter-sample_ro1-dlpfc.rda""","deconrnaseq"
914,"Br3942_mid;Br6423_ant;Br2743_ant","k2","counts_adj","""$launchDir/data/sce_inter-sample_ro1-dlpfc.rda""","""$launchDir/data/ypb_inter-sample_ro1-dlpfc.rda""","""$launchDir/data/lindex_inter-sample_ro1-dlpfc.rda""","""$launchDir/data/true-proportions_inter-sample_ro1-dlpfc.rda""","deconrnaseq"
915,"Br8325_mid;Br2743_mid;Br6471_mid","k2","counts_adj","""$launchDir/data/sce_inter-sample_ro1-dlpfc.rda""","""$launchDir/data/ypb_inter-sample_ro1-dlpfc.rda""","""$launchDir/data/lindex_inter-sample_ro1-dlpfc.rda""","""$launchDir/data/true-proportions_inter-sample_ro1-dlpfc.rda""","deconrnaseq"
916,"Br2743_ant;Br8492_mid;Br8325_ant","k2","counts_adj","""$launchDir/data/sce_inter-sample_ro1-dlpfc.rda""","""$launchDir/data/ypb_inter-sample_ro1-dlpfc.rda""","""$launchDir/data/lindex_inter-sample_ro1-dlpfc.rda""","""$launchDir/data/true-proportions_inter-sample_ro1-dlpfc.rda""","deconrnaseq"
917,"Br3942_ant;Br6423_ant;Br2743_ant","k2","counts_adj","""$launchDir/data/sce_inter-sample_ro1-dlpfc.rda""","""$launchDir/data/ypb_inter-sample_ro1-dlpfc.rda""","""$launchDir/data/lindex_inter-sample_ro1-dlpfc.rda""","""$launchDir/data/true-proportions_inter-sample_ro1-dlpfc.rda""","deconrnaseq"
918,"Br6423_ant;Br2743_mid;Br6471_mid","k2","counts_adj","""$launchDir/data/sce_inter-sample_ro1-dlpfc.rda""","""$launchDir/data/ypb_inter-sample_ro1-dlpfc.rda""","""$launchDir/data/lindex_inter-sample_ro1-dlpfc.rda""","""$launchDir/data/true-proportions_inter-sample_ro1-dlpfc.rda""","deconrnaseq"
919,"Br8492_post;Br6423_post;Br3942_ant","k2","counts_adj","""$launchDir/data/sce_inter-sample_ro1-dlpfc.rda""","""$launchDir/data/ypb_inter-sample_ro1-dlpfc.rda""","""$launchDir/data/lindex_inter-sample_ro1-dlpfc.rda""","""$launchDir/data/true-proportions_inter-sample_ro1-dlpfc.rda""","deconrnaseq"
920,"Br8325_mid;Br6423_post;Br3942_ant","k2","counts_adj","""$launchDir/data/sce_inter-sample_ro1-dlpfc.rda""","""$launchDir/data/ypb_inter-sample_ro1-dlpfc.rda""","""$launchDir/data/lindex_inter-sample_ro1-dlpfc.rda""","""$launchDir/data/true-proportions_inter-sample_ro1-dlpfc.rda""","deconrnaseq"
921,"Br3942_ant;Br6423_post;Br6423_ant","k2","counts_adj","""$launchDir/data/sce_inter-sample_ro1-dlpfc.rda""","""$launchDir/data/ypb_inter-sample_ro1-dlpfc.rda""","""$launchDir/data/lindex_inter-sample_ro1-dlpfc.rda""","""$launchDir/data/true-proportions_inter-sample_ro1-dlpfc.rda""","deconrnaseq"
922,"Br8492_post;Br3942_ant;Br3942_mid","k2","counts_adj","""$launchDir/data/sce_inter-sample_ro1-dlpfc.rda""","""$launchDir/data/ypb_inter-sample_ro1-dlpfc.rda""","""$launchDir/data/lindex_inter-sample_ro1-dlpfc.rda""","""$launchDir/data/true-proportions_inter-sample_ro1-dlpfc.rda""","deconrnaseq"
923,"Br2720_mid;Br2743_mid;Br6423_ant","k2","counts_adj","""$launchDir/data/sce_inter-sample_ro1-dlpfc.rda""","""$launchDir/data/ypb_inter-sample_ro1-dlpfc.rda""","""$launchDir/data/lindex_inter-sample_ro1-dlpfc.rda""","""$launchDir/data/true-proportions_inter-sample_ro1-dlpfc.rda""","deconrnaseq"
924,"Br8325_mid;Br2743_mid;Br2743_ant","k2","counts_adj","""$launchDir/data/sce_inter-sample_ro1-dlpfc.rda""","""$launchDir/data/ypb_inter-sample_ro1-dlpfc.rda""","""$launchDir/data/lindex_inter-sample_ro1-dlpfc.rda""","""$launchDir/data/true-proportions_inter-sample_ro1-dlpfc.rda""","deconrnaseq"
925,"Br3942_ant;Br3942_mid;Br8492_post","k2","counts_adj","""$launchDir/data/sce_inter-sample_ro1-dlpfc.rda""","""$launchDir/data/ypb_inter-sample_ro1-dlpfc.rda""","""$launchDir/data/lindex_inter-sample_ro1-dlpfc.rda""","""$launchDir/data/true-proportions_inter-sample_ro1-dlpfc.rda""","deconrnaseq"
926,"Br8325_ant;Br3942_mid;Br8492_post","k2","counts_adj","""$launchDir/data/sce_inter-sample_ro1-dlpfc.rda""","""$launchDir/data/ypb_inter-sample_ro1-dlpfc.rda""","""$launchDir/data/lindex_inter-sample_ro1-dlpfc.rda""","""$launchDir/data/true-proportions_inter-sample_ro1-dlpfc.rda""","deconrnaseq"
927,"Br2743_ant;Br8492_post;Br8325_mid","k2","counts_adj","""$launchDir/data/sce_inter-sample_ro1-dlpfc.rda""","""$launchDir/data/ypb_inter-sample_ro1-dlpfc.rda""","""$launchDir/data/lindex_inter-sample_ro1-dlpfc.rda""","""$launchDir/data/true-proportions_inter-sample_ro1-dlpfc.rda""","deconrnaseq"
928,"Br2743_ant;Br8492_post;Br6423_post","k2","counts_adj","""$launchDir/data/sce_inter-sample_ro1-dlpfc.rda""","""$launchDir/data/ypb_inter-sample_ro1-dlpfc.rda""","""$launchDir/data/lindex_inter-sample_ro1-dlpfc.rda""","""$launchDir/data/true-proportions_inter-sample_ro1-dlpfc.rda""","deconrnaseq"
929,"Br2743_mid;Br2743_ant;Br2720_mid","k2","counts_adj","""$launchDir/data/sce_inter-sample_ro1-dlpfc.rda""","""$launchDir/data/ypb_inter-sample_ro1-dlpfc.rda""","""$launchDir/data/lindex_inter-sample_ro1-dlpfc.rda""","""$launchDir/data/true-proportions_inter-sample_ro1-dlpfc.rda""","deconrnaseq"
930,"Br3942_ant;Br2720_mid;Br8325_ant","k2","counts_adj","""$launchDir/data/sce_inter-sample_ro1-dlpfc.rda""","""$launchDir/data/ypb_inter-sample_ro1-dlpfc.rda""","""$launchDir/data/lindex_inter-sample_ro1-dlpfc.rda""","""$launchDir/data/true-proportions_inter-sample_ro1-dlpfc.rda""","deconrnaseq"
931,"Br2743_mid;Br3942_ant;Br8492_mid","k2","counts_adj","""$launchDir/data/sce_inter-sample_ro1-dlpfc.rda""","""$launchDir/data/ypb_inter-sample_ro1-dlpfc.rda""","""$launchDir/data/lindex_inter-sample_ro1-dlpfc.rda""","""$launchDir/data/true-proportions_inter-sample_ro1-dlpfc.rda""","deconrnaseq"
932,"Br8492_mid;Br6471_mid;Br8492_post","k2","counts_adj","""$launchDir/data/sce_inter-sample_ro1-dlpfc.rda""","""$launchDir/data/ypb_inter-sample_ro1-dlpfc.rda""","""$launchDir/data/lindex_inter-sample_ro1-dlpfc.rda""","""$launchDir/data/true-proportions_inter-sample_ro1-dlpfc.rda""","deconrnaseq"
933,"Br8492_post;Br6423_post;Br3942_ant","k2","counts_adj","""$launchDir/data/sce_inter-sample_ro1-dlpfc.rda""","""$launchDir/data/ypb_inter-sample_ro1-dlpfc.rda""","""$launchDir/data/lindex_inter-sample_ro1-dlpfc.rda""","""$launchDir/data/true-proportions_inter-sample_ro1-dlpfc.rda""","deconrnaseq"
934,"Br8492_mid;Br3942_mid;Br2720_mid","k2","counts_adj","""$launchDir/data/sce_inter-sample_ro1-dlpfc.rda""","""$launchDir/data/ypb_inter-sample_ro1-dlpfc.rda""","""$launchDir/data/lindex_inter-sample_ro1-dlpfc.rda""","""$launchDir/data/true-proportions_inter-sample_ro1-dlpfc.rda""","deconrnaseq"
935,"Br3942_mid;Br6471_mid;Br6423_post","k2","counts_adj","""$launchDir/data/sce_inter-sample_ro1-dlpfc.rda""","""$launchDir/data/ypb_inter-sample_ro1-dlpfc.rda""","""$launchDir/data/lindex_inter-sample_ro1-dlpfc.rda""","""$launchDir/data/true-proportions_inter-sample_ro1-dlpfc.rda""","deconrnaseq"
936,"Br6471_mid;Br2743_ant;Br2720_mid","k2","counts_adj","""$launchDir/data/sce_inter-sample_ro1-dlpfc.rda""","""$launchDir/data/ypb_inter-sample_ro1-dlpfc.rda""","""$launchDir/data/lindex_inter-sample_ro1-dlpfc.rda""","""$launchDir/data/true-proportions_inter-sample_ro1-dlpfc.rda""","deconrnaseq"
937,"Br6423_ant;Br8492_post;Br3942_ant","k2","counts_adj","""$launchDir/data/sce_inter-sample_ro1-dlpfc.rda""","""$launchDir/data/ypb_inter-sample_ro1-dlpfc.rda""","""$launchDir/data/lindex_inter-sample_ro1-dlpfc.rda""","""$launchDir/data/true-proportions_inter-sample_ro1-dlpfc.rda""","deconrnaseq"
938,"Br6423_ant;Br8325_ant;Br2743_ant","k2","counts_adj","""$launchDir/data/sce_inter-sample_ro1-dlpfc.rda""","""$launchDir/data/ypb_inter-sample_ro1-dlpfc.rda""","""$launchDir/data/lindex_inter-sample_ro1-dlpfc.rda""","""$launchDir/data/true-proportions_inter-sample_ro1-dlpfc.rda""","deconrnaseq"
939,"Br8325_ant;Br6423_post;Br8492_post","k2","counts_adj","""$launchDir/data/sce_inter-sample_ro1-dlpfc.rda""","""$launchDir/data/ypb_inter-sample_ro1-dlpfc.rda""","""$launchDir/data/lindex_inter-sample_ro1-dlpfc.rda""","""$launchDir/data/true-proportions_inter-sample_ro1-dlpfc.rda""","deconrnaseq"
940,"Br2743_ant;Br8325_ant;Br2743_mid","k2","counts_adj","""$launchDir/data/sce_inter-sample_ro1-dlpfc.rda""","""$launchDir/data/ypb_inter-sample_ro1-dlpfc.rda""","""$launchDir/data/lindex_inter-sample_ro1-dlpfc.rda""","""$launchDir/data/true-proportions_inter-sample_ro1-dlpfc.rda""","deconrnaseq"
941,"Br8325_mid;Br8325_ant;Br2743_ant","k2","counts_adj","""$launchDir/data/sce_inter-sample_ro1-dlpfc.rda""","""$launchDir/data/ypb_inter-sample_ro1-dlpfc.rda""","""$launchDir/data/lindex_inter-sample_ro1-dlpfc.rda""","""$launchDir/data/true-proportions_inter-sample_ro1-dlpfc.rda""","deconrnaseq"
942,"Br2743_ant;Br3942_mid;Br8325_mid","k2","counts_adj","""$launchDir/data/sce_inter-sample_ro1-dlpfc.rda""","""$launchDir/data/ypb_inter-sample_ro1-dlpfc.rda""","""$launchDir/data/lindex_inter-sample_ro1-dlpfc.rda""","""$launchDir/data/true-proportions_inter-sample_ro1-dlpfc.rda""","deconrnaseq"
943,"Br8325_ant;Br2743_mid;Br6423_ant","k2","counts_adj","""$launchDir/data/sce_inter-sample_ro1-dlpfc.rda""","""$launchDir/data/ypb_inter-sample_ro1-dlpfc.rda""","""$launchDir/data/lindex_inter-sample_ro1-dlpfc.rda""","""$launchDir/data/true-proportions_inter-sample_ro1-dlpfc.rda""","deconrnaseq"
944,"Br8325_mid;Br8325_ant;Br2743_mid","k2","counts_adj","""$launchDir/data/sce_inter-sample_ro1-dlpfc.rda""","""$launchDir/data/ypb_inter-sample_ro1-dlpfc.rda""","""$launchDir/data/lindex_inter-sample_ro1-dlpfc.rda""","""$launchDir/data/true-proportions_inter-sample_ro1-dlpfc.rda""","deconrnaseq"
945,"Br6471_mid;Br8325_mid;Br8325_ant","k2","counts_adj","""$launchDir/data/sce_inter-sample_ro1-dlpfc.rda""","""$launchDir/data/ypb_inter-sample_ro1-dlpfc.rda""","""$launchDir/data/lindex_inter-sample_ro1-dlpfc.rda""","""$launchDir/data/true-proportions_inter-sample_ro1-dlpfc.rda""","deconrnaseq"
946,"Br8325_ant;Br3942_ant;Br2743_ant","k2","counts_adj","""$launchDir/data/sce_inter-sample_ro1-dlpfc.rda""","""$launchDir/data/ypb_inter-sample_ro1-dlpfc.rda""","""$launchDir/data/lindex_inter-sample_ro1-dlpfc.rda""","""$launchDir/data/true-proportions_inter-sample_ro1-dlpfc.rda""","deconrnaseq"
947,"Br6423_post;Br6471_mid;Br3942_mid","k2","counts_adj","""$launchDir/data/sce_inter-sample_ro1-dlpfc.rda""","""$launchDir/data/ypb_inter-sample_ro1-dlpfc.rda""","""$launchDir/data/lindex_inter-sample_ro1-dlpfc.rda""","""$launchDir/data/true-proportions_inter-sample_ro1-dlpfc.rda""","deconrnaseq"
948,"Br3942_mid;Br6471_mid;Br2743_ant","k2","counts_adj","""$launchDir/data/sce_inter-sample_ro1-dlpfc.rda""","""$launchDir/data/ypb_inter-sample_ro1-dlpfc.rda""","""$launchDir/data/lindex_inter-sample_ro1-dlpfc.rda""","""$launchDir/data/true-proportions_inter-sample_ro1-dlpfc.rda""","deconrnaseq"
949,"Br8325_mid;Br8492_post;Br8492_mid","k2","counts_adj","""$launchDir/data/sce_inter-sample_ro1-dlpfc.rda""","""$launchDir/data/ypb_inter-sample_ro1-dlpfc.rda""","""$launchDir/data/lindex_inter-sample_ro1-dlpfc.rda""","""$launchDir/data/true-proportions_inter-sample_ro1-dlpfc.rda""","deconrnaseq"
950,"Br3942_ant;Br8325_mid;Br8492_mid","k2","counts_adj","""$launchDir/data/sce_inter-sample_ro1-dlpfc.rda""","""$launchDir/data/ypb_inter-sample_ro1-dlpfc.rda""","""$launchDir/data/lindex_inter-sample_ro1-dlpfc.rda""","""$launchDir/data/true-proportions_inter-sample_ro1-dlpfc.rda""","deconrnaseq"
951,"Br8492_post;Br8492_mid;Br6471_mid","k2","counts_adj","""$launchDir/data/sce_inter-sample_ro1-dlpfc.rda""","""$launchDir/data/ypb_inter-sample_ro1-dlpfc.rda""","""$launchDir/data/lindex_inter-sample_ro1-dlpfc.rda""","""$launchDir/data/true-proportions_inter-sample_ro1-dlpfc.rda""","deconrnaseq"
952,"Br8492_post;Br3942_mid;Br6423_ant","k2","counts_adj","""$launchDir/data/sce_inter-sample_ro1-dlpfc.rda""","""$launchDir/data/ypb_inter-sample_ro1-dlpfc.rda""","""$launchDir/data/lindex_inter-sample_ro1-dlpfc.rda""","""$launchDir/data/true-proportions_inter-sample_ro1-dlpfc.rda""","deconrnaseq"
953,"Br3942_mid;Br2743_ant;Br2743_mid","k2","counts_adj","""$launchDir/data/sce_inter-sample_ro1-dlpfc.rda""","""$launchDir/data/ypb_inter-sample_ro1-dlpfc.rda""","""$launchDir/data/lindex_inter-sample_ro1-dlpfc.rda""","""$launchDir/data/true-proportions_inter-sample_ro1-dlpfc.rda""","deconrnaseq"
954,"Br8325_mid;Br3942_ant;Br8492_mid","k2","counts_adj","""$launchDir/data/sce_inter-sample_ro1-dlpfc.rda""","""$launchDir/data/ypb_inter-sample_ro1-dlpfc.rda""","""$launchDir/data/lindex_inter-sample_ro1-dlpfc.rda""","""$launchDir/data/true-proportions_inter-sample_ro1-dlpfc.rda""","deconrnaseq"
955,"Br3942_ant;Br6423_post;Br8325_mid","k2","counts_adj","""$launchDir/data/sce_inter-sample_ro1-dlpfc.rda""","""$launchDir/data/ypb_inter-sample_ro1-dlpfc.rda""","""$launchDir/data/lindex_inter-sample_ro1-dlpfc.rda""","""$launchDir/data/true-proportions_inter-sample_ro1-dlpfc.rda""","deconrnaseq"
956,"Br8325_ant;Br6423_post;Br8492_mid","k2","counts_adj","""$launchDir/data/sce_inter-sample_ro1-dlpfc.rda""","""$launchDir/data/ypb_inter-sample_ro1-dlpfc.rda""","""$launchDir/data/lindex_inter-sample_ro1-dlpfc.rda""","""$launchDir/data/true-proportions_inter-sample_ro1-dlpfc.rda""","deconrnaseq"
957,"Br3942_ant;Br8492_mid;Br6423_post","k2","counts_adj","""$launchDir/data/sce_inter-sample_ro1-dlpfc.rda""","""$launchDir/data/ypb_inter-sample_ro1-dlpfc.rda""","""$launchDir/data/lindex_inter-sample_ro1-dlpfc.rda""","""$launchDir/data/true-proportions_inter-sample_ro1-dlpfc.rda""","deconrnaseq"
958,"Br3942_mid;Br6423_ant;Br8492_mid","k2","counts_adj","""$launchDir/data/sce_inter-sample_ro1-dlpfc.rda""","""$launchDir/data/ypb_inter-sample_ro1-dlpfc.rda""","""$launchDir/data/lindex_inter-sample_ro1-dlpfc.rda""","""$launchDir/data/true-proportions_inter-sample_ro1-dlpfc.rda""","deconrnaseq"
959,"Br3942_ant;Br8325_ant;Br8492_mid","k2","counts_adj","""$launchDir/data/sce_inter-sample_ro1-dlpfc.rda""","""$launchDir/data/ypb_inter-sample_ro1-dlpfc.rda""","""$launchDir/data/lindex_inter-sample_ro1-dlpfc.rda""","""$launchDir/data/true-proportions_inter-sample_ro1-dlpfc.rda""","deconrnaseq"
960,"Br6423_ant;Br2743_mid;Br8325_mid","k2","counts_adj","""$launchDir/data/sce_inter-sample_ro1-dlpfc.rda""","""$launchDir/data/ypb_inter-sample_ro1-dlpfc.rda""","""$launchDir/data/lindex_inter-sample_ro1-dlpfc.rda""","""$launchDir/data/true-proportions_inter-sample_ro1-dlpfc.rda""","deconrnaseq"
961,"Br6423_ant;Br8492_post;Br8325_mid","k2","counts_adj","""$launchDir/data/sce_inter-sample_ro1-dlpfc.rda""","""$launchDir/data/ypb_inter-sample_ro1-dlpfc.rda""","""$launchDir/data/lindex_inter-sample_ro1-dlpfc.rda""","""$launchDir/data/true-proportions_inter-sample_ro1-dlpfc.rda""","deconrnaseq"
962,"Br6423_post;Br8325_ant;Br3942_mid","k2","counts_adj","""$launchDir/data/sce_inter-sample_ro1-dlpfc.rda""","""$launchDir/data/ypb_inter-sample_ro1-dlpfc.rda""","""$launchDir/data/lindex_inter-sample_ro1-dlpfc.rda""","""$launchDir/data/true-proportions_inter-sample_ro1-dlpfc.rda""","deconrnaseq"
963,"Br6471_mid;Br8325_ant;Br6423_post","k2","counts_adj","""$launchDir/data/sce_inter-sample_ro1-dlpfc.rda""","""$launchDir/data/ypb_inter-sample_ro1-dlpfc.rda""","""$launchDir/data/lindex_inter-sample_ro1-dlpfc.rda""","""$launchDir/data/true-proportions_inter-sample_ro1-dlpfc.rda""","deconrnaseq"
964,"Br3942_ant;Br6423_post;Br8492_mid","k2","counts_adj","""$launchDir/data/sce_inter-sample_ro1-dlpfc.rda""","""$launchDir/data/ypb_inter-sample_ro1-dlpfc.rda""","""$launchDir/data/lindex_inter-sample_ro1-dlpfc.rda""","""$launchDir/data/true-proportions_inter-sample_ro1-dlpfc.rda""","deconrnaseq"
965,"Br2720_mid;Br2743_ant;Br6423_post","k2","counts_adj","""$launchDir/data/sce_inter-sample_ro1-dlpfc.rda""","""$launchDir/data/ypb_inter-sample_ro1-dlpfc.rda""","""$launchDir/data/lindex_inter-sample_ro1-dlpfc.rda""","""$launchDir/data/true-proportions_inter-sample_ro1-dlpfc.rda""","deconrnaseq"
966,"Br8325_mid;Br3942_mid;Br2720_mid","k2","counts_adj","""$launchDir/data/sce_inter-sample_ro1-dlpfc.rda""","""$launchDir/data/ypb_inter-sample_ro1-dlpfc.rda""","""$launchDir/data/lindex_inter-sample_ro1-dlpfc.rda""","""$launchDir/data/true-proportions_inter-sample_ro1-dlpfc.rda""","deconrnaseq"
967,"Br6423_ant;Br2743_ant;Br8492_mid","k2","counts_adj","""$launchDir/data/sce_inter-sample_ro1-dlpfc.rda""","""$launchDir/data/ypb_inter-sample_ro1-dlpfc.rda""","""$launchDir/data/lindex_inter-sample_ro1-dlpfc.rda""","""$launchDir/data/true-proportions_inter-sample_ro1-dlpfc.rda""","deconrnaseq"
968,"Br2720_mid;Br3942_mid;Br8325_ant","k2","counts_adj","""$launchDir/data/sce_inter-sample_ro1-dlpfc.rda""","""$launchDir/data/ypb_inter-sample_ro1-dlpfc.rda""","""$launchDir/data/lindex_inter-sample_ro1-dlpfc.rda""","""$launchDir/data/true-proportions_inter-sample_ro1-dlpfc.rda""","deconrnaseq"
969,"Br6423_ant;Br2720_mid;Br3942_mid","k2","counts_adj","""$launchDir/data/sce_inter-sample_ro1-dlpfc.rda""","""$launchDir/data/ypb_inter-sample_ro1-dlpfc.rda""","""$launchDir/data/lindex_inter-sample_ro1-dlpfc.rda""","""$launchDir/data/true-proportions_inter-sample_ro1-dlpfc.rda""","deconrnaseq"
970,"Br8325_ant;Br2743_ant;Br8492_post","k2","counts_adj","""$launchDir/data/sce_inter-sample_ro1-dlpfc.rda""","""$launchDir/data/ypb_inter-sample_ro1-dlpfc.rda""","""$launchDir/data/lindex_inter-sample_ro1-dlpfc.rda""","""$launchDir/data/true-proportions_inter-sample_ro1-dlpfc.rda""","deconrnaseq"
971,"Br8492_post;Br2720_mid;Br6471_mid","k2","counts_adj","""$launchDir/data/sce_inter-sample_ro1-dlpfc.rda""","""$launchDir/data/ypb_inter-sample_ro1-dlpfc.rda""","""$launchDir/data/lindex_inter-sample_ro1-dlpfc.rda""","""$launchDir/data/true-proportions_inter-sample_ro1-dlpfc.rda""","deconrnaseq"
972,"Br3942_mid;Br6423_post;Br8492_mid","k2","counts_adj","""$launchDir/data/sce_inter-sample_ro1-dlpfc.rda""","""$launchDir/data/ypb_inter-sample_ro1-dlpfc.rda""","""$launchDir/data/lindex_inter-sample_ro1-dlpfc.rda""","""$launchDir/data/true-proportions_inter-sample_ro1-dlpfc.rda""","deconrnaseq"
973,"Br6423_post;Br2743_mid;Br8325_mid","k2","counts_adj","""$launchDir/data/sce_inter-sample_ro1-dlpfc.rda""","""$launchDir/data/ypb_inter-sample_ro1-dlpfc.rda""","""$launchDir/data/lindex_inter-sample_ro1-dlpfc.rda""","""$launchDir/data/true-proportions_inter-sample_ro1-dlpfc.rda""","deconrnaseq"
974,"Br3942_mid;Br2743_mid;Br8325_mid","k2","counts_adj","""$launchDir/data/sce_inter-sample_ro1-dlpfc.rda""","""$launchDir/data/ypb_inter-sample_ro1-dlpfc.rda""","""$launchDir/data/lindex_inter-sample_ro1-dlpfc.rda""","""$launchDir/data/true-proportions_inter-sample_ro1-dlpfc.rda""","deconrnaseq"
975,"Br8492_post;Br2720_mid;Br8492_mid","k2","counts_adj","""$launchDir/data/sce_inter-sample_ro1-dlpfc.rda""","""$launchDir/data/ypb_inter-sample_ro1-dlpfc.rda""","""$launchDir/data/lindex_inter-sample_ro1-dlpfc.rda""","""$launchDir/data/true-proportions_inter-sample_ro1-dlpfc.rda""","deconrnaseq"
976,"Br6423_post;Br2743_ant;Br3942_mid","k2","counts_adj","""$launchDir/data/sce_inter-sample_ro1-dlpfc.rda""","""$launchDir/data/ypb_inter-sample_ro1-dlpfc.rda""","""$launchDir/data/lindex_inter-sample_ro1-dlpfc.rda""","""$launchDir/data/true-proportions_inter-sample_ro1-dlpfc.rda""","deconrnaseq"
977,"Br8492_mid;Br3942_mid;Br8492_post","k2","counts_adj","""$launchDir/data/sce_inter-sample_ro1-dlpfc.rda""","""$launchDir/data/ypb_inter-sample_ro1-dlpfc.rda""","""$launchDir/data/lindex_inter-sample_ro1-dlpfc.rda""","""$launchDir/data/true-proportions_inter-sample_ro1-dlpfc.rda""","deconrnaseq"
978,"Br8492_post;Br2720_mid;Br6471_mid","k2","counts_adj","""$launchDir/data/sce_inter-sample_ro1-dlpfc.rda""","""$launchDir/data/ypb_inter-sample_ro1-dlpfc.rda""","""$launchDir/data/lindex_inter-sample_ro1-dlpfc.rda""","""$launchDir/data/true-proportions_inter-sample_ro1-dlpfc.rda""","deconrnaseq"
979,"Br6423_ant;Br2743_ant;Br3942_ant","k2","counts_adj","""$launchDir/data/sce_inter-sample_ro1-dlpfc.rda""","""$launchDir/data/ypb_inter-sample_ro1-dlpfc.rda""","""$launchDir/data/lindex_inter-sample_ro1-dlpfc.rda""","""$launchDir/data/true-proportions_inter-sample_ro1-dlpfc.rda""","deconrnaseq"
980,"Br6471_mid;Br2720_mid;Br8492_mid","k2","counts_adj","""$launchDir/data/sce_inter-sample_ro1-dlpfc.rda""","""$launchDir/data/ypb_inter-sample_ro1-dlpfc.rda""","""$launchDir/data/lindex_inter-sample_ro1-dlpfc.rda""","""$launchDir/data/true-proportions_inter-sample_ro1-dlpfc.rda""","deconrnaseq"
981,"Br6423_ant;Br8492_post;Br3942_ant","k2","counts_adj","""$launchDir/data/sce_inter-sample_ro1-dlpfc.rda""","""$launchDir/data/ypb_inter-sample_ro1-dlpfc.rda""","""$launchDir/data/lindex_inter-sample_ro1-dlpfc.rda""","""$launchDir/data/true-proportions_inter-sample_ro1-dlpfc.rda""","deconrnaseq"
982,"Br8325_ant;Br2743_ant;Br2743_mid","k2","counts_adj","""$launchDir/data/sce_inter-sample_ro1-dlpfc.rda""","""$launchDir/data/ypb_inter-sample_ro1-dlpfc.rda""","""$launchDir/data/lindex_inter-sample_ro1-dlpfc.rda""","""$launchDir/data/true-proportions_inter-sample_ro1-dlpfc.rda""","deconrnaseq"
983,"Br8492_mid;Br6423_ant;Br3942_ant","k2","counts_adj","""$launchDir/data/sce_inter-sample_ro1-dlpfc.rda""","""$launchDir/data/ypb_inter-sample_ro1-dlpfc.rda""","""$launchDir/data/lindex_inter-sample_ro1-dlpfc.rda""","""$launchDir/data/true-proportions_inter-sample_ro1-dlpfc.rda""","deconrnaseq"
984,"Br8325_ant;Br3942_mid;Br6423_ant","k2","counts_adj","""$launchDir/data/sce_inter-sample_ro1-dlpfc.rda""","""$launchDir/data/ypb_inter-sample_ro1-dlpfc.rda""","""$launchDir/data/lindex_inter-sample_ro1-dlpfc.rda""","""$launchDir/data/true-proportions_inter-sample_ro1-dlpfc.rda""","deconrnaseq"
985,"Br3942_ant;Br8492_post;Br8325_mid","k2","counts_adj","""$launchDir/data/sce_inter-sample_ro1-dlpfc.rda""","""$launchDir/data/ypb_inter-sample_ro1-dlpfc.rda""","""$launchDir/data/lindex_inter-sample_ro1-dlpfc.rda""","""$launchDir/data/true-proportions_inter-sample_ro1-dlpfc.rda""","deconrnaseq"
986,"Br3942_mid;Br6423_ant;Br8492_post","k2","counts_adj","""$launchDir/data/sce_inter-sample_ro1-dlpfc.rda""","""$launchDir/data/ypb_inter-sample_ro1-dlpfc.rda""","""$launchDir/data/lindex_inter-sample_ro1-dlpfc.rda""","""$launchDir/data/true-proportions_inter-sample_ro1-dlpfc.rda""","deconrnaseq"
987,"Br2720_mid;Br3942_ant;Br8325_mid","k2","counts_adj","""$launchDir/data/sce_inter-sample_ro1-dlpfc.rda""","""$launchDir/data/ypb_inter-sample_ro1-dlpfc.rda""","""$launchDir/data/lindex_inter-sample_ro1-dlpfc.rda""","""$launchDir/data/true-proportions_inter-sample_ro1-dlpfc.rda""","deconrnaseq"
988,"Br3942_mid;Br2720_mid;Br8325_ant","k2","counts_adj","""$launchDir/data/sce_inter-sample_ro1-dlpfc.rda""","""$launchDir/data/ypb_inter-sample_ro1-dlpfc.rda""","""$launchDir/data/lindex_inter-sample_ro1-dlpfc.rda""","""$launchDir/data/true-proportions_inter-sample_ro1-dlpfc.rda""","deconrnaseq"
989,"Br8492_mid;Br2720_mid;Br2743_mid","k2","counts_adj","""$launchDir/data/sce_inter-sample_ro1-dlpfc.rda""","""$launchDir/data/ypb_inter-sample_ro1-dlpfc.rda""","""$launchDir/data/lindex_inter-sample_ro1-dlpfc.rda""","""$launchDir/data/true-proportions_inter-sample_ro1-dlpfc.rda""","deconrnaseq"
990,"Br3942_mid;Br6471_mid;Br3942_ant","k2","counts_adj","""$launchDir/data/sce_inter-sample_ro1-dlpfc.rda""","""$launchDir/data/ypb_inter-sample_ro1-dlpfc.rda""","""$launchDir/data/lindex_inter-sample_ro1-dlpfc.rda""","""$launchDir/data/true-proportions_inter-sample_ro1-dlpfc.rda""","deconrnaseq"
991,"Br8492_post;Br3942_mid;Br2743_ant","k2","counts_adj","""$launchDir/data/sce_inter-sample_ro1-dlpfc.rda""","""$launchDir/data/ypb_inter-sample_ro1-dlpfc.rda""","""$launchDir/data/lindex_inter-sample_ro1-dlpfc.rda""","""$launchDir/data/true-proportions_inter-sample_ro1-dlpfc.rda""","deconrnaseq"
992,"Br2743_mid;Br6471_mid;Br2743_ant","k2","counts_adj","""$launchDir/data/sce_inter-sample_ro1-dlpfc.rda""","""$launchDir/data/ypb_inter-sample_ro1-dlpfc.rda""","""$launchDir/data/lindex_inter-sample_ro1-dlpfc.rda""","""$launchDir/data/true-proportions_inter-sample_ro1-dlpfc.rda""","deconrnaseq"
993,"Br8492_post;Br8492_mid;Br6471_mid","k2","counts_adj","""$launchDir/data/sce_inter-sample_ro1-dlpfc.rda""","""$launchDir/data/ypb_inter-sample_ro1-dlpfc.rda""","""$launchDir/data/lindex_inter-sample_ro1-dlpfc.rda""","""$launchDir/data/true-proportions_inter-sample_ro1-dlpfc.rda""","deconrnaseq"
994,"Br8325_mid;Br2743_ant;Br8492_mid","k2","counts_adj","""$launchDir/data/sce_inter-sample_ro1-dlpfc.rda""","""$launchDir/data/ypb_inter-sample_ro1-dlpfc.rda""","""$launchDir/data/lindex_inter-sample_ro1-dlpfc.rda""","""$launchDir/data/true-proportions_inter-sample_ro1-dlpfc.rda""","deconrnaseq"
995,"Br2743_ant;Br3942_ant;Br6423_ant","k2","counts_adj","""$launchDir/data/sce_inter-sample_ro1-dlpfc.rda""","""$launchDir/data/ypb_inter-sample_ro1-dlpfc.rda""","""$launchDir/data/lindex_inter-sample_ro1-dlpfc.rda""","""$launchDir/data/true-proportions_inter-sample_ro1-dlpfc.rda""","deconrnaseq"
996,"Br6423_ant;Br6471_mid;Br3942_ant","k2","counts_adj","""$launchDir/data/sce_inter-sample_ro1-dlpfc.rda""","""$launchDir/data/ypb_inter-sample_ro1-dlpfc.rda""","""$launchDir/data/lindex_inter-sample_ro1-dlpfc.rda""","""$launchDir/data/true-proportions_inter-sample_ro1-dlpfc.rda""","deconrnaseq"
997,"Br8492_mid;Br6423_ant;Br2720_mid","k2","counts_adj","""$launchDir/data/sce_inter-sample_ro1-dlpfc.rda""","""$launchDir/data/ypb_inter-sample_ro1-dlpfc.rda""","""$launchDir/data/lindex_inter-sample_ro1-dlpfc.rda""","""$launchDir/data/true-proportions_inter-sample_ro1-dlpfc.rda""","deconrnaseq"
998,"Br3942_ant;Br6423_post;Br6423_ant","k2","counts_adj","""$launchDir/data/sce_inter-sample_ro1-dlpfc.rda""","""$launchDir/data/ypb_inter-sample_ro1-dlpfc.rda""","""$launchDir/data/lindex_inter-sample_ro1-dlpfc.rda""","""$launchDir/data/true-proportions_inter-sample_ro1-dlpfc.rda""","deconrnaseq"
999,"Br8492_mid;Br2720_mid;Br8492_post","k2","counts_adj","""$launchDir/data/sce_inter-sample_ro1-dlpfc.rda""","""$launchDir/data/ypb_inter-sample_ro1-dlpfc.rda""","""$launchDir/data/lindex_inter-sample_ro1-dlpfc.rda""","""$launchDir/data/true-proportions_inter-sample_ro1-dlpfc.rda""","deconrnaseq"
1000,"Br3942_ant;Br8325_ant;Br8492_post","k2","counts_adj","""$launchDir/data/sce_inter-sample_ro1-dlpfc.rda""","""$launchDir/data/ypb_inter-sample_ro1-dlpfc.rda""","""$launchDir/data/lindex_inter-sample_ro1-dlpfc.rda""","""$launchDir/data/true-proportions_inter-sample_ro1-dlpfc.rda""","deconrnaseq"
