"iterations_index","sample_id","celltype_variable","assay_name","sce_filepath","bulk_filepath","list_index_filepath","true_proportions_filepath","method"
601,"Br3942_ant","k2","counts_adj","""$launchDir/data/sce_intra-sample_ro1-dlpfc.rda""","""$launchDir/data/ypb_intra-sample_ro1-dlpfc.rda""","""$launchDir/data/lindex_intra-sample_ro1-dlpfc.rda""","""$launchDir/data/true-proportions_intra-sample_ro1-dlpfc.rda""","deconrnaseq"
602,"Br3942_ant","k2","counts_adj","""$launchDir/data/sce_intra-sample_ro1-dlpfc.rda""","""$launchDir/data/ypb_intra-sample_ro1-dlpfc.rda""","""$launchDir/data/lindex_intra-sample_ro1-dlpfc.rda""","""$launchDir/data/true-proportions_intra-sample_ro1-dlpfc.rda""","deconrnaseq"
603,"Br3942_ant","k2","counts_adj","""$launchDir/data/sce_intra-sample_ro1-dlpfc.rda""","""$launchDir/data/ypb_intra-sample_ro1-dlpfc.rda""","""$launchDir/data/lindex_intra-sample_ro1-dlpfc.rda""","""$launchDir/data/true-proportions_intra-sample_ro1-dlpfc.rda""","deconrnaseq"
604,"Br3942_ant","k2","counts_adj","""$launchDir/data/sce_intra-sample_ro1-dlpfc.rda""","""$launchDir/data/ypb_intra-sample_ro1-dlpfc.rda""","""$launchDir/data/lindex_intra-sample_ro1-dlpfc.rda""","""$launchDir/data/true-proportions_intra-sample_ro1-dlpfc.rda""","deconrnaseq"
605,"Br3942_ant","k2","counts_adj","""$launchDir/data/sce_intra-sample_ro1-dlpfc.rda""","""$launchDir/data/ypb_intra-sample_ro1-dlpfc.rda""","""$launchDir/data/lindex_intra-sample_ro1-dlpfc.rda""","""$launchDir/data/true-proportions_intra-sample_ro1-dlpfc.rda""","deconrnaseq"
606,"Br3942_ant","k2","counts_adj","""$launchDir/data/sce_intra-sample_ro1-dlpfc.rda""","""$launchDir/data/ypb_intra-sample_ro1-dlpfc.rda""","""$launchDir/data/lindex_intra-sample_ro1-dlpfc.rda""","""$launchDir/data/true-proportions_intra-sample_ro1-dlpfc.rda""","deconrnaseq"
607,"Br3942_ant","k2","counts_adj","""$launchDir/data/sce_intra-sample_ro1-dlpfc.rda""","""$launchDir/data/ypb_intra-sample_ro1-dlpfc.rda""","""$launchDir/data/lindex_intra-sample_ro1-dlpfc.rda""","""$launchDir/data/true-proportions_intra-sample_ro1-dlpfc.rda""","deconrnaseq"
608,"Br3942_ant","k2","counts_adj","""$launchDir/data/sce_intra-sample_ro1-dlpfc.rda""","""$launchDir/data/ypb_intra-sample_ro1-dlpfc.rda""","""$launchDir/data/lindex_intra-sample_ro1-dlpfc.rda""","""$launchDir/data/true-proportions_intra-sample_ro1-dlpfc.rda""","deconrnaseq"
609,"Br3942_ant","k2","counts_adj","""$launchDir/data/sce_intra-sample_ro1-dlpfc.rda""","""$launchDir/data/ypb_intra-sample_ro1-dlpfc.rda""","""$launchDir/data/lindex_intra-sample_ro1-dlpfc.rda""","""$launchDir/data/true-proportions_intra-sample_ro1-dlpfc.rda""","deconrnaseq"
610,"Br3942_ant","k2","counts_adj","""$launchDir/data/sce_intra-sample_ro1-dlpfc.rda""","""$launchDir/data/ypb_intra-sample_ro1-dlpfc.rda""","""$launchDir/data/lindex_intra-sample_ro1-dlpfc.rda""","""$launchDir/data/true-proportions_intra-sample_ro1-dlpfc.rda""","deconrnaseq"
611,"Br3942_ant","k2","counts_adj","""$launchDir/data/sce_intra-sample_ro1-dlpfc.rda""","""$launchDir/data/ypb_intra-sample_ro1-dlpfc.rda""","""$launchDir/data/lindex_intra-sample_ro1-dlpfc.rda""","""$launchDir/data/true-proportions_intra-sample_ro1-dlpfc.rda""","deconrnaseq"
612,"Br3942_ant","k2","counts_adj","""$launchDir/data/sce_intra-sample_ro1-dlpfc.rda""","""$launchDir/data/ypb_intra-sample_ro1-dlpfc.rda""","""$launchDir/data/lindex_intra-sample_ro1-dlpfc.rda""","""$launchDir/data/true-proportions_intra-sample_ro1-dlpfc.rda""","deconrnaseq"
613,"Br3942_ant","k2","counts_adj","""$launchDir/data/sce_intra-sample_ro1-dlpfc.rda""","""$launchDir/data/ypb_intra-sample_ro1-dlpfc.rda""","""$launchDir/data/lindex_intra-sample_ro1-dlpfc.rda""","""$launchDir/data/true-proportions_intra-sample_ro1-dlpfc.rda""","deconrnaseq"
614,"Br3942_ant","k2","counts_adj","""$launchDir/data/sce_intra-sample_ro1-dlpfc.rda""","""$launchDir/data/ypb_intra-sample_ro1-dlpfc.rda""","""$launchDir/data/lindex_intra-sample_ro1-dlpfc.rda""","""$launchDir/data/true-proportions_intra-sample_ro1-dlpfc.rda""","deconrnaseq"
615,"Br3942_ant","k2","counts_adj","""$launchDir/data/sce_intra-sample_ro1-dlpfc.rda""","""$launchDir/data/ypb_intra-sample_ro1-dlpfc.rda""","""$launchDir/data/lindex_intra-sample_ro1-dlpfc.rda""","""$launchDir/data/true-proportions_intra-sample_ro1-dlpfc.rda""","deconrnaseq"
616,"Br3942_ant","k2","counts_adj","""$launchDir/data/sce_intra-sample_ro1-dlpfc.rda""","""$launchDir/data/ypb_intra-sample_ro1-dlpfc.rda""","""$launchDir/data/lindex_intra-sample_ro1-dlpfc.rda""","""$launchDir/data/true-proportions_intra-sample_ro1-dlpfc.rda""","deconrnaseq"
617,"Br3942_ant","k2","counts_adj","""$launchDir/data/sce_intra-sample_ro1-dlpfc.rda""","""$launchDir/data/ypb_intra-sample_ro1-dlpfc.rda""","""$launchDir/data/lindex_intra-sample_ro1-dlpfc.rda""","""$launchDir/data/true-proportions_intra-sample_ro1-dlpfc.rda""","deconrnaseq"
618,"Br3942_ant","k2","counts_adj","""$launchDir/data/sce_intra-sample_ro1-dlpfc.rda""","""$launchDir/data/ypb_intra-sample_ro1-dlpfc.rda""","""$launchDir/data/lindex_intra-sample_ro1-dlpfc.rda""","""$launchDir/data/true-proportions_intra-sample_ro1-dlpfc.rda""","deconrnaseq"
619,"Br3942_ant","k2","counts_adj","""$launchDir/data/sce_intra-sample_ro1-dlpfc.rda""","""$launchDir/data/ypb_intra-sample_ro1-dlpfc.rda""","""$launchDir/data/lindex_intra-sample_ro1-dlpfc.rda""","""$launchDir/data/true-proportions_intra-sample_ro1-dlpfc.rda""","deconrnaseq"
620,"Br3942_ant","k2","counts_adj","""$launchDir/data/sce_intra-sample_ro1-dlpfc.rda""","""$launchDir/data/ypb_intra-sample_ro1-dlpfc.rda""","""$launchDir/data/lindex_intra-sample_ro1-dlpfc.rda""","""$launchDir/data/true-proportions_intra-sample_ro1-dlpfc.rda""","deconrnaseq"
621,"Br3942_ant","k2","counts_adj","""$launchDir/data/sce_intra-sample_ro1-dlpfc.rda""","""$launchDir/data/ypb_intra-sample_ro1-dlpfc.rda""","""$launchDir/data/lindex_intra-sample_ro1-dlpfc.rda""","""$launchDir/data/true-proportions_intra-sample_ro1-dlpfc.rda""","deconrnaseq"
622,"Br3942_ant","k2","counts_adj","""$launchDir/data/sce_intra-sample_ro1-dlpfc.rda""","""$launchDir/data/ypb_intra-sample_ro1-dlpfc.rda""","""$launchDir/data/lindex_intra-sample_ro1-dlpfc.rda""","""$launchDir/data/true-proportions_intra-sample_ro1-dlpfc.rda""","deconrnaseq"
623,"Br3942_ant","k2","counts_adj","""$launchDir/data/sce_intra-sample_ro1-dlpfc.rda""","""$launchDir/data/ypb_intra-sample_ro1-dlpfc.rda""","""$launchDir/data/lindex_intra-sample_ro1-dlpfc.rda""","""$launchDir/data/true-proportions_intra-sample_ro1-dlpfc.rda""","deconrnaseq"
624,"Br3942_ant","k2","counts_adj","""$launchDir/data/sce_intra-sample_ro1-dlpfc.rda""","""$launchDir/data/ypb_intra-sample_ro1-dlpfc.rda""","""$launchDir/data/lindex_intra-sample_ro1-dlpfc.rda""","""$launchDir/data/true-proportions_intra-sample_ro1-dlpfc.rda""","deconrnaseq"
625,"Br3942_ant","k2","counts_adj","""$launchDir/data/sce_intra-sample_ro1-dlpfc.rda""","""$launchDir/data/ypb_intra-sample_ro1-dlpfc.rda""","""$launchDir/data/lindex_intra-sample_ro1-dlpfc.rda""","""$launchDir/data/true-proportions_intra-sample_ro1-dlpfc.rda""","deconrnaseq"
626,"Br3942_ant","k2","counts_adj","""$launchDir/data/sce_intra-sample_ro1-dlpfc.rda""","""$launchDir/data/ypb_intra-sample_ro1-dlpfc.rda""","""$launchDir/data/lindex_intra-sample_ro1-dlpfc.rda""","""$launchDir/data/true-proportions_intra-sample_ro1-dlpfc.rda""","deconrnaseq"
627,"Br3942_ant","k2","counts_adj","""$launchDir/data/sce_intra-sample_ro1-dlpfc.rda""","""$launchDir/data/ypb_intra-sample_ro1-dlpfc.rda""","""$launchDir/data/lindex_intra-sample_ro1-dlpfc.rda""","""$launchDir/data/true-proportions_intra-sample_ro1-dlpfc.rda""","deconrnaseq"
628,"Br3942_ant","k2","counts_adj","""$launchDir/data/sce_intra-sample_ro1-dlpfc.rda""","""$launchDir/data/ypb_intra-sample_ro1-dlpfc.rda""","""$launchDir/data/lindex_intra-sample_ro1-dlpfc.rda""","""$launchDir/data/true-proportions_intra-sample_ro1-dlpfc.rda""","deconrnaseq"
629,"Br3942_ant","k2","counts_adj","""$launchDir/data/sce_intra-sample_ro1-dlpfc.rda""","""$launchDir/data/ypb_intra-sample_ro1-dlpfc.rda""","""$launchDir/data/lindex_intra-sample_ro1-dlpfc.rda""","""$launchDir/data/true-proportions_intra-sample_ro1-dlpfc.rda""","deconrnaseq"
630,"Br3942_ant","k2","counts_adj","""$launchDir/data/sce_intra-sample_ro1-dlpfc.rda""","""$launchDir/data/ypb_intra-sample_ro1-dlpfc.rda""","""$launchDir/data/lindex_intra-sample_ro1-dlpfc.rda""","""$launchDir/data/true-proportions_intra-sample_ro1-dlpfc.rda""","deconrnaseq"
631,"Br3942_ant","k2","counts_adj","""$launchDir/data/sce_intra-sample_ro1-dlpfc.rda""","""$launchDir/data/ypb_intra-sample_ro1-dlpfc.rda""","""$launchDir/data/lindex_intra-sample_ro1-dlpfc.rda""","""$launchDir/data/true-proportions_intra-sample_ro1-dlpfc.rda""","deconrnaseq"
632,"Br3942_ant","k2","counts_adj","""$launchDir/data/sce_intra-sample_ro1-dlpfc.rda""","""$launchDir/data/ypb_intra-sample_ro1-dlpfc.rda""","""$launchDir/data/lindex_intra-sample_ro1-dlpfc.rda""","""$launchDir/data/true-proportions_intra-sample_ro1-dlpfc.rda""","deconrnaseq"
633,"Br3942_ant","k2","counts_adj","""$launchDir/data/sce_intra-sample_ro1-dlpfc.rda""","""$launchDir/data/ypb_intra-sample_ro1-dlpfc.rda""","""$launchDir/data/lindex_intra-sample_ro1-dlpfc.rda""","""$launchDir/data/true-proportions_intra-sample_ro1-dlpfc.rda""","deconrnaseq"
634,"Br3942_ant","k2","counts_adj","""$launchDir/data/sce_intra-sample_ro1-dlpfc.rda""","""$launchDir/data/ypb_intra-sample_ro1-dlpfc.rda""","""$launchDir/data/lindex_intra-sample_ro1-dlpfc.rda""","""$launchDir/data/true-proportions_intra-sample_ro1-dlpfc.rda""","deconrnaseq"
635,"Br3942_ant","k2","counts_adj","""$launchDir/data/sce_intra-sample_ro1-dlpfc.rda""","""$launchDir/data/ypb_intra-sample_ro1-dlpfc.rda""","""$launchDir/data/lindex_intra-sample_ro1-dlpfc.rda""","""$launchDir/data/true-proportions_intra-sample_ro1-dlpfc.rda""","deconrnaseq"
636,"Br3942_ant","k2","counts_adj","""$launchDir/data/sce_intra-sample_ro1-dlpfc.rda""","""$launchDir/data/ypb_intra-sample_ro1-dlpfc.rda""","""$launchDir/data/lindex_intra-sample_ro1-dlpfc.rda""","""$launchDir/data/true-proportions_intra-sample_ro1-dlpfc.rda""","deconrnaseq"
637,"Br3942_ant","k2","counts_adj","""$launchDir/data/sce_intra-sample_ro1-dlpfc.rda""","""$launchDir/data/ypb_intra-sample_ro1-dlpfc.rda""","""$launchDir/data/lindex_intra-sample_ro1-dlpfc.rda""","""$launchDir/data/true-proportions_intra-sample_ro1-dlpfc.rda""","deconrnaseq"
638,"Br3942_ant","k2","counts_adj","""$launchDir/data/sce_intra-sample_ro1-dlpfc.rda""","""$launchDir/data/ypb_intra-sample_ro1-dlpfc.rda""","""$launchDir/data/lindex_intra-sample_ro1-dlpfc.rda""","""$launchDir/data/true-proportions_intra-sample_ro1-dlpfc.rda""","deconrnaseq"
639,"Br3942_ant","k2","counts_adj","""$launchDir/data/sce_intra-sample_ro1-dlpfc.rda""","""$launchDir/data/ypb_intra-sample_ro1-dlpfc.rda""","""$launchDir/data/lindex_intra-sample_ro1-dlpfc.rda""","""$launchDir/data/true-proportions_intra-sample_ro1-dlpfc.rda""","deconrnaseq"
640,"Br3942_ant","k2","counts_adj","""$launchDir/data/sce_intra-sample_ro1-dlpfc.rda""","""$launchDir/data/ypb_intra-sample_ro1-dlpfc.rda""","""$launchDir/data/lindex_intra-sample_ro1-dlpfc.rda""","""$launchDir/data/true-proportions_intra-sample_ro1-dlpfc.rda""","deconrnaseq"
641,"Br3942_ant","k2","counts_adj","""$launchDir/data/sce_intra-sample_ro1-dlpfc.rda""","""$launchDir/data/ypb_intra-sample_ro1-dlpfc.rda""","""$launchDir/data/lindex_intra-sample_ro1-dlpfc.rda""","""$launchDir/data/true-proportions_intra-sample_ro1-dlpfc.rda""","deconrnaseq"
642,"Br3942_ant","k2","counts_adj","""$launchDir/data/sce_intra-sample_ro1-dlpfc.rda""","""$launchDir/data/ypb_intra-sample_ro1-dlpfc.rda""","""$launchDir/data/lindex_intra-sample_ro1-dlpfc.rda""","""$launchDir/data/true-proportions_intra-sample_ro1-dlpfc.rda""","deconrnaseq"
643,"Br3942_ant","k2","counts_adj","""$launchDir/data/sce_intra-sample_ro1-dlpfc.rda""","""$launchDir/data/ypb_intra-sample_ro1-dlpfc.rda""","""$launchDir/data/lindex_intra-sample_ro1-dlpfc.rda""","""$launchDir/data/true-proportions_intra-sample_ro1-dlpfc.rda""","deconrnaseq"
644,"Br3942_ant","k2","counts_adj","""$launchDir/data/sce_intra-sample_ro1-dlpfc.rda""","""$launchDir/data/ypb_intra-sample_ro1-dlpfc.rda""","""$launchDir/data/lindex_intra-sample_ro1-dlpfc.rda""","""$launchDir/data/true-proportions_intra-sample_ro1-dlpfc.rda""","deconrnaseq"
645,"Br3942_ant","k2","counts_adj","""$launchDir/data/sce_intra-sample_ro1-dlpfc.rda""","""$launchDir/data/ypb_intra-sample_ro1-dlpfc.rda""","""$launchDir/data/lindex_intra-sample_ro1-dlpfc.rda""","""$launchDir/data/true-proportions_intra-sample_ro1-dlpfc.rda""","deconrnaseq"
646,"Br3942_ant","k2","counts_adj","""$launchDir/data/sce_intra-sample_ro1-dlpfc.rda""","""$launchDir/data/ypb_intra-sample_ro1-dlpfc.rda""","""$launchDir/data/lindex_intra-sample_ro1-dlpfc.rda""","""$launchDir/data/true-proportions_intra-sample_ro1-dlpfc.rda""","deconrnaseq"
647,"Br3942_ant","k2","counts_adj","""$launchDir/data/sce_intra-sample_ro1-dlpfc.rda""","""$launchDir/data/ypb_intra-sample_ro1-dlpfc.rda""","""$launchDir/data/lindex_intra-sample_ro1-dlpfc.rda""","""$launchDir/data/true-proportions_intra-sample_ro1-dlpfc.rda""","deconrnaseq"
648,"Br3942_ant","k2","counts_adj","""$launchDir/data/sce_intra-sample_ro1-dlpfc.rda""","""$launchDir/data/ypb_intra-sample_ro1-dlpfc.rda""","""$launchDir/data/lindex_intra-sample_ro1-dlpfc.rda""","""$launchDir/data/true-proportions_intra-sample_ro1-dlpfc.rda""","deconrnaseq"
649,"Br3942_ant","k2","counts_adj","""$launchDir/data/sce_intra-sample_ro1-dlpfc.rda""","""$launchDir/data/ypb_intra-sample_ro1-dlpfc.rda""","""$launchDir/data/lindex_intra-sample_ro1-dlpfc.rda""","""$launchDir/data/true-proportions_intra-sample_ro1-dlpfc.rda""","deconrnaseq"
650,"Br3942_ant","k2","counts_adj","""$launchDir/data/sce_intra-sample_ro1-dlpfc.rda""","""$launchDir/data/ypb_intra-sample_ro1-dlpfc.rda""","""$launchDir/data/lindex_intra-sample_ro1-dlpfc.rda""","""$launchDir/data/true-proportions_intra-sample_ro1-dlpfc.rda""","deconrnaseq"
651,"Br3942_ant","k2","counts_adj","""$launchDir/data/sce_intra-sample_ro1-dlpfc.rda""","""$launchDir/data/ypb_intra-sample_ro1-dlpfc.rda""","""$launchDir/data/lindex_intra-sample_ro1-dlpfc.rda""","""$launchDir/data/true-proportions_intra-sample_ro1-dlpfc.rda""","deconrnaseq"
652,"Br3942_ant","k2","counts_adj","""$launchDir/data/sce_intra-sample_ro1-dlpfc.rda""","""$launchDir/data/ypb_intra-sample_ro1-dlpfc.rda""","""$launchDir/data/lindex_intra-sample_ro1-dlpfc.rda""","""$launchDir/data/true-proportions_intra-sample_ro1-dlpfc.rda""","deconrnaseq"
653,"Br3942_ant","k2","counts_adj","""$launchDir/data/sce_intra-sample_ro1-dlpfc.rda""","""$launchDir/data/ypb_intra-sample_ro1-dlpfc.rda""","""$launchDir/data/lindex_intra-sample_ro1-dlpfc.rda""","""$launchDir/data/true-proportions_intra-sample_ro1-dlpfc.rda""","deconrnaseq"
654,"Br3942_ant","k2","counts_adj","""$launchDir/data/sce_intra-sample_ro1-dlpfc.rda""","""$launchDir/data/ypb_intra-sample_ro1-dlpfc.rda""","""$launchDir/data/lindex_intra-sample_ro1-dlpfc.rda""","""$launchDir/data/true-proportions_intra-sample_ro1-dlpfc.rda""","deconrnaseq"
655,"Br3942_ant","k2","counts_adj","""$launchDir/data/sce_intra-sample_ro1-dlpfc.rda""","""$launchDir/data/ypb_intra-sample_ro1-dlpfc.rda""","""$launchDir/data/lindex_intra-sample_ro1-dlpfc.rda""","""$launchDir/data/true-proportions_intra-sample_ro1-dlpfc.rda""","deconrnaseq"
656,"Br3942_ant","k2","counts_adj","""$launchDir/data/sce_intra-sample_ro1-dlpfc.rda""","""$launchDir/data/ypb_intra-sample_ro1-dlpfc.rda""","""$launchDir/data/lindex_intra-sample_ro1-dlpfc.rda""","""$launchDir/data/true-proportions_intra-sample_ro1-dlpfc.rda""","deconrnaseq"
657,"Br3942_ant","k2","counts_adj","""$launchDir/data/sce_intra-sample_ro1-dlpfc.rda""","""$launchDir/data/ypb_intra-sample_ro1-dlpfc.rda""","""$launchDir/data/lindex_intra-sample_ro1-dlpfc.rda""","""$launchDir/data/true-proportions_intra-sample_ro1-dlpfc.rda""","deconrnaseq"
658,"Br3942_ant","k2","counts_adj","""$launchDir/data/sce_intra-sample_ro1-dlpfc.rda""","""$launchDir/data/ypb_intra-sample_ro1-dlpfc.rda""","""$launchDir/data/lindex_intra-sample_ro1-dlpfc.rda""","""$launchDir/data/true-proportions_intra-sample_ro1-dlpfc.rda""","deconrnaseq"
659,"Br3942_ant","k2","counts_adj","""$launchDir/data/sce_intra-sample_ro1-dlpfc.rda""","""$launchDir/data/ypb_intra-sample_ro1-dlpfc.rda""","""$launchDir/data/lindex_intra-sample_ro1-dlpfc.rda""","""$launchDir/data/true-proportions_intra-sample_ro1-dlpfc.rda""","deconrnaseq"
660,"Br3942_ant","k2","counts_adj","""$launchDir/data/sce_intra-sample_ro1-dlpfc.rda""","""$launchDir/data/ypb_intra-sample_ro1-dlpfc.rda""","""$launchDir/data/lindex_intra-sample_ro1-dlpfc.rda""","""$launchDir/data/true-proportions_intra-sample_ro1-dlpfc.rda""","deconrnaseq"
661,"Br3942_ant","k2","counts_adj","""$launchDir/data/sce_intra-sample_ro1-dlpfc.rda""","""$launchDir/data/ypb_intra-sample_ro1-dlpfc.rda""","""$launchDir/data/lindex_intra-sample_ro1-dlpfc.rda""","""$launchDir/data/true-proportions_intra-sample_ro1-dlpfc.rda""","deconrnaseq"
662,"Br3942_ant","k2","counts_adj","""$launchDir/data/sce_intra-sample_ro1-dlpfc.rda""","""$launchDir/data/ypb_intra-sample_ro1-dlpfc.rda""","""$launchDir/data/lindex_intra-sample_ro1-dlpfc.rda""","""$launchDir/data/true-proportions_intra-sample_ro1-dlpfc.rda""","deconrnaseq"
663,"Br3942_ant","k2","counts_adj","""$launchDir/data/sce_intra-sample_ro1-dlpfc.rda""","""$launchDir/data/ypb_intra-sample_ro1-dlpfc.rda""","""$launchDir/data/lindex_intra-sample_ro1-dlpfc.rda""","""$launchDir/data/true-proportions_intra-sample_ro1-dlpfc.rda""","deconrnaseq"
664,"Br3942_ant","k2","counts_adj","""$launchDir/data/sce_intra-sample_ro1-dlpfc.rda""","""$launchDir/data/ypb_intra-sample_ro1-dlpfc.rda""","""$launchDir/data/lindex_intra-sample_ro1-dlpfc.rda""","""$launchDir/data/true-proportions_intra-sample_ro1-dlpfc.rda""","deconrnaseq"
665,"Br3942_ant","k2","counts_adj","""$launchDir/data/sce_intra-sample_ro1-dlpfc.rda""","""$launchDir/data/ypb_intra-sample_ro1-dlpfc.rda""","""$launchDir/data/lindex_intra-sample_ro1-dlpfc.rda""","""$launchDir/data/true-proportions_intra-sample_ro1-dlpfc.rda""","deconrnaseq"
666,"Br3942_ant","k2","counts_adj","""$launchDir/data/sce_intra-sample_ro1-dlpfc.rda""","""$launchDir/data/ypb_intra-sample_ro1-dlpfc.rda""","""$launchDir/data/lindex_intra-sample_ro1-dlpfc.rda""","""$launchDir/data/true-proportions_intra-sample_ro1-dlpfc.rda""","deconrnaseq"
667,"Br3942_ant","k2","counts_adj","""$launchDir/data/sce_intra-sample_ro1-dlpfc.rda""","""$launchDir/data/ypb_intra-sample_ro1-dlpfc.rda""","""$launchDir/data/lindex_intra-sample_ro1-dlpfc.rda""","""$launchDir/data/true-proportions_intra-sample_ro1-dlpfc.rda""","deconrnaseq"
668,"Br3942_ant","k2","counts_adj","""$launchDir/data/sce_intra-sample_ro1-dlpfc.rda""","""$launchDir/data/ypb_intra-sample_ro1-dlpfc.rda""","""$launchDir/data/lindex_intra-sample_ro1-dlpfc.rda""","""$launchDir/data/true-proportions_intra-sample_ro1-dlpfc.rda""","deconrnaseq"
669,"Br3942_ant","k2","counts_adj","""$launchDir/data/sce_intra-sample_ro1-dlpfc.rda""","""$launchDir/data/ypb_intra-sample_ro1-dlpfc.rda""","""$launchDir/data/lindex_intra-sample_ro1-dlpfc.rda""","""$launchDir/data/true-proportions_intra-sample_ro1-dlpfc.rda""","deconrnaseq"
670,"Br3942_ant","k2","counts_adj","""$launchDir/data/sce_intra-sample_ro1-dlpfc.rda""","""$launchDir/data/ypb_intra-sample_ro1-dlpfc.rda""","""$launchDir/data/lindex_intra-sample_ro1-dlpfc.rda""","""$launchDir/data/true-proportions_intra-sample_ro1-dlpfc.rda""","deconrnaseq"
671,"Br3942_ant","k2","counts_adj","""$launchDir/data/sce_intra-sample_ro1-dlpfc.rda""","""$launchDir/data/ypb_intra-sample_ro1-dlpfc.rda""","""$launchDir/data/lindex_intra-sample_ro1-dlpfc.rda""","""$launchDir/data/true-proportions_intra-sample_ro1-dlpfc.rda""","deconrnaseq"
672,"Br3942_ant","k2","counts_adj","""$launchDir/data/sce_intra-sample_ro1-dlpfc.rda""","""$launchDir/data/ypb_intra-sample_ro1-dlpfc.rda""","""$launchDir/data/lindex_intra-sample_ro1-dlpfc.rda""","""$launchDir/data/true-proportions_intra-sample_ro1-dlpfc.rda""","deconrnaseq"
673,"Br3942_ant","k2","counts_adj","""$launchDir/data/sce_intra-sample_ro1-dlpfc.rda""","""$launchDir/data/ypb_intra-sample_ro1-dlpfc.rda""","""$launchDir/data/lindex_intra-sample_ro1-dlpfc.rda""","""$launchDir/data/true-proportions_intra-sample_ro1-dlpfc.rda""","deconrnaseq"
674,"Br3942_ant","k2","counts_adj","""$launchDir/data/sce_intra-sample_ro1-dlpfc.rda""","""$launchDir/data/ypb_intra-sample_ro1-dlpfc.rda""","""$launchDir/data/lindex_intra-sample_ro1-dlpfc.rda""","""$launchDir/data/true-proportions_intra-sample_ro1-dlpfc.rda""","deconrnaseq"
675,"Br3942_ant","k2","counts_adj","""$launchDir/data/sce_intra-sample_ro1-dlpfc.rda""","""$launchDir/data/ypb_intra-sample_ro1-dlpfc.rda""","""$launchDir/data/lindex_intra-sample_ro1-dlpfc.rda""","""$launchDir/data/true-proportions_intra-sample_ro1-dlpfc.rda""","deconrnaseq"
676,"Br3942_ant","k2","counts_adj","""$launchDir/data/sce_intra-sample_ro1-dlpfc.rda""","""$launchDir/data/ypb_intra-sample_ro1-dlpfc.rda""","""$launchDir/data/lindex_intra-sample_ro1-dlpfc.rda""","""$launchDir/data/true-proportions_intra-sample_ro1-dlpfc.rda""","deconrnaseq"
677,"Br3942_ant","k2","counts_adj","""$launchDir/data/sce_intra-sample_ro1-dlpfc.rda""","""$launchDir/data/ypb_intra-sample_ro1-dlpfc.rda""","""$launchDir/data/lindex_intra-sample_ro1-dlpfc.rda""","""$launchDir/data/true-proportions_intra-sample_ro1-dlpfc.rda""","deconrnaseq"
678,"Br3942_ant","k2","counts_adj","""$launchDir/data/sce_intra-sample_ro1-dlpfc.rda""","""$launchDir/data/ypb_intra-sample_ro1-dlpfc.rda""","""$launchDir/data/lindex_intra-sample_ro1-dlpfc.rda""","""$launchDir/data/true-proportions_intra-sample_ro1-dlpfc.rda""","deconrnaseq"
679,"Br3942_ant","k2","counts_adj","""$launchDir/data/sce_intra-sample_ro1-dlpfc.rda""","""$launchDir/data/ypb_intra-sample_ro1-dlpfc.rda""","""$launchDir/data/lindex_intra-sample_ro1-dlpfc.rda""","""$launchDir/data/true-proportions_intra-sample_ro1-dlpfc.rda""","deconrnaseq"
680,"Br3942_ant","k2","counts_adj","""$launchDir/data/sce_intra-sample_ro1-dlpfc.rda""","""$launchDir/data/ypb_intra-sample_ro1-dlpfc.rda""","""$launchDir/data/lindex_intra-sample_ro1-dlpfc.rda""","""$launchDir/data/true-proportions_intra-sample_ro1-dlpfc.rda""","deconrnaseq"
681,"Br3942_ant","k2","counts_adj","""$launchDir/data/sce_intra-sample_ro1-dlpfc.rda""","""$launchDir/data/ypb_intra-sample_ro1-dlpfc.rda""","""$launchDir/data/lindex_intra-sample_ro1-dlpfc.rda""","""$launchDir/data/true-proportions_intra-sample_ro1-dlpfc.rda""","deconrnaseq"
682,"Br3942_ant","k2","counts_adj","""$launchDir/data/sce_intra-sample_ro1-dlpfc.rda""","""$launchDir/data/ypb_intra-sample_ro1-dlpfc.rda""","""$launchDir/data/lindex_intra-sample_ro1-dlpfc.rda""","""$launchDir/data/true-proportions_intra-sample_ro1-dlpfc.rda""","deconrnaseq"
683,"Br3942_ant","k2","counts_adj","""$launchDir/data/sce_intra-sample_ro1-dlpfc.rda""","""$launchDir/data/ypb_intra-sample_ro1-dlpfc.rda""","""$launchDir/data/lindex_intra-sample_ro1-dlpfc.rda""","""$launchDir/data/true-proportions_intra-sample_ro1-dlpfc.rda""","deconrnaseq"
684,"Br3942_ant","k2","counts_adj","""$launchDir/data/sce_intra-sample_ro1-dlpfc.rda""","""$launchDir/data/ypb_intra-sample_ro1-dlpfc.rda""","""$launchDir/data/lindex_intra-sample_ro1-dlpfc.rda""","""$launchDir/data/true-proportions_intra-sample_ro1-dlpfc.rda""","deconrnaseq"
685,"Br3942_ant","k2","counts_adj","""$launchDir/data/sce_intra-sample_ro1-dlpfc.rda""","""$launchDir/data/ypb_intra-sample_ro1-dlpfc.rda""","""$launchDir/data/lindex_intra-sample_ro1-dlpfc.rda""","""$launchDir/data/true-proportions_intra-sample_ro1-dlpfc.rda""","deconrnaseq"
686,"Br3942_ant","k2","counts_adj","""$launchDir/data/sce_intra-sample_ro1-dlpfc.rda""","""$launchDir/data/ypb_intra-sample_ro1-dlpfc.rda""","""$launchDir/data/lindex_intra-sample_ro1-dlpfc.rda""","""$launchDir/data/true-proportions_intra-sample_ro1-dlpfc.rda""","deconrnaseq"
687,"Br3942_ant","k2","counts_adj","""$launchDir/data/sce_intra-sample_ro1-dlpfc.rda""","""$launchDir/data/ypb_intra-sample_ro1-dlpfc.rda""","""$launchDir/data/lindex_intra-sample_ro1-dlpfc.rda""","""$launchDir/data/true-proportions_intra-sample_ro1-dlpfc.rda""","deconrnaseq"
688,"Br3942_ant","k2","counts_adj","""$launchDir/data/sce_intra-sample_ro1-dlpfc.rda""","""$launchDir/data/ypb_intra-sample_ro1-dlpfc.rda""","""$launchDir/data/lindex_intra-sample_ro1-dlpfc.rda""","""$launchDir/data/true-proportions_intra-sample_ro1-dlpfc.rda""","deconrnaseq"
689,"Br3942_ant","k2","counts_adj","""$launchDir/data/sce_intra-sample_ro1-dlpfc.rda""","""$launchDir/data/ypb_intra-sample_ro1-dlpfc.rda""","""$launchDir/data/lindex_intra-sample_ro1-dlpfc.rda""","""$launchDir/data/true-proportions_intra-sample_ro1-dlpfc.rda""","deconrnaseq"
690,"Br3942_ant","k2","counts_adj","""$launchDir/data/sce_intra-sample_ro1-dlpfc.rda""","""$launchDir/data/ypb_intra-sample_ro1-dlpfc.rda""","""$launchDir/data/lindex_intra-sample_ro1-dlpfc.rda""","""$launchDir/data/true-proportions_intra-sample_ro1-dlpfc.rda""","deconrnaseq"
691,"Br3942_ant","k2","counts_adj","""$launchDir/data/sce_intra-sample_ro1-dlpfc.rda""","""$launchDir/data/ypb_intra-sample_ro1-dlpfc.rda""","""$launchDir/data/lindex_intra-sample_ro1-dlpfc.rda""","""$launchDir/data/true-proportions_intra-sample_ro1-dlpfc.rda""","deconrnaseq"
692,"Br3942_ant","k2","counts_adj","""$launchDir/data/sce_intra-sample_ro1-dlpfc.rda""","""$launchDir/data/ypb_intra-sample_ro1-dlpfc.rda""","""$launchDir/data/lindex_intra-sample_ro1-dlpfc.rda""","""$launchDir/data/true-proportions_intra-sample_ro1-dlpfc.rda""","deconrnaseq"
693,"Br3942_ant","k2","counts_adj","""$launchDir/data/sce_intra-sample_ro1-dlpfc.rda""","""$launchDir/data/ypb_intra-sample_ro1-dlpfc.rda""","""$launchDir/data/lindex_intra-sample_ro1-dlpfc.rda""","""$launchDir/data/true-proportions_intra-sample_ro1-dlpfc.rda""","deconrnaseq"
694,"Br3942_ant","k2","counts_adj","""$launchDir/data/sce_intra-sample_ro1-dlpfc.rda""","""$launchDir/data/ypb_intra-sample_ro1-dlpfc.rda""","""$launchDir/data/lindex_intra-sample_ro1-dlpfc.rda""","""$launchDir/data/true-proportions_intra-sample_ro1-dlpfc.rda""","deconrnaseq"
695,"Br3942_ant","k2","counts_adj","""$launchDir/data/sce_intra-sample_ro1-dlpfc.rda""","""$launchDir/data/ypb_intra-sample_ro1-dlpfc.rda""","""$launchDir/data/lindex_intra-sample_ro1-dlpfc.rda""","""$launchDir/data/true-proportions_intra-sample_ro1-dlpfc.rda""","deconrnaseq"
696,"Br3942_ant","k2","counts_adj","""$launchDir/data/sce_intra-sample_ro1-dlpfc.rda""","""$launchDir/data/ypb_intra-sample_ro1-dlpfc.rda""","""$launchDir/data/lindex_intra-sample_ro1-dlpfc.rda""","""$launchDir/data/true-proportions_intra-sample_ro1-dlpfc.rda""","deconrnaseq"
697,"Br3942_ant","k2","counts_adj","""$launchDir/data/sce_intra-sample_ro1-dlpfc.rda""","""$launchDir/data/ypb_intra-sample_ro1-dlpfc.rda""","""$launchDir/data/lindex_intra-sample_ro1-dlpfc.rda""","""$launchDir/data/true-proportions_intra-sample_ro1-dlpfc.rda""","deconrnaseq"
698,"Br3942_ant","k2","counts_adj","""$launchDir/data/sce_intra-sample_ro1-dlpfc.rda""","""$launchDir/data/ypb_intra-sample_ro1-dlpfc.rda""","""$launchDir/data/lindex_intra-sample_ro1-dlpfc.rda""","""$launchDir/data/true-proportions_intra-sample_ro1-dlpfc.rda""","deconrnaseq"
699,"Br3942_ant","k2","counts_adj","""$launchDir/data/sce_intra-sample_ro1-dlpfc.rda""","""$launchDir/data/ypb_intra-sample_ro1-dlpfc.rda""","""$launchDir/data/lindex_intra-sample_ro1-dlpfc.rda""","""$launchDir/data/true-proportions_intra-sample_ro1-dlpfc.rda""","deconrnaseq"
700,"Br3942_ant","k2","counts_adj","""$launchDir/data/sce_intra-sample_ro1-dlpfc.rda""","""$launchDir/data/ypb_intra-sample_ro1-dlpfc.rda""","""$launchDir/data/lindex_intra-sample_ro1-dlpfc.rda""","""$launchDir/data/true-proportions_intra-sample_ro1-dlpfc.rda""","deconrnaseq"
701,"Br3942_ant","k2","counts_adj","""$launchDir/data/sce_intra-sample_ro1-dlpfc.rda""","""$launchDir/data/ypb_intra-sample_ro1-dlpfc.rda""","""$launchDir/data/lindex_intra-sample_ro1-dlpfc.rda""","""$launchDir/data/true-proportions_intra-sample_ro1-dlpfc.rda""","deconrnaseq"
702,"Br3942_ant","k2","counts_adj","""$launchDir/data/sce_intra-sample_ro1-dlpfc.rda""","""$launchDir/data/ypb_intra-sample_ro1-dlpfc.rda""","""$launchDir/data/lindex_intra-sample_ro1-dlpfc.rda""","""$launchDir/data/true-proportions_intra-sample_ro1-dlpfc.rda""","deconrnaseq"
703,"Br3942_ant","k2","counts_adj","""$launchDir/data/sce_intra-sample_ro1-dlpfc.rda""","""$launchDir/data/ypb_intra-sample_ro1-dlpfc.rda""","""$launchDir/data/lindex_intra-sample_ro1-dlpfc.rda""","""$launchDir/data/true-proportions_intra-sample_ro1-dlpfc.rda""","deconrnaseq"
704,"Br3942_ant","k2","counts_adj","""$launchDir/data/sce_intra-sample_ro1-dlpfc.rda""","""$launchDir/data/ypb_intra-sample_ro1-dlpfc.rda""","""$launchDir/data/lindex_intra-sample_ro1-dlpfc.rda""","""$launchDir/data/true-proportions_intra-sample_ro1-dlpfc.rda""","deconrnaseq"
705,"Br3942_ant","k2","counts_adj","""$launchDir/data/sce_intra-sample_ro1-dlpfc.rda""","""$launchDir/data/ypb_intra-sample_ro1-dlpfc.rda""","""$launchDir/data/lindex_intra-sample_ro1-dlpfc.rda""","""$launchDir/data/true-proportions_intra-sample_ro1-dlpfc.rda""","deconrnaseq"
706,"Br3942_ant","k2","counts_adj","""$launchDir/data/sce_intra-sample_ro1-dlpfc.rda""","""$launchDir/data/ypb_intra-sample_ro1-dlpfc.rda""","""$launchDir/data/lindex_intra-sample_ro1-dlpfc.rda""","""$launchDir/data/true-proportions_intra-sample_ro1-dlpfc.rda""","deconrnaseq"
707,"Br3942_ant","k2","counts_adj","""$launchDir/data/sce_intra-sample_ro1-dlpfc.rda""","""$launchDir/data/ypb_intra-sample_ro1-dlpfc.rda""","""$launchDir/data/lindex_intra-sample_ro1-dlpfc.rda""","""$launchDir/data/true-proportions_intra-sample_ro1-dlpfc.rda""","deconrnaseq"
708,"Br3942_ant","k2","counts_adj","""$launchDir/data/sce_intra-sample_ro1-dlpfc.rda""","""$launchDir/data/ypb_intra-sample_ro1-dlpfc.rda""","""$launchDir/data/lindex_intra-sample_ro1-dlpfc.rda""","""$launchDir/data/true-proportions_intra-sample_ro1-dlpfc.rda""","deconrnaseq"
709,"Br3942_ant","k2","counts_adj","""$launchDir/data/sce_intra-sample_ro1-dlpfc.rda""","""$launchDir/data/ypb_intra-sample_ro1-dlpfc.rda""","""$launchDir/data/lindex_intra-sample_ro1-dlpfc.rda""","""$launchDir/data/true-proportions_intra-sample_ro1-dlpfc.rda""","deconrnaseq"
710,"Br3942_ant","k2","counts_adj","""$launchDir/data/sce_intra-sample_ro1-dlpfc.rda""","""$launchDir/data/ypb_intra-sample_ro1-dlpfc.rda""","""$launchDir/data/lindex_intra-sample_ro1-dlpfc.rda""","""$launchDir/data/true-proportions_intra-sample_ro1-dlpfc.rda""","deconrnaseq"
711,"Br3942_ant","k2","counts_adj","""$launchDir/data/sce_intra-sample_ro1-dlpfc.rda""","""$launchDir/data/ypb_intra-sample_ro1-dlpfc.rda""","""$launchDir/data/lindex_intra-sample_ro1-dlpfc.rda""","""$launchDir/data/true-proportions_intra-sample_ro1-dlpfc.rda""","deconrnaseq"
712,"Br3942_ant","k2","counts_adj","""$launchDir/data/sce_intra-sample_ro1-dlpfc.rda""","""$launchDir/data/ypb_intra-sample_ro1-dlpfc.rda""","""$launchDir/data/lindex_intra-sample_ro1-dlpfc.rda""","""$launchDir/data/true-proportions_intra-sample_ro1-dlpfc.rda""","deconrnaseq"
713,"Br3942_ant","k2","counts_adj","""$launchDir/data/sce_intra-sample_ro1-dlpfc.rda""","""$launchDir/data/ypb_intra-sample_ro1-dlpfc.rda""","""$launchDir/data/lindex_intra-sample_ro1-dlpfc.rda""","""$launchDir/data/true-proportions_intra-sample_ro1-dlpfc.rda""","deconrnaseq"
714,"Br3942_ant","k2","counts_adj","""$launchDir/data/sce_intra-sample_ro1-dlpfc.rda""","""$launchDir/data/ypb_intra-sample_ro1-dlpfc.rda""","""$launchDir/data/lindex_intra-sample_ro1-dlpfc.rda""","""$launchDir/data/true-proportions_intra-sample_ro1-dlpfc.rda""","deconrnaseq"
715,"Br3942_ant","k2","counts_adj","""$launchDir/data/sce_intra-sample_ro1-dlpfc.rda""","""$launchDir/data/ypb_intra-sample_ro1-dlpfc.rda""","""$launchDir/data/lindex_intra-sample_ro1-dlpfc.rda""","""$launchDir/data/true-proportions_intra-sample_ro1-dlpfc.rda""","deconrnaseq"
716,"Br3942_ant","k2","counts_adj","""$launchDir/data/sce_intra-sample_ro1-dlpfc.rda""","""$launchDir/data/ypb_intra-sample_ro1-dlpfc.rda""","""$launchDir/data/lindex_intra-sample_ro1-dlpfc.rda""","""$launchDir/data/true-proportions_intra-sample_ro1-dlpfc.rda""","deconrnaseq"
717,"Br3942_ant","k2","counts_adj","""$launchDir/data/sce_intra-sample_ro1-dlpfc.rda""","""$launchDir/data/ypb_intra-sample_ro1-dlpfc.rda""","""$launchDir/data/lindex_intra-sample_ro1-dlpfc.rda""","""$launchDir/data/true-proportions_intra-sample_ro1-dlpfc.rda""","deconrnaseq"
718,"Br3942_ant","k2","counts_adj","""$launchDir/data/sce_intra-sample_ro1-dlpfc.rda""","""$launchDir/data/ypb_intra-sample_ro1-dlpfc.rda""","""$launchDir/data/lindex_intra-sample_ro1-dlpfc.rda""","""$launchDir/data/true-proportions_intra-sample_ro1-dlpfc.rda""","deconrnaseq"
719,"Br3942_ant","k2","counts_adj","""$launchDir/data/sce_intra-sample_ro1-dlpfc.rda""","""$launchDir/data/ypb_intra-sample_ro1-dlpfc.rda""","""$launchDir/data/lindex_intra-sample_ro1-dlpfc.rda""","""$launchDir/data/true-proportions_intra-sample_ro1-dlpfc.rda""","deconrnaseq"
720,"Br3942_ant","k2","counts_adj","""$launchDir/data/sce_intra-sample_ro1-dlpfc.rda""","""$launchDir/data/ypb_intra-sample_ro1-dlpfc.rda""","""$launchDir/data/lindex_intra-sample_ro1-dlpfc.rda""","""$launchDir/data/true-proportions_intra-sample_ro1-dlpfc.rda""","deconrnaseq"
721,"Br3942_ant","k2","counts_adj","""$launchDir/data/sce_intra-sample_ro1-dlpfc.rda""","""$launchDir/data/ypb_intra-sample_ro1-dlpfc.rda""","""$launchDir/data/lindex_intra-sample_ro1-dlpfc.rda""","""$launchDir/data/true-proportions_intra-sample_ro1-dlpfc.rda""","deconrnaseq"
722,"Br3942_ant","k2","counts_adj","""$launchDir/data/sce_intra-sample_ro1-dlpfc.rda""","""$launchDir/data/ypb_intra-sample_ro1-dlpfc.rda""","""$launchDir/data/lindex_intra-sample_ro1-dlpfc.rda""","""$launchDir/data/true-proportions_intra-sample_ro1-dlpfc.rda""","deconrnaseq"
723,"Br3942_ant","k2","counts_adj","""$launchDir/data/sce_intra-sample_ro1-dlpfc.rda""","""$launchDir/data/ypb_intra-sample_ro1-dlpfc.rda""","""$launchDir/data/lindex_intra-sample_ro1-dlpfc.rda""","""$launchDir/data/true-proportions_intra-sample_ro1-dlpfc.rda""","deconrnaseq"
724,"Br3942_ant","k2","counts_adj","""$launchDir/data/sce_intra-sample_ro1-dlpfc.rda""","""$launchDir/data/ypb_intra-sample_ro1-dlpfc.rda""","""$launchDir/data/lindex_intra-sample_ro1-dlpfc.rda""","""$launchDir/data/true-proportions_intra-sample_ro1-dlpfc.rda""","deconrnaseq"
725,"Br3942_ant","k2","counts_adj","""$launchDir/data/sce_intra-sample_ro1-dlpfc.rda""","""$launchDir/data/ypb_intra-sample_ro1-dlpfc.rda""","""$launchDir/data/lindex_intra-sample_ro1-dlpfc.rda""","""$launchDir/data/true-proportions_intra-sample_ro1-dlpfc.rda""","deconrnaseq"
726,"Br3942_ant","k2","counts_adj","""$launchDir/data/sce_intra-sample_ro1-dlpfc.rda""","""$launchDir/data/ypb_intra-sample_ro1-dlpfc.rda""","""$launchDir/data/lindex_intra-sample_ro1-dlpfc.rda""","""$launchDir/data/true-proportions_intra-sample_ro1-dlpfc.rda""","deconrnaseq"
727,"Br3942_ant","k2","counts_adj","""$launchDir/data/sce_intra-sample_ro1-dlpfc.rda""","""$launchDir/data/ypb_intra-sample_ro1-dlpfc.rda""","""$launchDir/data/lindex_intra-sample_ro1-dlpfc.rda""","""$launchDir/data/true-proportions_intra-sample_ro1-dlpfc.rda""","deconrnaseq"
728,"Br3942_ant","k2","counts_adj","""$launchDir/data/sce_intra-sample_ro1-dlpfc.rda""","""$launchDir/data/ypb_intra-sample_ro1-dlpfc.rda""","""$launchDir/data/lindex_intra-sample_ro1-dlpfc.rda""","""$launchDir/data/true-proportions_intra-sample_ro1-dlpfc.rda""","deconrnaseq"
729,"Br3942_ant","k2","counts_adj","""$launchDir/data/sce_intra-sample_ro1-dlpfc.rda""","""$launchDir/data/ypb_intra-sample_ro1-dlpfc.rda""","""$launchDir/data/lindex_intra-sample_ro1-dlpfc.rda""","""$launchDir/data/true-proportions_intra-sample_ro1-dlpfc.rda""","deconrnaseq"
730,"Br3942_ant","k2","counts_adj","""$launchDir/data/sce_intra-sample_ro1-dlpfc.rda""","""$launchDir/data/ypb_intra-sample_ro1-dlpfc.rda""","""$launchDir/data/lindex_intra-sample_ro1-dlpfc.rda""","""$launchDir/data/true-proportions_intra-sample_ro1-dlpfc.rda""","deconrnaseq"
731,"Br3942_ant","k2","counts_adj","""$launchDir/data/sce_intra-sample_ro1-dlpfc.rda""","""$launchDir/data/ypb_intra-sample_ro1-dlpfc.rda""","""$launchDir/data/lindex_intra-sample_ro1-dlpfc.rda""","""$launchDir/data/true-proportions_intra-sample_ro1-dlpfc.rda""","deconrnaseq"
732,"Br3942_ant","k2","counts_adj","""$launchDir/data/sce_intra-sample_ro1-dlpfc.rda""","""$launchDir/data/ypb_intra-sample_ro1-dlpfc.rda""","""$launchDir/data/lindex_intra-sample_ro1-dlpfc.rda""","""$launchDir/data/true-proportions_intra-sample_ro1-dlpfc.rda""","deconrnaseq"
733,"Br3942_ant","k2","counts_adj","""$launchDir/data/sce_intra-sample_ro1-dlpfc.rda""","""$launchDir/data/ypb_intra-sample_ro1-dlpfc.rda""","""$launchDir/data/lindex_intra-sample_ro1-dlpfc.rda""","""$launchDir/data/true-proportions_intra-sample_ro1-dlpfc.rda""","deconrnaseq"
734,"Br3942_ant","k2","counts_adj","""$launchDir/data/sce_intra-sample_ro1-dlpfc.rda""","""$launchDir/data/ypb_intra-sample_ro1-dlpfc.rda""","""$launchDir/data/lindex_intra-sample_ro1-dlpfc.rda""","""$launchDir/data/true-proportions_intra-sample_ro1-dlpfc.rda""","deconrnaseq"
735,"Br3942_ant","k2","counts_adj","""$launchDir/data/sce_intra-sample_ro1-dlpfc.rda""","""$launchDir/data/ypb_intra-sample_ro1-dlpfc.rda""","""$launchDir/data/lindex_intra-sample_ro1-dlpfc.rda""","""$launchDir/data/true-proportions_intra-sample_ro1-dlpfc.rda""","deconrnaseq"
736,"Br3942_ant","k2","counts_adj","""$launchDir/data/sce_intra-sample_ro1-dlpfc.rda""","""$launchDir/data/ypb_intra-sample_ro1-dlpfc.rda""","""$launchDir/data/lindex_intra-sample_ro1-dlpfc.rda""","""$launchDir/data/true-proportions_intra-sample_ro1-dlpfc.rda""","deconrnaseq"
737,"Br3942_ant","k2","counts_adj","""$launchDir/data/sce_intra-sample_ro1-dlpfc.rda""","""$launchDir/data/ypb_intra-sample_ro1-dlpfc.rda""","""$launchDir/data/lindex_intra-sample_ro1-dlpfc.rda""","""$launchDir/data/true-proportions_intra-sample_ro1-dlpfc.rda""","deconrnaseq"
738,"Br3942_ant","k2","counts_adj","""$launchDir/data/sce_intra-sample_ro1-dlpfc.rda""","""$launchDir/data/ypb_intra-sample_ro1-dlpfc.rda""","""$launchDir/data/lindex_intra-sample_ro1-dlpfc.rda""","""$launchDir/data/true-proportions_intra-sample_ro1-dlpfc.rda""","deconrnaseq"
739,"Br3942_ant","k2","counts_adj","""$launchDir/data/sce_intra-sample_ro1-dlpfc.rda""","""$launchDir/data/ypb_intra-sample_ro1-dlpfc.rda""","""$launchDir/data/lindex_intra-sample_ro1-dlpfc.rda""","""$launchDir/data/true-proportions_intra-sample_ro1-dlpfc.rda""","deconrnaseq"
740,"Br3942_ant","k2","counts_adj","""$launchDir/data/sce_intra-sample_ro1-dlpfc.rda""","""$launchDir/data/ypb_intra-sample_ro1-dlpfc.rda""","""$launchDir/data/lindex_intra-sample_ro1-dlpfc.rda""","""$launchDir/data/true-proportions_intra-sample_ro1-dlpfc.rda""","deconrnaseq"
741,"Br3942_ant","k2","counts_adj","""$launchDir/data/sce_intra-sample_ro1-dlpfc.rda""","""$launchDir/data/ypb_intra-sample_ro1-dlpfc.rda""","""$launchDir/data/lindex_intra-sample_ro1-dlpfc.rda""","""$launchDir/data/true-proportions_intra-sample_ro1-dlpfc.rda""","deconrnaseq"
742,"Br3942_ant","k2","counts_adj","""$launchDir/data/sce_intra-sample_ro1-dlpfc.rda""","""$launchDir/data/ypb_intra-sample_ro1-dlpfc.rda""","""$launchDir/data/lindex_intra-sample_ro1-dlpfc.rda""","""$launchDir/data/true-proportions_intra-sample_ro1-dlpfc.rda""","deconrnaseq"
743,"Br3942_ant","k2","counts_adj","""$launchDir/data/sce_intra-sample_ro1-dlpfc.rda""","""$launchDir/data/ypb_intra-sample_ro1-dlpfc.rda""","""$launchDir/data/lindex_intra-sample_ro1-dlpfc.rda""","""$launchDir/data/true-proportions_intra-sample_ro1-dlpfc.rda""","deconrnaseq"
744,"Br3942_ant","k2","counts_adj","""$launchDir/data/sce_intra-sample_ro1-dlpfc.rda""","""$launchDir/data/ypb_intra-sample_ro1-dlpfc.rda""","""$launchDir/data/lindex_intra-sample_ro1-dlpfc.rda""","""$launchDir/data/true-proportions_intra-sample_ro1-dlpfc.rda""","deconrnaseq"
745,"Br3942_ant","k2","counts_adj","""$launchDir/data/sce_intra-sample_ro1-dlpfc.rda""","""$launchDir/data/ypb_intra-sample_ro1-dlpfc.rda""","""$launchDir/data/lindex_intra-sample_ro1-dlpfc.rda""","""$launchDir/data/true-proportions_intra-sample_ro1-dlpfc.rda""","deconrnaseq"
746,"Br3942_ant","k2","counts_adj","""$launchDir/data/sce_intra-sample_ro1-dlpfc.rda""","""$launchDir/data/ypb_intra-sample_ro1-dlpfc.rda""","""$launchDir/data/lindex_intra-sample_ro1-dlpfc.rda""","""$launchDir/data/true-proportions_intra-sample_ro1-dlpfc.rda""","deconrnaseq"
747,"Br3942_ant","k2","counts_adj","""$launchDir/data/sce_intra-sample_ro1-dlpfc.rda""","""$launchDir/data/ypb_intra-sample_ro1-dlpfc.rda""","""$launchDir/data/lindex_intra-sample_ro1-dlpfc.rda""","""$launchDir/data/true-proportions_intra-sample_ro1-dlpfc.rda""","deconrnaseq"
748,"Br3942_ant","k2","counts_adj","""$launchDir/data/sce_intra-sample_ro1-dlpfc.rda""","""$launchDir/data/ypb_intra-sample_ro1-dlpfc.rda""","""$launchDir/data/lindex_intra-sample_ro1-dlpfc.rda""","""$launchDir/data/true-proportions_intra-sample_ro1-dlpfc.rda""","deconrnaseq"
749,"Br3942_ant","k2","counts_adj","""$launchDir/data/sce_intra-sample_ro1-dlpfc.rda""","""$launchDir/data/ypb_intra-sample_ro1-dlpfc.rda""","""$launchDir/data/lindex_intra-sample_ro1-dlpfc.rda""","""$launchDir/data/true-proportions_intra-sample_ro1-dlpfc.rda""","deconrnaseq"
750,"Br3942_ant","k2","counts_adj","""$launchDir/data/sce_intra-sample_ro1-dlpfc.rda""","""$launchDir/data/ypb_intra-sample_ro1-dlpfc.rda""","""$launchDir/data/lindex_intra-sample_ro1-dlpfc.rda""","""$launchDir/data/true-proportions_intra-sample_ro1-dlpfc.rda""","deconrnaseq"
751,"Br3942_ant","k2","counts_adj","""$launchDir/data/sce_intra-sample_ro1-dlpfc.rda""","""$launchDir/data/ypb_intra-sample_ro1-dlpfc.rda""","""$launchDir/data/lindex_intra-sample_ro1-dlpfc.rda""","""$launchDir/data/true-proportions_intra-sample_ro1-dlpfc.rda""","deconrnaseq"
752,"Br3942_ant","k2","counts_adj","""$launchDir/data/sce_intra-sample_ro1-dlpfc.rda""","""$launchDir/data/ypb_intra-sample_ro1-dlpfc.rda""","""$launchDir/data/lindex_intra-sample_ro1-dlpfc.rda""","""$launchDir/data/true-proportions_intra-sample_ro1-dlpfc.rda""","deconrnaseq"
753,"Br3942_ant","k2","counts_adj","""$launchDir/data/sce_intra-sample_ro1-dlpfc.rda""","""$launchDir/data/ypb_intra-sample_ro1-dlpfc.rda""","""$launchDir/data/lindex_intra-sample_ro1-dlpfc.rda""","""$launchDir/data/true-proportions_intra-sample_ro1-dlpfc.rda""","deconrnaseq"
754,"Br3942_ant","k2","counts_adj","""$launchDir/data/sce_intra-sample_ro1-dlpfc.rda""","""$launchDir/data/ypb_intra-sample_ro1-dlpfc.rda""","""$launchDir/data/lindex_intra-sample_ro1-dlpfc.rda""","""$launchDir/data/true-proportions_intra-sample_ro1-dlpfc.rda""","deconrnaseq"
755,"Br3942_ant","k2","counts_adj","""$launchDir/data/sce_intra-sample_ro1-dlpfc.rda""","""$launchDir/data/ypb_intra-sample_ro1-dlpfc.rda""","""$launchDir/data/lindex_intra-sample_ro1-dlpfc.rda""","""$launchDir/data/true-proportions_intra-sample_ro1-dlpfc.rda""","deconrnaseq"
756,"Br3942_ant","k2","counts_adj","""$launchDir/data/sce_intra-sample_ro1-dlpfc.rda""","""$launchDir/data/ypb_intra-sample_ro1-dlpfc.rda""","""$launchDir/data/lindex_intra-sample_ro1-dlpfc.rda""","""$launchDir/data/true-proportions_intra-sample_ro1-dlpfc.rda""","deconrnaseq"
757,"Br3942_ant","k2","counts_adj","""$launchDir/data/sce_intra-sample_ro1-dlpfc.rda""","""$launchDir/data/ypb_intra-sample_ro1-dlpfc.rda""","""$launchDir/data/lindex_intra-sample_ro1-dlpfc.rda""","""$launchDir/data/true-proportions_intra-sample_ro1-dlpfc.rda""","deconrnaseq"
758,"Br3942_ant","k2","counts_adj","""$launchDir/data/sce_intra-sample_ro1-dlpfc.rda""","""$launchDir/data/ypb_intra-sample_ro1-dlpfc.rda""","""$launchDir/data/lindex_intra-sample_ro1-dlpfc.rda""","""$launchDir/data/true-proportions_intra-sample_ro1-dlpfc.rda""","deconrnaseq"
759,"Br3942_ant","k2","counts_adj","""$launchDir/data/sce_intra-sample_ro1-dlpfc.rda""","""$launchDir/data/ypb_intra-sample_ro1-dlpfc.rda""","""$launchDir/data/lindex_intra-sample_ro1-dlpfc.rda""","""$launchDir/data/true-proportions_intra-sample_ro1-dlpfc.rda""","deconrnaseq"
760,"Br3942_ant","k2","counts_adj","""$launchDir/data/sce_intra-sample_ro1-dlpfc.rda""","""$launchDir/data/ypb_intra-sample_ro1-dlpfc.rda""","""$launchDir/data/lindex_intra-sample_ro1-dlpfc.rda""","""$launchDir/data/true-proportions_intra-sample_ro1-dlpfc.rda""","deconrnaseq"
761,"Br3942_ant","k2","counts_adj","""$launchDir/data/sce_intra-sample_ro1-dlpfc.rda""","""$launchDir/data/ypb_intra-sample_ro1-dlpfc.rda""","""$launchDir/data/lindex_intra-sample_ro1-dlpfc.rda""","""$launchDir/data/true-proportions_intra-sample_ro1-dlpfc.rda""","deconrnaseq"
762,"Br3942_ant","k2","counts_adj","""$launchDir/data/sce_intra-sample_ro1-dlpfc.rda""","""$launchDir/data/ypb_intra-sample_ro1-dlpfc.rda""","""$launchDir/data/lindex_intra-sample_ro1-dlpfc.rda""","""$launchDir/data/true-proportions_intra-sample_ro1-dlpfc.rda""","deconrnaseq"
763,"Br3942_ant","k2","counts_adj","""$launchDir/data/sce_intra-sample_ro1-dlpfc.rda""","""$launchDir/data/ypb_intra-sample_ro1-dlpfc.rda""","""$launchDir/data/lindex_intra-sample_ro1-dlpfc.rda""","""$launchDir/data/true-proportions_intra-sample_ro1-dlpfc.rda""","deconrnaseq"
764,"Br3942_ant","k2","counts_adj","""$launchDir/data/sce_intra-sample_ro1-dlpfc.rda""","""$launchDir/data/ypb_intra-sample_ro1-dlpfc.rda""","""$launchDir/data/lindex_intra-sample_ro1-dlpfc.rda""","""$launchDir/data/true-proportions_intra-sample_ro1-dlpfc.rda""","deconrnaseq"
765,"Br3942_ant","k2","counts_adj","""$launchDir/data/sce_intra-sample_ro1-dlpfc.rda""","""$launchDir/data/ypb_intra-sample_ro1-dlpfc.rda""","""$launchDir/data/lindex_intra-sample_ro1-dlpfc.rda""","""$launchDir/data/true-proportions_intra-sample_ro1-dlpfc.rda""","deconrnaseq"
766,"Br3942_ant","k2","counts_adj","""$launchDir/data/sce_intra-sample_ro1-dlpfc.rda""","""$launchDir/data/ypb_intra-sample_ro1-dlpfc.rda""","""$launchDir/data/lindex_intra-sample_ro1-dlpfc.rda""","""$launchDir/data/true-proportions_intra-sample_ro1-dlpfc.rda""","deconrnaseq"
767,"Br3942_ant","k2","counts_adj","""$launchDir/data/sce_intra-sample_ro1-dlpfc.rda""","""$launchDir/data/ypb_intra-sample_ro1-dlpfc.rda""","""$launchDir/data/lindex_intra-sample_ro1-dlpfc.rda""","""$launchDir/data/true-proportions_intra-sample_ro1-dlpfc.rda""","deconrnaseq"
768,"Br3942_ant","k2","counts_adj","""$launchDir/data/sce_intra-sample_ro1-dlpfc.rda""","""$launchDir/data/ypb_intra-sample_ro1-dlpfc.rda""","""$launchDir/data/lindex_intra-sample_ro1-dlpfc.rda""","""$launchDir/data/true-proportions_intra-sample_ro1-dlpfc.rda""","deconrnaseq"
769,"Br3942_ant","k2","counts_adj","""$launchDir/data/sce_intra-sample_ro1-dlpfc.rda""","""$launchDir/data/ypb_intra-sample_ro1-dlpfc.rda""","""$launchDir/data/lindex_intra-sample_ro1-dlpfc.rda""","""$launchDir/data/true-proportions_intra-sample_ro1-dlpfc.rda""","deconrnaseq"
770,"Br3942_ant","k2","counts_adj","""$launchDir/data/sce_intra-sample_ro1-dlpfc.rda""","""$launchDir/data/ypb_intra-sample_ro1-dlpfc.rda""","""$launchDir/data/lindex_intra-sample_ro1-dlpfc.rda""","""$launchDir/data/true-proportions_intra-sample_ro1-dlpfc.rda""","deconrnaseq"
771,"Br3942_ant","k2","counts_adj","""$launchDir/data/sce_intra-sample_ro1-dlpfc.rda""","""$launchDir/data/ypb_intra-sample_ro1-dlpfc.rda""","""$launchDir/data/lindex_intra-sample_ro1-dlpfc.rda""","""$launchDir/data/true-proportions_intra-sample_ro1-dlpfc.rda""","deconrnaseq"
772,"Br3942_ant","k2","counts_adj","""$launchDir/data/sce_intra-sample_ro1-dlpfc.rda""","""$launchDir/data/ypb_intra-sample_ro1-dlpfc.rda""","""$launchDir/data/lindex_intra-sample_ro1-dlpfc.rda""","""$launchDir/data/true-proportions_intra-sample_ro1-dlpfc.rda""","deconrnaseq"
773,"Br3942_ant","k2","counts_adj","""$launchDir/data/sce_intra-sample_ro1-dlpfc.rda""","""$launchDir/data/ypb_intra-sample_ro1-dlpfc.rda""","""$launchDir/data/lindex_intra-sample_ro1-dlpfc.rda""","""$launchDir/data/true-proportions_intra-sample_ro1-dlpfc.rda""","deconrnaseq"
774,"Br3942_ant","k2","counts_adj","""$launchDir/data/sce_intra-sample_ro1-dlpfc.rda""","""$launchDir/data/ypb_intra-sample_ro1-dlpfc.rda""","""$launchDir/data/lindex_intra-sample_ro1-dlpfc.rda""","""$launchDir/data/true-proportions_intra-sample_ro1-dlpfc.rda""","deconrnaseq"
775,"Br3942_ant","k2","counts_adj","""$launchDir/data/sce_intra-sample_ro1-dlpfc.rda""","""$launchDir/data/ypb_intra-sample_ro1-dlpfc.rda""","""$launchDir/data/lindex_intra-sample_ro1-dlpfc.rda""","""$launchDir/data/true-proportions_intra-sample_ro1-dlpfc.rda""","deconrnaseq"
776,"Br3942_ant","k2","counts_adj","""$launchDir/data/sce_intra-sample_ro1-dlpfc.rda""","""$launchDir/data/ypb_intra-sample_ro1-dlpfc.rda""","""$launchDir/data/lindex_intra-sample_ro1-dlpfc.rda""","""$launchDir/data/true-proportions_intra-sample_ro1-dlpfc.rda""","deconrnaseq"
777,"Br3942_ant","k2","counts_adj","""$launchDir/data/sce_intra-sample_ro1-dlpfc.rda""","""$launchDir/data/ypb_intra-sample_ro1-dlpfc.rda""","""$launchDir/data/lindex_intra-sample_ro1-dlpfc.rda""","""$launchDir/data/true-proportions_intra-sample_ro1-dlpfc.rda""","deconrnaseq"
778,"Br3942_ant","k2","counts_adj","""$launchDir/data/sce_intra-sample_ro1-dlpfc.rda""","""$launchDir/data/ypb_intra-sample_ro1-dlpfc.rda""","""$launchDir/data/lindex_intra-sample_ro1-dlpfc.rda""","""$launchDir/data/true-proportions_intra-sample_ro1-dlpfc.rda""","deconrnaseq"
779,"Br3942_ant","k2","counts_adj","""$launchDir/data/sce_intra-sample_ro1-dlpfc.rda""","""$launchDir/data/ypb_intra-sample_ro1-dlpfc.rda""","""$launchDir/data/lindex_intra-sample_ro1-dlpfc.rda""","""$launchDir/data/true-proportions_intra-sample_ro1-dlpfc.rda""","deconrnaseq"
780,"Br3942_ant","k2","counts_adj","""$launchDir/data/sce_intra-sample_ro1-dlpfc.rda""","""$launchDir/data/ypb_intra-sample_ro1-dlpfc.rda""","""$launchDir/data/lindex_intra-sample_ro1-dlpfc.rda""","""$launchDir/data/true-proportions_intra-sample_ro1-dlpfc.rda""","deconrnaseq"
781,"Br3942_ant","k2","counts_adj","""$launchDir/data/sce_intra-sample_ro1-dlpfc.rda""","""$launchDir/data/ypb_intra-sample_ro1-dlpfc.rda""","""$launchDir/data/lindex_intra-sample_ro1-dlpfc.rda""","""$launchDir/data/true-proportions_intra-sample_ro1-dlpfc.rda""","deconrnaseq"
782,"Br3942_ant","k2","counts_adj","""$launchDir/data/sce_intra-sample_ro1-dlpfc.rda""","""$launchDir/data/ypb_intra-sample_ro1-dlpfc.rda""","""$launchDir/data/lindex_intra-sample_ro1-dlpfc.rda""","""$launchDir/data/true-proportions_intra-sample_ro1-dlpfc.rda""","deconrnaseq"
783,"Br3942_ant","k2","counts_adj","""$launchDir/data/sce_intra-sample_ro1-dlpfc.rda""","""$launchDir/data/ypb_intra-sample_ro1-dlpfc.rda""","""$launchDir/data/lindex_intra-sample_ro1-dlpfc.rda""","""$launchDir/data/true-proportions_intra-sample_ro1-dlpfc.rda""","deconrnaseq"
784,"Br3942_ant","k2","counts_adj","""$launchDir/data/sce_intra-sample_ro1-dlpfc.rda""","""$launchDir/data/ypb_intra-sample_ro1-dlpfc.rda""","""$launchDir/data/lindex_intra-sample_ro1-dlpfc.rda""","""$launchDir/data/true-proportions_intra-sample_ro1-dlpfc.rda""","deconrnaseq"
785,"Br3942_ant","k2","counts_adj","""$launchDir/data/sce_intra-sample_ro1-dlpfc.rda""","""$launchDir/data/ypb_intra-sample_ro1-dlpfc.rda""","""$launchDir/data/lindex_intra-sample_ro1-dlpfc.rda""","""$launchDir/data/true-proportions_intra-sample_ro1-dlpfc.rda""","deconrnaseq"
786,"Br3942_ant","k2","counts_adj","""$launchDir/data/sce_intra-sample_ro1-dlpfc.rda""","""$launchDir/data/ypb_intra-sample_ro1-dlpfc.rda""","""$launchDir/data/lindex_intra-sample_ro1-dlpfc.rda""","""$launchDir/data/true-proportions_intra-sample_ro1-dlpfc.rda""","deconrnaseq"
787,"Br3942_ant","k2","counts_adj","""$launchDir/data/sce_intra-sample_ro1-dlpfc.rda""","""$launchDir/data/ypb_intra-sample_ro1-dlpfc.rda""","""$launchDir/data/lindex_intra-sample_ro1-dlpfc.rda""","""$launchDir/data/true-proportions_intra-sample_ro1-dlpfc.rda""","deconrnaseq"
788,"Br3942_ant","k2","counts_adj","""$launchDir/data/sce_intra-sample_ro1-dlpfc.rda""","""$launchDir/data/ypb_intra-sample_ro1-dlpfc.rda""","""$launchDir/data/lindex_intra-sample_ro1-dlpfc.rda""","""$launchDir/data/true-proportions_intra-sample_ro1-dlpfc.rda""","deconrnaseq"
789,"Br3942_ant","k2","counts_adj","""$launchDir/data/sce_intra-sample_ro1-dlpfc.rda""","""$launchDir/data/ypb_intra-sample_ro1-dlpfc.rda""","""$launchDir/data/lindex_intra-sample_ro1-dlpfc.rda""","""$launchDir/data/true-proportions_intra-sample_ro1-dlpfc.rda""","deconrnaseq"
790,"Br3942_ant","k2","counts_adj","""$launchDir/data/sce_intra-sample_ro1-dlpfc.rda""","""$launchDir/data/ypb_intra-sample_ro1-dlpfc.rda""","""$launchDir/data/lindex_intra-sample_ro1-dlpfc.rda""","""$launchDir/data/true-proportions_intra-sample_ro1-dlpfc.rda""","deconrnaseq"
791,"Br3942_ant","k2","counts_adj","""$launchDir/data/sce_intra-sample_ro1-dlpfc.rda""","""$launchDir/data/ypb_intra-sample_ro1-dlpfc.rda""","""$launchDir/data/lindex_intra-sample_ro1-dlpfc.rda""","""$launchDir/data/true-proportions_intra-sample_ro1-dlpfc.rda""","deconrnaseq"
792,"Br3942_ant","k2","counts_adj","""$launchDir/data/sce_intra-sample_ro1-dlpfc.rda""","""$launchDir/data/ypb_intra-sample_ro1-dlpfc.rda""","""$launchDir/data/lindex_intra-sample_ro1-dlpfc.rda""","""$launchDir/data/true-proportions_intra-sample_ro1-dlpfc.rda""","deconrnaseq"
793,"Br3942_ant","k2","counts_adj","""$launchDir/data/sce_intra-sample_ro1-dlpfc.rda""","""$launchDir/data/ypb_intra-sample_ro1-dlpfc.rda""","""$launchDir/data/lindex_intra-sample_ro1-dlpfc.rda""","""$launchDir/data/true-proportions_intra-sample_ro1-dlpfc.rda""","deconrnaseq"
794,"Br3942_ant","k2","counts_adj","""$launchDir/data/sce_intra-sample_ro1-dlpfc.rda""","""$launchDir/data/ypb_intra-sample_ro1-dlpfc.rda""","""$launchDir/data/lindex_intra-sample_ro1-dlpfc.rda""","""$launchDir/data/true-proportions_intra-sample_ro1-dlpfc.rda""","deconrnaseq"
795,"Br3942_ant","k2","counts_adj","""$launchDir/data/sce_intra-sample_ro1-dlpfc.rda""","""$launchDir/data/ypb_intra-sample_ro1-dlpfc.rda""","""$launchDir/data/lindex_intra-sample_ro1-dlpfc.rda""","""$launchDir/data/true-proportions_intra-sample_ro1-dlpfc.rda""","deconrnaseq"
796,"Br3942_ant","k2","counts_adj","""$launchDir/data/sce_intra-sample_ro1-dlpfc.rda""","""$launchDir/data/ypb_intra-sample_ro1-dlpfc.rda""","""$launchDir/data/lindex_intra-sample_ro1-dlpfc.rda""","""$launchDir/data/true-proportions_intra-sample_ro1-dlpfc.rda""","deconrnaseq"
797,"Br3942_ant","k2","counts_adj","""$launchDir/data/sce_intra-sample_ro1-dlpfc.rda""","""$launchDir/data/ypb_intra-sample_ro1-dlpfc.rda""","""$launchDir/data/lindex_intra-sample_ro1-dlpfc.rda""","""$launchDir/data/true-proportions_intra-sample_ro1-dlpfc.rda""","deconrnaseq"
798,"Br3942_ant","k2","counts_adj","""$launchDir/data/sce_intra-sample_ro1-dlpfc.rda""","""$launchDir/data/ypb_intra-sample_ro1-dlpfc.rda""","""$launchDir/data/lindex_intra-sample_ro1-dlpfc.rda""","""$launchDir/data/true-proportions_intra-sample_ro1-dlpfc.rda""","deconrnaseq"
799,"Br3942_ant","k2","counts_adj","""$launchDir/data/sce_intra-sample_ro1-dlpfc.rda""","""$launchDir/data/ypb_intra-sample_ro1-dlpfc.rda""","""$launchDir/data/lindex_intra-sample_ro1-dlpfc.rda""","""$launchDir/data/true-proportions_intra-sample_ro1-dlpfc.rda""","deconrnaseq"
800,"Br3942_ant","k2","counts_adj","""$launchDir/data/sce_intra-sample_ro1-dlpfc.rda""","""$launchDir/data/ypb_intra-sample_ro1-dlpfc.rda""","""$launchDir/data/lindex_intra-sample_ro1-dlpfc.rda""","""$launchDir/data/true-proportions_intra-sample_ro1-dlpfc.rda""","deconrnaseq"
