"iterations_index","sample_id","celltype_variable","assay_name","sce_filepath","bulk_filepath","list_index_filepath","true_proportions_filepath","method"
801,"Br3942_ant","k2","counts_adj","""$launchDir/data/sce_intra-sample_ro1-dlpfc.rda""","""$launchDir/data/ypb_intra-sample_ro1-dlpfc.rda""","""$launchDir/data/lindex_intra-sample_ro1-dlpfc.rda""","""$launchDir/data/true-proportions_intra-sample_ro1-dlpfc.rda""","deconrnaseq"
802,"Br3942_ant","k2","counts_adj","""$launchDir/data/sce_intra-sample_ro1-dlpfc.rda""","""$launchDir/data/ypb_intra-sample_ro1-dlpfc.rda""","""$launchDir/data/lindex_intra-sample_ro1-dlpfc.rda""","""$launchDir/data/true-proportions_intra-sample_ro1-dlpfc.rda""","deconrnaseq"
803,"Br3942_ant","k2","counts_adj","""$launchDir/data/sce_intra-sample_ro1-dlpfc.rda""","""$launchDir/data/ypb_intra-sample_ro1-dlpfc.rda""","""$launchDir/data/lindex_intra-sample_ro1-dlpfc.rda""","""$launchDir/data/true-proportions_intra-sample_ro1-dlpfc.rda""","deconrnaseq"
804,"Br3942_ant","k2","counts_adj","""$launchDir/data/sce_intra-sample_ro1-dlpfc.rda""","""$launchDir/data/ypb_intra-sample_ro1-dlpfc.rda""","""$launchDir/data/lindex_intra-sample_ro1-dlpfc.rda""","""$launchDir/data/true-proportions_intra-sample_ro1-dlpfc.rda""","deconrnaseq"
805,"Br3942_ant","k2","counts_adj","""$launchDir/data/sce_intra-sample_ro1-dlpfc.rda""","""$launchDir/data/ypb_intra-sample_ro1-dlpfc.rda""","""$launchDir/data/lindex_intra-sample_ro1-dlpfc.rda""","""$launchDir/data/true-proportions_intra-sample_ro1-dlpfc.rda""","deconrnaseq"
806,"Br3942_ant","k2","counts_adj","""$launchDir/data/sce_intra-sample_ro1-dlpfc.rda""","""$launchDir/data/ypb_intra-sample_ro1-dlpfc.rda""","""$launchDir/data/lindex_intra-sample_ro1-dlpfc.rda""","""$launchDir/data/true-proportions_intra-sample_ro1-dlpfc.rda""","deconrnaseq"
807,"Br3942_ant","k2","counts_adj","""$launchDir/data/sce_intra-sample_ro1-dlpfc.rda""","""$launchDir/data/ypb_intra-sample_ro1-dlpfc.rda""","""$launchDir/data/lindex_intra-sample_ro1-dlpfc.rda""","""$launchDir/data/true-proportions_intra-sample_ro1-dlpfc.rda""","deconrnaseq"
808,"Br3942_ant","k2","counts_adj","""$launchDir/data/sce_intra-sample_ro1-dlpfc.rda""","""$launchDir/data/ypb_intra-sample_ro1-dlpfc.rda""","""$launchDir/data/lindex_intra-sample_ro1-dlpfc.rda""","""$launchDir/data/true-proportions_intra-sample_ro1-dlpfc.rda""","deconrnaseq"
809,"Br3942_ant","k2","counts_adj","""$launchDir/data/sce_intra-sample_ro1-dlpfc.rda""","""$launchDir/data/ypb_intra-sample_ro1-dlpfc.rda""","""$launchDir/data/lindex_intra-sample_ro1-dlpfc.rda""","""$launchDir/data/true-proportions_intra-sample_ro1-dlpfc.rda""","deconrnaseq"
810,"Br3942_ant","k2","counts_adj","""$launchDir/data/sce_intra-sample_ro1-dlpfc.rda""","""$launchDir/data/ypb_intra-sample_ro1-dlpfc.rda""","""$launchDir/data/lindex_intra-sample_ro1-dlpfc.rda""","""$launchDir/data/true-proportions_intra-sample_ro1-dlpfc.rda""","deconrnaseq"
811,"Br3942_ant","k2","counts_adj","""$launchDir/data/sce_intra-sample_ro1-dlpfc.rda""","""$launchDir/data/ypb_intra-sample_ro1-dlpfc.rda""","""$launchDir/data/lindex_intra-sample_ro1-dlpfc.rda""","""$launchDir/data/true-proportions_intra-sample_ro1-dlpfc.rda""","deconrnaseq"
812,"Br3942_ant","k2","counts_adj","""$launchDir/data/sce_intra-sample_ro1-dlpfc.rda""","""$launchDir/data/ypb_intra-sample_ro1-dlpfc.rda""","""$launchDir/data/lindex_intra-sample_ro1-dlpfc.rda""","""$launchDir/data/true-proportions_intra-sample_ro1-dlpfc.rda""","deconrnaseq"
813,"Br3942_ant","k2","counts_adj","""$launchDir/data/sce_intra-sample_ro1-dlpfc.rda""","""$launchDir/data/ypb_intra-sample_ro1-dlpfc.rda""","""$launchDir/data/lindex_intra-sample_ro1-dlpfc.rda""","""$launchDir/data/true-proportions_intra-sample_ro1-dlpfc.rda""","deconrnaseq"
814,"Br3942_ant","k2","counts_adj","""$launchDir/data/sce_intra-sample_ro1-dlpfc.rda""","""$launchDir/data/ypb_intra-sample_ro1-dlpfc.rda""","""$launchDir/data/lindex_intra-sample_ro1-dlpfc.rda""","""$launchDir/data/true-proportions_intra-sample_ro1-dlpfc.rda""","deconrnaseq"
815,"Br3942_ant","k2","counts_adj","""$launchDir/data/sce_intra-sample_ro1-dlpfc.rda""","""$launchDir/data/ypb_intra-sample_ro1-dlpfc.rda""","""$launchDir/data/lindex_intra-sample_ro1-dlpfc.rda""","""$launchDir/data/true-proportions_intra-sample_ro1-dlpfc.rda""","deconrnaseq"
816,"Br3942_ant","k2","counts_adj","""$launchDir/data/sce_intra-sample_ro1-dlpfc.rda""","""$launchDir/data/ypb_intra-sample_ro1-dlpfc.rda""","""$launchDir/data/lindex_intra-sample_ro1-dlpfc.rda""","""$launchDir/data/true-proportions_intra-sample_ro1-dlpfc.rda""","deconrnaseq"
817,"Br3942_ant","k2","counts_adj","""$launchDir/data/sce_intra-sample_ro1-dlpfc.rda""","""$launchDir/data/ypb_intra-sample_ro1-dlpfc.rda""","""$launchDir/data/lindex_intra-sample_ro1-dlpfc.rda""","""$launchDir/data/true-proportions_intra-sample_ro1-dlpfc.rda""","deconrnaseq"
818,"Br3942_ant","k2","counts_adj","""$launchDir/data/sce_intra-sample_ro1-dlpfc.rda""","""$launchDir/data/ypb_intra-sample_ro1-dlpfc.rda""","""$launchDir/data/lindex_intra-sample_ro1-dlpfc.rda""","""$launchDir/data/true-proportions_intra-sample_ro1-dlpfc.rda""","deconrnaseq"
819,"Br3942_ant","k2","counts_adj","""$launchDir/data/sce_intra-sample_ro1-dlpfc.rda""","""$launchDir/data/ypb_intra-sample_ro1-dlpfc.rda""","""$launchDir/data/lindex_intra-sample_ro1-dlpfc.rda""","""$launchDir/data/true-proportions_intra-sample_ro1-dlpfc.rda""","deconrnaseq"
820,"Br3942_ant","k2","counts_adj","""$launchDir/data/sce_intra-sample_ro1-dlpfc.rda""","""$launchDir/data/ypb_intra-sample_ro1-dlpfc.rda""","""$launchDir/data/lindex_intra-sample_ro1-dlpfc.rda""","""$launchDir/data/true-proportions_intra-sample_ro1-dlpfc.rda""","deconrnaseq"
821,"Br3942_ant","k2","counts_adj","""$launchDir/data/sce_intra-sample_ro1-dlpfc.rda""","""$launchDir/data/ypb_intra-sample_ro1-dlpfc.rda""","""$launchDir/data/lindex_intra-sample_ro1-dlpfc.rda""","""$launchDir/data/true-proportions_intra-sample_ro1-dlpfc.rda""","deconrnaseq"
822,"Br3942_ant","k2","counts_adj","""$launchDir/data/sce_intra-sample_ro1-dlpfc.rda""","""$launchDir/data/ypb_intra-sample_ro1-dlpfc.rda""","""$launchDir/data/lindex_intra-sample_ro1-dlpfc.rda""","""$launchDir/data/true-proportions_intra-sample_ro1-dlpfc.rda""","deconrnaseq"
823,"Br3942_ant","k2","counts_adj","""$launchDir/data/sce_intra-sample_ro1-dlpfc.rda""","""$launchDir/data/ypb_intra-sample_ro1-dlpfc.rda""","""$launchDir/data/lindex_intra-sample_ro1-dlpfc.rda""","""$launchDir/data/true-proportions_intra-sample_ro1-dlpfc.rda""","deconrnaseq"
824,"Br3942_ant","k2","counts_adj","""$launchDir/data/sce_intra-sample_ro1-dlpfc.rda""","""$launchDir/data/ypb_intra-sample_ro1-dlpfc.rda""","""$launchDir/data/lindex_intra-sample_ro1-dlpfc.rda""","""$launchDir/data/true-proportions_intra-sample_ro1-dlpfc.rda""","deconrnaseq"
825,"Br3942_ant","k2","counts_adj","""$launchDir/data/sce_intra-sample_ro1-dlpfc.rda""","""$launchDir/data/ypb_intra-sample_ro1-dlpfc.rda""","""$launchDir/data/lindex_intra-sample_ro1-dlpfc.rda""","""$launchDir/data/true-proportions_intra-sample_ro1-dlpfc.rda""","deconrnaseq"
826,"Br3942_ant","k2","counts_adj","""$launchDir/data/sce_intra-sample_ro1-dlpfc.rda""","""$launchDir/data/ypb_intra-sample_ro1-dlpfc.rda""","""$launchDir/data/lindex_intra-sample_ro1-dlpfc.rda""","""$launchDir/data/true-proportions_intra-sample_ro1-dlpfc.rda""","deconrnaseq"
827,"Br3942_ant","k2","counts_adj","""$launchDir/data/sce_intra-sample_ro1-dlpfc.rda""","""$launchDir/data/ypb_intra-sample_ro1-dlpfc.rda""","""$launchDir/data/lindex_intra-sample_ro1-dlpfc.rda""","""$launchDir/data/true-proportions_intra-sample_ro1-dlpfc.rda""","deconrnaseq"
828,"Br3942_ant","k2","counts_adj","""$launchDir/data/sce_intra-sample_ro1-dlpfc.rda""","""$launchDir/data/ypb_intra-sample_ro1-dlpfc.rda""","""$launchDir/data/lindex_intra-sample_ro1-dlpfc.rda""","""$launchDir/data/true-proportions_intra-sample_ro1-dlpfc.rda""","deconrnaseq"
829,"Br3942_ant","k2","counts_adj","""$launchDir/data/sce_intra-sample_ro1-dlpfc.rda""","""$launchDir/data/ypb_intra-sample_ro1-dlpfc.rda""","""$launchDir/data/lindex_intra-sample_ro1-dlpfc.rda""","""$launchDir/data/true-proportions_intra-sample_ro1-dlpfc.rda""","deconrnaseq"
830,"Br3942_ant","k2","counts_adj","""$launchDir/data/sce_intra-sample_ro1-dlpfc.rda""","""$launchDir/data/ypb_intra-sample_ro1-dlpfc.rda""","""$launchDir/data/lindex_intra-sample_ro1-dlpfc.rda""","""$launchDir/data/true-proportions_intra-sample_ro1-dlpfc.rda""","deconrnaseq"
831,"Br3942_ant","k2","counts_adj","""$launchDir/data/sce_intra-sample_ro1-dlpfc.rda""","""$launchDir/data/ypb_intra-sample_ro1-dlpfc.rda""","""$launchDir/data/lindex_intra-sample_ro1-dlpfc.rda""","""$launchDir/data/true-proportions_intra-sample_ro1-dlpfc.rda""","deconrnaseq"
832,"Br3942_ant","k2","counts_adj","""$launchDir/data/sce_intra-sample_ro1-dlpfc.rda""","""$launchDir/data/ypb_intra-sample_ro1-dlpfc.rda""","""$launchDir/data/lindex_intra-sample_ro1-dlpfc.rda""","""$launchDir/data/true-proportions_intra-sample_ro1-dlpfc.rda""","deconrnaseq"
833,"Br3942_ant","k2","counts_adj","""$launchDir/data/sce_intra-sample_ro1-dlpfc.rda""","""$launchDir/data/ypb_intra-sample_ro1-dlpfc.rda""","""$launchDir/data/lindex_intra-sample_ro1-dlpfc.rda""","""$launchDir/data/true-proportions_intra-sample_ro1-dlpfc.rda""","deconrnaseq"
834,"Br3942_ant","k2","counts_adj","""$launchDir/data/sce_intra-sample_ro1-dlpfc.rda""","""$launchDir/data/ypb_intra-sample_ro1-dlpfc.rda""","""$launchDir/data/lindex_intra-sample_ro1-dlpfc.rda""","""$launchDir/data/true-proportions_intra-sample_ro1-dlpfc.rda""","deconrnaseq"
835,"Br3942_ant","k2","counts_adj","""$launchDir/data/sce_intra-sample_ro1-dlpfc.rda""","""$launchDir/data/ypb_intra-sample_ro1-dlpfc.rda""","""$launchDir/data/lindex_intra-sample_ro1-dlpfc.rda""","""$launchDir/data/true-proportions_intra-sample_ro1-dlpfc.rda""","deconrnaseq"
836,"Br3942_ant","k2","counts_adj","""$launchDir/data/sce_intra-sample_ro1-dlpfc.rda""","""$launchDir/data/ypb_intra-sample_ro1-dlpfc.rda""","""$launchDir/data/lindex_intra-sample_ro1-dlpfc.rda""","""$launchDir/data/true-proportions_intra-sample_ro1-dlpfc.rda""","deconrnaseq"
837,"Br3942_ant","k2","counts_adj","""$launchDir/data/sce_intra-sample_ro1-dlpfc.rda""","""$launchDir/data/ypb_intra-sample_ro1-dlpfc.rda""","""$launchDir/data/lindex_intra-sample_ro1-dlpfc.rda""","""$launchDir/data/true-proportions_intra-sample_ro1-dlpfc.rda""","deconrnaseq"
838,"Br3942_ant","k2","counts_adj","""$launchDir/data/sce_intra-sample_ro1-dlpfc.rda""","""$launchDir/data/ypb_intra-sample_ro1-dlpfc.rda""","""$launchDir/data/lindex_intra-sample_ro1-dlpfc.rda""","""$launchDir/data/true-proportions_intra-sample_ro1-dlpfc.rda""","deconrnaseq"
839,"Br3942_ant","k2","counts_adj","""$launchDir/data/sce_intra-sample_ro1-dlpfc.rda""","""$launchDir/data/ypb_intra-sample_ro1-dlpfc.rda""","""$launchDir/data/lindex_intra-sample_ro1-dlpfc.rda""","""$launchDir/data/true-proportions_intra-sample_ro1-dlpfc.rda""","deconrnaseq"
840,"Br3942_ant","k2","counts_adj","""$launchDir/data/sce_intra-sample_ro1-dlpfc.rda""","""$launchDir/data/ypb_intra-sample_ro1-dlpfc.rda""","""$launchDir/data/lindex_intra-sample_ro1-dlpfc.rda""","""$launchDir/data/true-proportions_intra-sample_ro1-dlpfc.rda""","deconrnaseq"
841,"Br3942_ant","k2","counts_adj","""$launchDir/data/sce_intra-sample_ro1-dlpfc.rda""","""$launchDir/data/ypb_intra-sample_ro1-dlpfc.rda""","""$launchDir/data/lindex_intra-sample_ro1-dlpfc.rda""","""$launchDir/data/true-proportions_intra-sample_ro1-dlpfc.rda""","deconrnaseq"
842,"Br3942_ant","k2","counts_adj","""$launchDir/data/sce_intra-sample_ro1-dlpfc.rda""","""$launchDir/data/ypb_intra-sample_ro1-dlpfc.rda""","""$launchDir/data/lindex_intra-sample_ro1-dlpfc.rda""","""$launchDir/data/true-proportions_intra-sample_ro1-dlpfc.rda""","deconrnaseq"
843,"Br3942_ant","k2","counts_adj","""$launchDir/data/sce_intra-sample_ro1-dlpfc.rda""","""$launchDir/data/ypb_intra-sample_ro1-dlpfc.rda""","""$launchDir/data/lindex_intra-sample_ro1-dlpfc.rda""","""$launchDir/data/true-proportions_intra-sample_ro1-dlpfc.rda""","deconrnaseq"
844,"Br3942_ant","k2","counts_adj","""$launchDir/data/sce_intra-sample_ro1-dlpfc.rda""","""$launchDir/data/ypb_intra-sample_ro1-dlpfc.rda""","""$launchDir/data/lindex_intra-sample_ro1-dlpfc.rda""","""$launchDir/data/true-proportions_intra-sample_ro1-dlpfc.rda""","deconrnaseq"
845,"Br3942_ant","k2","counts_adj","""$launchDir/data/sce_intra-sample_ro1-dlpfc.rda""","""$launchDir/data/ypb_intra-sample_ro1-dlpfc.rda""","""$launchDir/data/lindex_intra-sample_ro1-dlpfc.rda""","""$launchDir/data/true-proportions_intra-sample_ro1-dlpfc.rda""","deconrnaseq"
846,"Br3942_ant","k2","counts_adj","""$launchDir/data/sce_intra-sample_ro1-dlpfc.rda""","""$launchDir/data/ypb_intra-sample_ro1-dlpfc.rda""","""$launchDir/data/lindex_intra-sample_ro1-dlpfc.rda""","""$launchDir/data/true-proportions_intra-sample_ro1-dlpfc.rda""","deconrnaseq"
847,"Br3942_ant","k2","counts_adj","""$launchDir/data/sce_intra-sample_ro1-dlpfc.rda""","""$launchDir/data/ypb_intra-sample_ro1-dlpfc.rda""","""$launchDir/data/lindex_intra-sample_ro1-dlpfc.rda""","""$launchDir/data/true-proportions_intra-sample_ro1-dlpfc.rda""","deconrnaseq"
848,"Br3942_ant","k2","counts_adj","""$launchDir/data/sce_intra-sample_ro1-dlpfc.rda""","""$launchDir/data/ypb_intra-sample_ro1-dlpfc.rda""","""$launchDir/data/lindex_intra-sample_ro1-dlpfc.rda""","""$launchDir/data/true-proportions_intra-sample_ro1-dlpfc.rda""","deconrnaseq"
849,"Br3942_ant","k2","counts_adj","""$launchDir/data/sce_intra-sample_ro1-dlpfc.rda""","""$launchDir/data/ypb_intra-sample_ro1-dlpfc.rda""","""$launchDir/data/lindex_intra-sample_ro1-dlpfc.rda""","""$launchDir/data/true-proportions_intra-sample_ro1-dlpfc.rda""","deconrnaseq"
850,"Br3942_ant","k2","counts_adj","""$launchDir/data/sce_intra-sample_ro1-dlpfc.rda""","""$launchDir/data/ypb_intra-sample_ro1-dlpfc.rda""","""$launchDir/data/lindex_intra-sample_ro1-dlpfc.rda""","""$launchDir/data/true-proportions_intra-sample_ro1-dlpfc.rda""","deconrnaseq"
851,"Br3942_ant","k2","counts_adj","""$launchDir/data/sce_intra-sample_ro1-dlpfc.rda""","""$launchDir/data/ypb_intra-sample_ro1-dlpfc.rda""","""$launchDir/data/lindex_intra-sample_ro1-dlpfc.rda""","""$launchDir/data/true-proportions_intra-sample_ro1-dlpfc.rda""","deconrnaseq"
852,"Br3942_ant","k2","counts_adj","""$launchDir/data/sce_intra-sample_ro1-dlpfc.rda""","""$launchDir/data/ypb_intra-sample_ro1-dlpfc.rda""","""$launchDir/data/lindex_intra-sample_ro1-dlpfc.rda""","""$launchDir/data/true-proportions_intra-sample_ro1-dlpfc.rda""","deconrnaseq"
853,"Br3942_ant","k2","counts_adj","""$launchDir/data/sce_intra-sample_ro1-dlpfc.rda""","""$launchDir/data/ypb_intra-sample_ro1-dlpfc.rda""","""$launchDir/data/lindex_intra-sample_ro1-dlpfc.rda""","""$launchDir/data/true-proportions_intra-sample_ro1-dlpfc.rda""","deconrnaseq"
854,"Br3942_ant","k2","counts_adj","""$launchDir/data/sce_intra-sample_ro1-dlpfc.rda""","""$launchDir/data/ypb_intra-sample_ro1-dlpfc.rda""","""$launchDir/data/lindex_intra-sample_ro1-dlpfc.rda""","""$launchDir/data/true-proportions_intra-sample_ro1-dlpfc.rda""","deconrnaseq"
855,"Br3942_ant","k2","counts_adj","""$launchDir/data/sce_intra-sample_ro1-dlpfc.rda""","""$launchDir/data/ypb_intra-sample_ro1-dlpfc.rda""","""$launchDir/data/lindex_intra-sample_ro1-dlpfc.rda""","""$launchDir/data/true-proportions_intra-sample_ro1-dlpfc.rda""","deconrnaseq"
856,"Br3942_ant","k2","counts_adj","""$launchDir/data/sce_intra-sample_ro1-dlpfc.rda""","""$launchDir/data/ypb_intra-sample_ro1-dlpfc.rda""","""$launchDir/data/lindex_intra-sample_ro1-dlpfc.rda""","""$launchDir/data/true-proportions_intra-sample_ro1-dlpfc.rda""","deconrnaseq"
857,"Br3942_ant","k2","counts_adj","""$launchDir/data/sce_intra-sample_ro1-dlpfc.rda""","""$launchDir/data/ypb_intra-sample_ro1-dlpfc.rda""","""$launchDir/data/lindex_intra-sample_ro1-dlpfc.rda""","""$launchDir/data/true-proportions_intra-sample_ro1-dlpfc.rda""","deconrnaseq"
858,"Br3942_ant","k2","counts_adj","""$launchDir/data/sce_intra-sample_ro1-dlpfc.rda""","""$launchDir/data/ypb_intra-sample_ro1-dlpfc.rda""","""$launchDir/data/lindex_intra-sample_ro1-dlpfc.rda""","""$launchDir/data/true-proportions_intra-sample_ro1-dlpfc.rda""","deconrnaseq"
859,"Br3942_ant","k2","counts_adj","""$launchDir/data/sce_intra-sample_ro1-dlpfc.rda""","""$launchDir/data/ypb_intra-sample_ro1-dlpfc.rda""","""$launchDir/data/lindex_intra-sample_ro1-dlpfc.rda""","""$launchDir/data/true-proportions_intra-sample_ro1-dlpfc.rda""","deconrnaseq"
860,"Br3942_ant","k2","counts_adj","""$launchDir/data/sce_intra-sample_ro1-dlpfc.rda""","""$launchDir/data/ypb_intra-sample_ro1-dlpfc.rda""","""$launchDir/data/lindex_intra-sample_ro1-dlpfc.rda""","""$launchDir/data/true-proportions_intra-sample_ro1-dlpfc.rda""","deconrnaseq"
861,"Br3942_ant","k2","counts_adj","""$launchDir/data/sce_intra-sample_ro1-dlpfc.rda""","""$launchDir/data/ypb_intra-sample_ro1-dlpfc.rda""","""$launchDir/data/lindex_intra-sample_ro1-dlpfc.rda""","""$launchDir/data/true-proportions_intra-sample_ro1-dlpfc.rda""","deconrnaseq"
862,"Br3942_ant","k2","counts_adj","""$launchDir/data/sce_intra-sample_ro1-dlpfc.rda""","""$launchDir/data/ypb_intra-sample_ro1-dlpfc.rda""","""$launchDir/data/lindex_intra-sample_ro1-dlpfc.rda""","""$launchDir/data/true-proportions_intra-sample_ro1-dlpfc.rda""","deconrnaseq"
863,"Br3942_ant","k2","counts_adj","""$launchDir/data/sce_intra-sample_ro1-dlpfc.rda""","""$launchDir/data/ypb_intra-sample_ro1-dlpfc.rda""","""$launchDir/data/lindex_intra-sample_ro1-dlpfc.rda""","""$launchDir/data/true-proportions_intra-sample_ro1-dlpfc.rda""","deconrnaseq"
864,"Br3942_ant","k2","counts_adj","""$launchDir/data/sce_intra-sample_ro1-dlpfc.rda""","""$launchDir/data/ypb_intra-sample_ro1-dlpfc.rda""","""$launchDir/data/lindex_intra-sample_ro1-dlpfc.rda""","""$launchDir/data/true-proportions_intra-sample_ro1-dlpfc.rda""","deconrnaseq"
865,"Br3942_ant","k2","counts_adj","""$launchDir/data/sce_intra-sample_ro1-dlpfc.rda""","""$launchDir/data/ypb_intra-sample_ro1-dlpfc.rda""","""$launchDir/data/lindex_intra-sample_ro1-dlpfc.rda""","""$launchDir/data/true-proportions_intra-sample_ro1-dlpfc.rda""","deconrnaseq"
866,"Br3942_ant","k2","counts_adj","""$launchDir/data/sce_intra-sample_ro1-dlpfc.rda""","""$launchDir/data/ypb_intra-sample_ro1-dlpfc.rda""","""$launchDir/data/lindex_intra-sample_ro1-dlpfc.rda""","""$launchDir/data/true-proportions_intra-sample_ro1-dlpfc.rda""","deconrnaseq"
867,"Br3942_ant","k2","counts_adj","""$launchDir/data/sce_intra-sample_ro1-dlpfc.rda""","""$launchDir/data/ypb_intra-sample_ro1-dlpfc.rda""","""$launchDir/data/lindex_intra-sample_ro1-dlpfc.rda""","""$launchDir/data/true-proportions_intra-sample_ro1-dlpfc.rda""","deconrnaseq"
868,"Br3942_ant","k2","counts_adj","""$launchDir/data/sce_intra-sample_ro1-dlpfc.rda""","""$launchDir/data/ypb_intra-sample_ro1-dlpfc.rda""","""$launchDir/data/lindex_intra-sample_ro1-dlpfc.rda""","""$launchDir/data/true-proportions_intra-sample_ro1-dlpfc.rda""","deconrnaseq"
869,"Br3942_ant","k2","counts_adj","""$launchDir/data/sce_intra-sample_ro1-dlpfc.rda""","""$launchDir/data/ypb_intra-sample_ro1-dlpfc.rda""","""$launchDir/data/lindex_intra-sample_ro1-dlpfc.rda""","""$launchDir/data/true-proportions_intra-sample_ro1-dlpfc.rda""","deconrnaseq"
870,"Br3942_ant","k2","counts_adj","""$launchDir/data/sce_intra-sample_ro1-dlpfc.rda""","""$launchDir/data/ypb_intra-sample_ro1-dlpfc.rda""","""$launchDir/data/lindex_intra-sample_ro1-dlpfc.rda""","""$launchDir/data/true-proportions_intra-sample_ro1-dlpfc.rda""","deconrnaseq"
871,"Br3942_ant","k2","counts_adj","""$launchDir/data/sce_intra-sample_ro1-dlpfc.rda""","""$launchDir/data/ypb_intra-sample_ro1-dlpfc.rda""","""$launchDir/data/lindex_intra-sample_ro1-dlpfc.rda""","""$launchDir/data/true-proportions_intra-sample_ro1-dlpfc.rda""","deconrnaseq"
872,"Br3942_ant","k2","counts_adj","""$launchDir/data/sce_intra-sample_ro1-dlpfc.rda""","""$launchDir/data/ypb_intra-sample_ro1-dlpfc.rda""","""$launchDir/data/lindex_intra-sample_ro1-dlpfc.rda""","""$launchDir/data/true-proportions_intra-sample_ro1-dlpfc.rda""","deconrnaseq"
873,"Br3942_ant","k2","counts_adj","""$launchDir/data/sce_intra-sample_ro1-dlpfc.rda""","""$launchDir/data/ypb_intra-sample_ro1-dlpfc.rda""","""$launchDir/data/lindex_intra-sample_ro1-dlpfc.rda""","""$launchDir/data/true-proportions_intra-sample_ro1-dlpfc.rda""","deconrnaseq"
874,"Br3942_ant","k2","counts_adj","""$launchDir/data/sce_intra-sample_ro1-dlpfc.rda""","""$launchDir/data/ypb_intra-sample_ro1-dlpfc.rda""","""$launchDir/data/lindex_intra-sample_ro1-dlpfc.rda""","""$launchDir/data/true-proportions_intra-sample_ro1-dlpfc.rda""","deconrnaseq"
875,"Br3942_ant","k2","counts_adj","""$launchDir/data/sce_intra-sample_ro1-dlpfc.rda""","""$launchDir/data/ypb_intra-sample_ro1-dlpfc.rda""","""$launchDir/data/lindex_intra-sample_ro1-dlpfc.rda""","""$launchDir/data/true-proportions_intra-sample_ro1-dlpfc.rda""","deconrnaseq"
876,"Br3942_ant","k2","counts_adj","""$launchDir/data/sce_intra-sample_ro1-dlpfc.rda""","""$launchDir/data/ypb_intra-sample_ro1-dlpfc.rda""","""$launchDir/data/lindex_intra-sample_ro1-dlpfc.rda""","""$launchDir/data/true-proportions_intra-sample_ro1-dlpfc.rda""","deconrnaseq"
877,"Br3942_ant","k2","counts_adj","""$launchDir/data/sce_intra-sample_ro1-dlpfc.rda""","""$launchDir/data/ypb_intra-sample_ro1-dlpfc.rda""","""$launchDir/data/lindex_intra-sample_ro1-dlpfc.rda""","""$launchDir/data/true-proportions_intra-sample_ro1-dlpfc.rda""","deconrnaseq"
878,"Br3942_ant","k2","counts_adj","""$launchDir/data/sce_intra-sample_ro1-dlpfc.rda""","""$launchDir/data/ypb_intra-sample_ro1-dlpfc.rda""","""$launchDir/data/lindex_intra-sample_ro1-dlpfc.rda""","""$launchDir/data/true-proportions_intra-sample_ro1-dlpfc.rda""","deconrnaseq"
879,"Br3942_ant","k2","counts_adj","""$launchDir/data/sce_intra-sample_ro1-dlpfc.rda""","""$launchDir/data/ypb_intra-sample_ro1-dlpfc.rda""","""$launchDir/data/lindex_intra-sample_ro1-dlpfc.rda""","""$launchDir/data/true-proportions_intra-sample_ro1-dlpfc.rda""","deconrnaseq"
880,"Br3942_ant","k2","counts_adj","""$launchDir/data/sce_intra-sample_ro1-dlpfc.rda""","""$launchDir/data/ypb_intra-sample_ro1-dlpfc.rda""","""$launchDir/data/lindex_intra-sample_ro1-dlpfc.rda""","""$launchDir/data/true-proportions_intra-sample_ro1-dlpfc.rda""","deconrnaseq"
881,"Br3942_ant","k2","counts_adj","""$launchDir/data/sce_intra-sample_ro1-dlpfc.rda""","""$launchDir/data/ypb_intra-sample_ro1-dlpfc.rda""","""$launchDir/data/lindex_intra-sample_ro1-dlpfc.rda""","""$launchDir/data/true-proportions_intra-sample_ro1-dlpfc.rda""","deconrnaseq"
882,"Br3942_ant","k2","counts_adj","""$launchDir/data/sce_intra-sample_ro1-dlpfc.rda""","""$launchDir/data/ypb_intra-sample_ro1-dlpfc.rda""","""$launchDir/data/lindex_intra-sample_ro1-dlpfc.rda""","""$launchDir/data/true-proportions_intra-sample_ro1-dlpfc.rda""","deconrnaseq"
883,"Br3942_ant","k2","counts_adj","""$launchDir/data/sce_intra-sample_ro1-dlpfc.rda""","""$launchDir/data/ypb_intra-sample_ro1-dlpfc.rda""","""$launchDir/data/lindex_intra-sample_ro1-dlpfc.rda""","""$launchDir/data/true-proportions_intra-sample_ro1-dlpfc.rda""","deconrnaseq"
884,"Br3942_ant","k2","counts_adj","""$launchDir/data/sce_intra-sample_ro1-dlpfc.rda""","""$launchDir/data/ypb_intra-sample_ro1-dlpfc.rda""","""$launchDir/data/lindex_intra-sample_ro1-dlpfc.rda""","""$launchDir/data/true-proportions_intra-sample_ro1-dlpfc.rda""","deconrnaseq"
885,"Br3942_ant","k2","counts_adj","""$launchDir/data/sce_intra-sample_ro1-dlpfc.rda""","""$launchDir/data/ypb_intra-sample_ro1-dlpfc.rda""","""$launchDir/data/lindex_intra-sample_ro1-dlpfc.rda""","""$launchDir/data/true-proportions_intra-sample_ro1-dlpfc.rda""","deconrnaseq"
886,"Br3942_ant","k2","counts_adj","""$launchDir/data/sce_intra-sample_ro1-dlpfc.rda""","""$launchDir/data/ypb_intra-sample_ro1-dlpfc.rda""","""$launchDir/data/lindex_intra-sample_ro1-dlpfc.rda""","""$launchDir/data/true-proportions_intra-sample_ro1-dlpfc.rda""","deconrnaseq"
887,"Br3942_ant","k2","counts_adj","""$launchDir/data/sce_intra-sample_ro1-dlpfc.rda""","""$launchDir/data/ypb_intra-sample_ro1-dlpfc.rda""","""$launchDir/data/lindex_intra-sample_ro1-dlpfc.rda""","""$launchDir/data/true-proportions_intra-sample_ro1-dlpfc.rda""","deconrnaseq"
888,"Br3942_ant","k2","counts_adj","""$launchDir/data/sce_intra-sample_ro1-dlpfc.rda""","""$launchDir/data/ypb_intra-sample_ro1-dlpfc.rda""","""$launchDir/data/lindex_intra-sample_ro1-dlpfc.rda""","""$launchDir/data/true-proportions_intra-sample_ro1-dlpfc.rda""","deconrnaseq"
889,"Br3942_ant","k2","counts_adj","""$launchDir/data/sce_intra-sample_ro1-dlpfc.rda""","""$launchDir/data/ypb_intra-sample_ro1-dlpfc.rda""","""$launchDir/data/lindex_intra-sample_ro1-dlpfc.rda""","""$launchDir/data/true-proportions_intra-sample_ro1-dlpfc.rda""","deconrnaseq"
890,"Br3942_ant","k2","counts_adj","""$launchDir/data/sce_intra-sample_ro1-dlpfc.rda""","""$launchDir/data/ypb_intra-sample_ro1-dlpfc.rda""","""$launchDir/data/lindex_intra-sample_ro1-dlpfc.rda""","""$launchDir/data/true-proportions_intra-sample_ro1-dlpfc.rda""","deconrnaseq"
891,"Br3942_ant","k2","counts_adj","""$launchDir/data/sce_intra-sample_ro1-dlpfc.rda""","""$launchDir/data/ypb_intra-sample_ro1-dlpfc.rda""","""$launchDir/data/lindex_intra-sample_ro1-dlpfc.rda""","""$launchDir/data/true-proportions_intra-sample_ro1-dlpfc.rda""","deconrnaseq"
892,"Br3942_ant","k2","counts_adj","""$launchDir/data/sce_intra-sample_ro1-dlpfc.rda""","""$launchDir/data/ypb_intra-sample_ro1-dlpfc.rda""","""$launchDir/data/lindex_intra-sample_ro1-dlpfc.rda""","""$launchDir/data/true-proportions_intra-sample_ro1-dlpfc.rda""","deconrnaseq"
893,"Br3942_ant","k2","counts_adj","""$launchDir/data/sce_intra-sample_ro1-dlpfc.rda""","""$launchDir/data/ypb_intra-sample_ro1-dlpfc.rda""","""$launchDir/data/lindex_intra-sample_ro1-dlpfc.rda""","""$launchDir/data/true-proportions_intra-sample_ro1-dlpfc.rda""","deconrnaseq"
894,"Br3942_ant","k2","counts_adj","""$launchDir/data/sce_intra-sample_ro1-dlpfc.rda""","""$launchDir/data/ypb_intra-sample_ro1-dlpfc.rda""","""$launchDir/data/lindex_intra-sample_ro1-dlpfc.rda""","""$launchDir/data/true-proportions_intra-sample_ro1-dlpfc.rda""","deconrnaseq"
895,"Br3942_ant","k2","counts_adj","""$launchDir/data/sce_intra-sample_ro1-dlpfc.rda""","""$launchDir/data/ypb_intra-sample_ro1-dlpfc.rda""","""$launchDir/data/lindex_intra-sample_ro1-dlpfc.rda""","""$launchDir/data/true-proportions_intra-sample_ro1-dlpfc.rda""","deconrnaseq"
896,"Br3942_ant","k2","counts_adj","""$launchDir/data/sce_intra-sample_ro1-dlpfc.rda""","""$launchDir/data/ypb_intra-sample_ro1-dlpfc.rda""","""$launchDir/data/lindex_intra-sample_ro1-dlpfc.rda""","""$launchDir/data/true-proportions_intra-sample_ro1-dlpfc.rda""","deconrnaseq"
897,"Br3942_ant","k2","counts_adj","""$launchDir/data/sce_intra-sample_ro1-dlpfc.rda""","""$launchDir/data/ypb_intra-sample_ro1-dlpfc.rda""","""$launchDir/data/lindex_intra-sample_ro1-dlpfc.rda""","""$launchDir/data/true-proportions_intra-sample_ro1-dlpfc.rda""","deconrnaseq"
898,"Br3942_ant","k2","counts_adj","""$launchDir/data/sce_intra-sample_ro1-dlpfc.rda""","""$launchDir/data/ypb_intra-sample_ro1-dlpfc.rda""","""$launchDir/data/lindex_intra-sample_ro1-dlpfc.rda""","""$launchDir/data/true-proportions_intra-sample_ro1-dlpfc.rda""","deconrnaseq"
899,"Br3942_ant","k2","counts_adj","""$launchDir/data/sce_intra-sample_ro1-dlpfc.rda""","""$launchDir/data/ypb_intra-sample_ro1-dlpfc.rda""","""$launchDir/data/lindex_intra-sample_ro1-dlpfc.rda""","""$launchDir/data/true-proportions_intra-sample_ro1-dlpfc.rda""","deconrnaseq"
900,"Br3942_ant","k2","counts_adj","""$launchDir/data/sce_intra-sample_ro1-dlpfc.rda""","""$launchDir/data/ypb_intra-sample_ro1-dlpfc.rda""","""$launchDir/data/lindex_intra-sample_ro1-dlpfc.rda""","""$launchDir/data/true-proportions_intra-sample_ro1-dlpfc.rda""","deconrnaseq"
901,"Br3942_ant","k2","counts_adj","""$launchDir/data/sce_intra-sample_ro1-dlpfc.rda""","""$launchDir/data/ypb_intra-sample_ro1-dlpfc.rda""","""$launchDir/data/lindex_intra-sample_ro1-dlpfc.rda""","""$launchDir/data/true-proportions_intra-sample_ro1-dlpfc.rda""","deconrnaseq"
902,"Br3942_ant","k2","counts_adj","""$launchDir/data/sce_intra-sample_ro1-dlpfc.rda""","""$launchDir/data/ypb_intra-sample_ro1-dlpfc.rda""","""$launchDir/data/lindex_intra-sample_ro1-dlpfc.rda""","""$launchDir/data/true-proportions_intra-sample_ro1-dlpfc.rda""","deconrnaseq"
903,"Br3942_ant","k2","counts_adj","""$launchDir/data/sce_intra-sample_ro1-dlpfc.rda""","""$launchDir/data/ypb_intra-sample_ro1-dlpfc.rda""","""$launchDir/data/lindex_intra-sample_ro1-dlpfc.rda""","""$launchDir/data/true-proportions_intra-sample_ro1-dlpfc.rda""","deconrnaseq"
904,"Br3942_ant","k2","counts_adj","""$launchDir/data/sce_intra-sample_ro1-dlpfc.rda""","""$launchDir/data/ypb_intra-sample_ro1-dlpfc.rda""","""$launchDir/data/lindex_intra-sample_ro1-dlpfc.rda""","""$launchDir/data/true-proportions_intra-sample_ro1-dlpfc.rda""","deconrnaseq"
905,"Br3942_ant","k2","counts_adj","""$launchDir/data/sce_intra-sample_ro1-dlpfc.rda""","""$launchDir/data/ypb_intra-sample_ro1-dlpfc.rda""","""$launchDir/data/lindex_intra-sample_ro1-dlpfc.rda""","""$launchDir/data/true-proportions_intra-sample_ro1-dlpfc.rda""","deconrnaseq"
906,"Br3942_ant","k2","counts_adj","""$launchDir/data/sce_intra-sample_ro1-dlpfc.rda""","""$launchDir/data/ypb_intra-sample_ro1-dlpfc.rda""","""$launchDir/data/lindex_intra-sample_ro1-dlpfc.rda""","""$launchDir/data/true-proportions_intra-sample_ro1-dlpfc.rda""","deconrnaseq"
907,"Br3942_ant","k2","counts_adj","""$launchDir/data/sce_intra-sample_ro1-dlpfc.rda""","""$launchDir/data/ypb_intra-sample_ro1-dlpfc.rda""","""$launchDir/data/lindex_intra-sample_ro1-dlpfc.rda""","""$launchDir/data/true-proportions_intra-sample_ro1-dlpfc.rda""","deconrnaseq"
908,"Br3942_ant","k2","counts_adj","""$launchDir/data/sce_intra-sample_ro1-dlpfc.rda""","""$launchDir/data/ypb_intra-sample_ro1-dlpfc.rda""","""$launchDir/data/lindex_intra-sample_ro1-dlpfc.rda""","""$launchDir/data/true-proportions_intra-sample_ro1-dlpfc.rda""","deconrnaseq"
909,"Br3942_ant","k2","counts_adj","""$launchDir/data/sce_intra-sample_ro1-dlpfc.rda""","""$launchDir/data/ypb_intra-sample_ro1-dlpfc.rda""","""$launchDir/data/lindex_intra-sample_ro1-dlpfc.rda""","""$launchDir/data/true-proportions_intra-sample_ro1-dlpfc.rda""","deconrnaseq"
910,"Br3942_ant","k2","counts_adj","""$launchDir/data/sce_intra-sample_ro1-dlpfc.rda""","""$launchDir/data/ypb_intra-sample_ro1-dlpfc.rda""","""$launchDir/data/lindex_intra-sample_ro1-dlpfc.rda""","""$launchDir/data/true-proportions_intra-sample_ro1-dlpfc.rda""","deconrnaseq"
911,"Br3942_ant","k2","counts_adj","""$launchDir/data/sce_intra-sample_ro1-dlpfc.rda""","""$launchDir/data/ypb_intra-sample_ro1-dlpfc.rda""","""$launchDir/data/lindex_intra-sample_ro1-dlpfc.rda""","""$launchDir/data/true-proportions_intra-sample_ro1-dlpfc.rda""","deconrnaseq"
912,"Br3942_ant","k2","counts_adj","""$launchDir/data/sce_intra-sample_ro1-dlpfc.rda""","""$launchDir/data/ypb_intra-sample_ro1-dlpfc.rda""","""$launchDir/data/lindex_intra-sample_ro1-dlpfc.rda""","""$launchDir/data/true-proportions_intra-sample_ro1-dlpfc.rda""","deconrnaseq"
913,"Br3942_ant","k2","counts_adj","""$launchDir/data/sce_intra-sample_ro1-dlpfc.rda""","""$launchDir/data/ypb_intra-sample_ro1-dlpfc.rda""","""$launchDir/data/lindex_intra-sample_ro1-dlpfc.rda""","""$launchDir/data/true-proportions_intra-sample_ro1-dlpfc.rda""","deconrnaseq"
914,"Br3942_ant","k2","counts_adj","""$launchDir/data/sce_intra-sample_ro1-dlpfc.rda""","""$launchDir/data/ypb_intra-sample_ro1-dlpfc.rda""","""$launchDir/data/lindex_intra-sample_ro1-dlpfc.rda""","""$launchDir/data/true-proportions_intra-sample_ro1-dlpfc.rda""","deconrnaseq"
915,"Br3942_ant","k2","counts_adj","""$launchDir/data/sce_intra-sample_ro1-dlpfc.rda""","""$launchDir/data/ypb_intra-sample_ro1-dlpfc.rda""","""$launchDir/data/lindex_intra-sample_ro1-dlpfc.rda""","""$launchDir/data/true-proportions_intra-sample_ro1-dlpfc.rda""","deconrnaseq"
916,"Br3942_ant","k2","counts_adj","""$launchDir/data/sce_intra-sample_ro1-dlpfc.rda""","""$launchDir/data/ypb_intra-sample_ro1-dlpfc.rda""","""$launchDir/data/lindex_intra-sample_ro1-dlpfc.rda""","""$launchDir/data/true-proportions_intra-sample_ro1-dlpfc.rda""","deconrnaseq"
917,"Br3942_ant","k2","counts_adj","""$launchDir/data/sce_intra-sample_ro1-dlpfc.rda""","""$launchDir/data/ypb_intra-sample_ro1-dlpfc.rda""","""$launchDir/data/lindex_intra-sample_ro1-dlpfc.rda""","""$launchDir/data/true-proportions_intra-sample_ro1-dlpfc.rda""","deconrnaseq"
918,"Br3942_ant","k2","counts_adj","""$launchDir/data/sce_intra-sample_ro1-dlpfc.rda""","""$launchDir/data/ypb_intra-sample_ro1-dlpfc.rda""","""$launchDir/data/lindex_intra-sample_ro1-dlpfc.rda""","""$launchDir/data/true-proportions_intra-sample_ro1-dlpfc.rda""","deconrnaseq"
919,"Br3942_ant","k2","counts_adj","""$launchDir/data/sce_intra-sample_ro1-dlpfc.rda""","""$launchDir/data/ypb_intra-sample_ro1-dlpfc.rda""","""$launchDir/data/lindex_intra-sample_ro1-dlpfc.rda""","""$launchDir/data/true-proportions_intra-sample_ro1-dlpfc.rda""","deconrnaseq"
920,"Br3942_ant","k2","counts_adj","""$launchDir/data/sce_intra-sample_ro1-dlpfc.rda""","""$launchDir/data/ypb_intra-sample_ro1-dlpfc.rda""","""$launchDir/data/lindex_intra-sample_ro1-dlpfc.rda""","""$launchDir/data/true-proportions_intra-sample_ro1-dlpfc.rda""","deconrnaseq"
921,"Br3942_ant","k2","counts_adj","""$launchDir/data/sce_intra-sample_ro1-dlpfc.rda""","""$launchDir/data/ypb_intra-sample_ro1-dlpfc.rda""","""$launchDir/data/lindex_intra-sample_ro1-dlpfc.rda""","""$launchDir/data/true-proportions_intra-sample_ro1-dlpfc.rda""","deconrnaseq"
922,"Br3942_ant","k2","counts_adj","""$launchDir/data/sce_intra-sample_ro1-dlpfc.rda""","""$launchDir/data/ypb_intra-sample_ro1-dlpfc.rda""","""$launchDir/data/lindex_intra-sample_ro1-dlpfc.rda""","""$launchDir/data/true-proportions_intra-sample_ro1-dlpfc.rda""","deconrnaseq"
923,"Br3942_ant","k2","counts_adj","""$launchDir/data/sce_intra-sample_ro1-dlpfc.rda""","""$launchDir/data/ypb_intra-sample_ro1-dlpfc.rda""","""$launchDir/data/lindex_intra-sample_ro1-dlpfc.rda""","""$launchDir/data/true-proportions_intra-sample_ro1-dlpfc.rda""","deconrnaseq"
924,"Br3942_ant","k2","counts_adj","""$launchDir/data/sce_intra-sample_ro1-dlpfc.rda""","""$launchDir/data/ypb_intra-sample_ro1-dlpfc.rda""","""$launchDir/data/lindex_intra-sample_ro1-dlpfc.rda""","""$launchDir/data/true-proportions_intra-sample_ro1-dlpfc.rda""","deconrnaseq"
925,"Br3942_ant","k2","counts_adj","""$launchDir/data/sce_intra-sample_ro1-dlpfc.rda""","""$launchDir/data/ypb_intra-sample_ro1-dlpfc.rda""","""$launchDir/data/lindex_intra-sample_ro1-dlpfc.rda""","""$launchDir/data/true-proportions_intra-sample_ro1-dlpfc.rda""","deconrnaseq"
926,"Br3942_ant","k2","counts_adj","""$launchDir/data/sce_intra-sample_ro1-dlpfc.rda""","""$launchDir/data/ypb_intra-sample_ro1-dlpfc.rda""","""$launchDir/data/lindex_intra-sample_ro1-dlpfc.rda""","""$launchDir/data/true-proportions_intra-sample_ro1-dlpfc.rda""","deconrnaseq"
927,"Br3942_ant","k2","counts_adj","""$launchDir/data/sce_intra-sample_ro1-dlpfc.rda""","""$launchDir/data/ypb_intra-sample_ro1-dlpfc.rda""","""$launchDir/data/lindex_intra-sample_ro1-dlpfc.rda""","""$launchDir/data/true-proportions_intra-sample_ro1-dlpfc.rda""","deconrnaseq"
928,"Br3942_ant","k2","counts_adj","""$launchDir/data/sce_intra-sample_ro1-dlpfc.rda""","""$launchDir/data/ypb_intra-sample_ro1-dlpfc.rda""","""$launchDir/data/lindex_intra-sample_ro1-dlpfc.rda""","""$launchDir/data/true-proportions_intra-sample_ro1-dlpfc.rda""","deconrnaseq"
929,"Br3942_ant","k2","counts_adj","""$launchDir/data/sce_intra-sample_ro1-dlpfc.rda""","""$launchDir/data/ypb_intra-sample_ro1-dlpfc.rda""","""$launchDir/data/lindex_intra-sample_ro1-dlpfc.rda""","""$launchDir/data/true-proportions_intra-sample_ro1-dlpfc.rda""","deconrnaseq"
930,"Br3942_ant","k2","counts_adj","""$launchDir/data/sce_intra-sample_ro1-dlpfc.rda""","""$launchDir/data/ypb_intra-sample_ro1-dlpfc.rda""","""$launchDir/data/lindex_intra-sample_ro1-dlpfc.rda""","""$launchDir/data/true-proportions_intra-sample_ro1-dlpfc.rda""","deconrnaseq"
931,"Br3942_ant","k2","counts_adj","""$launchDir/data/sce_intra-sample_ro1-dlpfc.rda""","""$launchDir/data/ypb_intra-sample_ro1-dlpfc.rda""","""$launchDir/data/lindex_intra-sample_ro1-dlpfc.rda""","""$launchDir/data/true-proportions_intra-sample_ro1-dlpfc.rda""","deconrnaseq"
932,"Br3942_ant","k2","counts_adj","""$launchDir/data/sce_intra-sample_ro1-dlpfc.rda""","""$launchDir/data/ypb_intra-sample_ro1-dlpfc.rda""","""$launchDir/data/lindex_intra-sample_ro1-dlpfc.rda""","""$launchDir/data/true-proportions_intra-sample_ro1-dlpfc.rda""","deconrnaseq"
933,"Br3942_ant","k2","counts_adj","""$launchDir/data/sce_intra-sample_ro1-dlpfc.rda""","""$launchDir/data/ypb_intra-sample_ro1-dlpfc.rda""","""$launchDir/data/lindex_intra-sample_ro1-dlpfc.rda""","""$launchDir/data/true-proportions_intra-sample_ro1-dlpfc.rda""","deconrnaseq"
934,"Br3942_ant","k2","counts_adj","""$launchDir/data/sce_intra-sample_ro1-dlpfc.rda""","""$launchDir/data/ypb_intra-sample_ro1-dlpfc.rda""","""$launchDir/data/lindex_intra-sample_ro1-dlpfc.rda""","""$launchDir/data/true-proportions_intra-sample_ro1-dlpfc.rda""","deconrnaseq"
935,"Br3942_ant","k2","counts_adj","""$launchDir/data/sce_intra-sample_ro1-dlpfc.rda""","""$launchDir/data/ypb_intra-sample_ro1-dlpfc.rda""","""$launchDir/data/lindex_intra-sample_ro1-dlpfc.rda""","""$launchDir/data/true-proportions_intra-sample_ro1-dlpfc.rda""","deconrnaseq"
936,"Br3942_ant","k2","counts_adj","""$launchDir/data/sce_intra-sample_ro1-dlpfc.rda""","""$launchDir/data/ypb_intra-sample_ro1-dlpfc.rda""","""$launchDir/data/lindex_intra-sample_ro1-dlpfc.rda""","""$launchDir/data/true-proportions_intra-sample_ro1-dlpfc.rda""","deconrnaseq"
937,"Br3942_ant","k2","counts_adj","""$launchDir/data/sce_intra-sample_ro1-dlpfc.rda""","""$launchDir/data/ypb_intra-sample_ro1-dlpfc.rda""","""$launchDir/data/lindex_intra-sample_ro1-dlpfc.rda""","""$launchDir/data/true-proportions_intra-sample_ro1-dlpfc.rda""","deconrnaseq"
938,"Br3942_ant","k2","counts_adj","""$launchDir/data/sce_intra-sample_ro1-dlpfc.rda""","""$launchDir/data/ypb_intra-sample_ro1-dlpfc.rda""","""$launchDir/data/lindex_intra-sample_ro1-dlpfc.rda""","""$launchDir/data/true-proportions_intra-sample_ro1-dlpfc.rda""","deconrnaseq"
939,"Br3942_ant","k2","counts_adj","""$launchDir/data/sce_intra-sample_ro1-dlpfc.rda""","""$launchDir/data/ypb_intra-sample_ro1-dlpfc.rda""","""$launchDir/data/lindex_intra-sample_ro1-dlpfc.rda""","""$launchDir/data/true-proportions_intra-sample_ro1-dlpfc.rda""","deconrnaseq"
940,"Br3942_ant","k2","counts_adj","""$launchDir/data/sce_intra-sample_ro1-dlpfc.rda""","""$launchDir/data/ypb_intra-sample_ro1-dlpfc.rda""","""$launchDir/data/lindex_intra-sample_ro1-dlpfc.rda""","""$launchDir/data/true-proportions_intra-sample_ro1-dlpfc.rda""","deconrnaseq"
941,"Br3942_ant","k2","counts_adj","""$launchDir/data/sce_intra-sample_ro1-dlpfc.rda""","""$launchDir/data/ypb_intra-sample_ro1-dlpfc.rda""","""$launchDir/data/lindex_intra-sample_ro1-dlpfc.rda""","""$launchDir/data/true-proportions_intra-sample_ro1-dlpfc.rda""","deconrnaseq"
942,"Br3942_ant","k2","counts_adj","""$launchDir/data/sce_intra-sample_ro1-dlpfc.rda""","""$launchDir/data/ypb_intra-sample_ro1-dlpfc.rda""","""$launchDir/data/lindex_intra-sample_ro1-dlpfc.rda""","""$launchDir/data/true-proportions_intra-sample_ro1-dlpfc.rda""","deconrnaseq"
943,"Br3942_ant","k2","counts_adj","""$launchDir/data/sce_intra-sample_ro1-dlpfc.rda""","""$launchDir/data/ypb_intra-sample_ro1-dlpfc.rda""","""$launchDir/data/lindex_intra-sample_ro1-dlpfc.rda""","""$launchDir/data/true-proportions_intra-sample_ro1-dlpfc.rda""","deconrnaseq"
944,"Br3942_ant","k2","counts_adj","""$launchDir/data/sce_intra-sample_ro1-dlpfc.rda""","""$launchDir/data/ypb_intra-sample_ro1-dlpfc.rda""","""$launchDir/data/lindex_intra-sample_ro1-dlpfc.rda""","""$launchDir/data/true-proportions_intra-sample_ro1-dlpfc.rda""","deconrnaseq"
945,"Br3942_ant","k2","counts_adj","""$launchDir/data/sce_intra-sample_ro1-dlpfc.rda""","""$launchDir/data/ypb_intra-sample_ro1-dlpfc.rda""","""$launchDir/data/lindex_intra-sample_ro1-dlpfc.rda""","""$launchDir/data/true-proportions_intra-sample_ro1-dlpfc.rda""","deconrnaseq"
946,"Br3942_ant","k2","counts_adj","""$launchDir/data/sce_intra-sample_ro1-dlpfc.rda""","""$launchDir/data/ypb_intra-sample_ro1-dlpfc.rda""","""$launchDir/data/lindex_intra-sample_ro1-dlpfc.rda""","""$launchDir/data/true-proportions_intra-sample_ro1-dlpfc.rda""","deconrnaseq"
947,"Br3942_ant","k2","counts_adj","""$launchDir/data/sce_intra-sample_ro1-dlpfc.rda""","""$launchDir/data/ypb_intra-sample_ro1-dlpfc.rda""","""$launchDir/data/lindex_intra-sample_ro1-dlpfc.rda""","""$launchDir/data/true-proportions_intra-sample_ro1-dlpfc.rda""","deconrnaseq"
948,"Br3942_ant","k2","counts_adj","""$launchDir/data/sce_intra-sample_ro1-dlpfc.rda""","""$launchDir/data/ypb_intra-sample_ro1-dlpfc.rda""","""$launchDir/data/lindex_intra-sample_ro1-dlpfc.rda""","""$launchDir/data/true-proportions_intra-sample_ro1-dlpfc.rda""","deconrnaseq"
949,"Br3942_ant","k2","counts_adj","""$launchDir/data/sce_intra-sample_ro1-dlpfc.rda""","""$launchDir/data/ypb_intra-sample_ro1-dlpfc.rda""","""$launchDir/data/lindex_intra-sample_ro1-dlpfc.rda""","""$launchDir/data/true-proportions_intra-sample_ro1-dlpfc.rda""","deconrnaseq"
950,"Br3942_ant","k2","counts_adj","""$launchDir/data/sce_intra-sample_ro1-dlpfc.rda""","""$launchDir/data/ypb_intra-sample_ro1-dlpfc.rda""","""$launchDir/data/lindex_intra-sample_ro1-dlpfc.rda""","""$launchDir/data/true-proportions_intra-sample_ro1-dlpfc.rda""","deconrnaseq"
951,"Br3942_ant","k2","counts_adj","""$launchDir/data/sce_intra-sample_ro1-dlpfc.rda""","""$launchDir/data/ypb_intra-sample_ro1-dlpfc.rda""","""$launchDir/data/lindex_intra-sample_ro1-dlpfc.rda""","""$launchDir/data/true-proportions_intra-sample_ro1-dlpfc.rda""","deconrnaseq"
952,"Br3942_ant","k2","counts_adj","""$launchDir/data/sce_intra-sample_ro1-dlpfc.rda""","""$launchDir/data/ypb_intra-sample_ro1-dlpfc.rda""","""$launchDir/data/lindex_intra-sample_ro1-dlpfc.rda""","""$launchDir/data/true-proportions_intra-sample_ro1-dlpfc.rda""","deconrnaseq"
953,"Br3942_ant","k2","counts_adj","""$launchDir/data/sce_intra-sample_ro1-dlpfc.rda""","""$launchDir/data/ypb_intra-sample_ro1-dlpfc.rda""","""$launchDir/data/lindex_intra-sample_ro1-dlpfc.rda""","""$launchDir/data/true-proportions_intra-sample_ro1-dlpfc.rda""","deconrnaseq"
954,"Br3942_ant","k2","counts_adj","""$launchDir/data/sce_intra-sample_ro1-dlpfc.rda""","""$launchDir/data/ypb_intra-sample_ro1-dlpfc.rda""","""$launchDir/data/lindex_intra-sample_ro1-dlpfc.rda""","""$launchDir/data/true-proportions_intra-sample_ro1-dlpfc.rda""","deconrnaseq"
955,"Br3942_ant","k2","counts_adj","""$launchDir/data/sce_intra-sample_ro1-dlpfc.rda""","""$launchDir/data/ypb_intra-sample_ro1-dlpfc.rda""","""$launchDir/data/lindex_intra-sample_ro1-dlpfc.rda""","""$launchDir/data/true-proportions_intra-sample_ro1-dlpfc.rda""","deconrnaseq"
956,"Br3942_ant","k2","counts_adj","""$launchDir/data/sce_intra-sample_ro1-dlpfc.rda""","""$launchDir/data/ypb_intra-sample_ro1-dlpfc.rda""","""$launchDir/data/lindex_intra-sample_ro1-dlpfc.rda""","""$launchDir/data/true-proportions_intra-sample_ro1-dlpfc.rda""","deconrnaseq"
957,"Br3942_ant","k2","counts_adj","""$launchDir/data/sce_intra-sample_ro1-dlpfc.rda""","""$launchDir/data/ypb_intra-sample_ro1-dlpfc.rda""","""$launchDir/data/lindex_intra-sample_ro1-dlpfc.rda""","""$launchDir/data/true-proportions_intra-sample_ro1-dlpfc.rda""","deconrnaseq"
958,"Br3942_ant","k2","counts_adj","""$launchDir/data/sce_intra-sample_ro1-dlpfc.rda""","""$launchDir/data/ypb_intra-sample_ro1-dlpfc.rda""","""$launchDir/data/lindex_intra-sample_ro1-dlpfc.rda""","""$launchDir/data/true-proportions_intra-sample_ro1-dlpfc.rda""","deconrnaseq"
959,"Br3942_ant","k2","counts_adj","""$launchDir/data/sce_intra-sample_ro1-dlpfc.rda""","""$launchDir/data/ypb_intra-sample_ro1-dlpfc.rda""","""$launchDir/data/lindex_intra-sample_ro1-dlpfc.rda""","""$launchDir/data/true-proportions_intra-sample_ro1-dlpfc.rda""","deconrnaseq"
960,"Br3942_ant","k2","counts_adj","""$launchDir/data/sce_intra-sample_ro1-dlpfc.rda""","""$launchDir/data/ypb_intra-sample_ro1-dlpfc.rda""","""$launchDir/data/lindex_intra-sample_ro1-dlpfc.rda""","""$launchDir/data/true-proportions_intra-sample_ro1-dlpfc.rda""","deconrnaseq"
961,"Br3942_ant","k2","counts_adj","""$launchDir/data/sce_intra-sample_ro1-dlpfc.rda""","""$launchDir/data/ypb_intra-sample_ro1-dlpfc.rda""","""$launchDir/data/lindex_intra-sample_ro1-dlpfc.rda""","""$launchDir/data/true-proportions_intra-sample_ro1-dlpfc.rda""","deconrnaseq"
962,"Br3942_ant","k2","counts_adj","""$launchDir/data/sce_intra-sample_ro1-dlpfc.rda""","""$launchDir/data/ypb_intra-sample_ro1-dlpfc.rda""","""$launchDir/data/lindex_intra-sample_ro1-dlpfc.rda""","""$launchDir/data/true-proportions_intra-sample_ro1-dlpfc.rda""","deconrnaseq"
963,"Br3942_ant","k2","counts_adj","""$launchDir/data/sce_intra-sample_ro1-dlpfc.rda""","""$launchDir/data/ypb_intra-sample_ro1-dlpfc.rda""","""$launchDir/data/lindex_intra-sample_ro1-dlpfc.rda""","""$launchDir/data/true-proportions_intra-sample_ro1-dlpfc.rda""","deconrnaseq"
964,"Br3942_ant","k2","counts_adj","""$launchDir/data/sce_intra-sample_ro1-dlpfc.rda""","""$launchDir/data/ypb_intra-sample_ro1-dlpfc.rda""","""$launchDir/data/lindex_intra-sample_ro1-dlpfc.rda""","""$launchDir/data/true-proportions_intra-sample_ro1-dlpfc.rda""","deconrnaseq"
965,"Br3942_ant","k2","counts_adj","""$launchDir/data/sce_intra-sample_ro1-dlpfc.rda""","""$launchDir/data/ypb_intra-sample_ro1-dlpfc.rda""","""$launchDir/data/lindex_intra-sample_ro1-dlpfc.rda""","""$launchDir/data/true-proportions_intra-sample_ro1-dlpfc.rda""","deconrnaseq"
966,"Br3942_ant","k2","counts_adj","""$launchDir/data/sce_intra-sample_ro1-dlpfc.rda""","""$launchDir/data/ypb_intra-sample_ro1-dlpfc.rda""","""$launchDir/data/lindex_intra-sample_ro1-dlpfc.rda""","""$launchDir/data/true-proportions_intra-sample_ro1-dlpfc.rda""","deconrnaseq"
967,"Br3942_ant","k2","counts_adj","""$launchDir/data/sce_intra-sample_ro1-dlpfc.rda""","""$launchDir/data/ypb_intra-sample_ro1-dlpfc.rda""","""$launchDir/data/lindex_intra-sample_ro1-dlpfc.rda""","""$launchDir/data/true-proportions_intra-sample_ro1-dlpfc.rda""","deconrnaseq"
968,"Br3942_ant","k2","counts_adj","""$launchDir/data/sce_intra-sample_ro1-dlpfc.rda""","""$launchDir/data/ypb_intra-sample_ro1-dlpfc.rda""","""$launchDir/data/lindex_intra-sample_ro1-dlpfc.rda""","""$launchDir/data/true-proportions_intra-sample_ro1-dlpfc.rda""","deconrnaseq"
969,"Br3942_ant","k2","counts_adj","""$launchDir/data/sce_intra-sample_ro1-dlpfc.rda""","""$launchDir/data/ypb_intra-sample_ro1-dlpfc.rda""","""$launchDir/data/lindex_intra-sample_ro1-dlpfc.rda""","""$launchDir/data/true-proportions_intra-sample_ro1-dlpfc.rda""","deconrnaseq"
970,"Br3942_ant","k2","counts_adj","""$launchDir/data/sce_intra-sample_ro1-dlpfc.rda""","""$launchDir/data/ypb_intra-sample_ro1-dlpfc.rda""","""$launchDir/data/lindex_intra-sample_ro1-dlpfc.rda""","""$launchDir/data/true-proportions_intra-sample_ro1-dlpfc.rda""","deconrnaseq"
971,"Br3942_ant","k2","counts_adj","""$launchDir/data/sce_intra-sample_ro1-dlpfc.rda""","""$launchDir/data/ypb_intra-sample_ro1-dlpfc.rda""","""$launchDir/data/lindex_intra-sample_ro1-dlpfc.rda""","""$launchDir/data/true-proportions_intra-sample_ro1-dlpfc.rda""","deconrnaseq"
972,"Br3942_ant","k2","counts_adj","""$launchDir/data/sce_intra-sample_ro1-dlpfc.rda""","""$launchDir/data/ypb_intra-sample_ro1-dlpfc.rda""","""$launchDir/data/lindex_intra-sample_ro1-dlpfc.rda""","""$launchDir/data/true-proportions_intra-sample_ro1-dlpfc.rda""","deconrnaseq"
973,"Br3942_ant","k2","counts_adj","""$launchDir/data/sce_intra-sample_ro1-dlpfc.rda""","""$launchDir/data/ypb_intra-sample_ro1-dlpfc.rda""","""$launchDir/data/lindex_intra-sample_ro1-dlpfc.rda""","""$launchDir/data/true-proportions_intra-sample_ro1-dlpfc.rda""","deconrnaseq"
974,"Br3942_ant","k2","counts_adj","""$launchDir/data/sce_intra-sample_ro1-dlpfc.rda""","""$launchDir/data/ypb_intra-sample_ro1-dlpfc.rda""","""$launchDir/data/lindex_intra-sample_ro1-dlpfc.rda""","""$launchDir/data/true-proportions_intra-sample_ro1-dlpfc.rda""","deconrnaseq"
975,"Br3942_ant","k2","counts_adj","""$launchDir/data/sce_intra-sample_ro1-dlpfc.rda""","""$launchDir/data/ypb_intra-sample_ro1-dlpfc.rda""","""$launchDir/data/lindex_intra-sample_ro1-dlpfc.rda""","""$launchDir/data/true-proportions_intra-sample_ro1-dlpfc.rda""","deconrnaseq"
976,"Br3942_ant","k2","counts_adj","""$launchDir/data/sce_intra-sample_ro1-dlpfc.rda""","""$launchDir/data/ypb_intra-sample_ro1-dlpfc.rda""","""$launchDir/data/lindex_intra-sample_ro1-dlpfc.rda""","""$launchDir/data/true-proportions_intra-sample_ro1-dlpfc.rda""","deconrnaseq"
977,"Br3942_ant","k2","counts_adj","""$launchDir/data/sce_intra-sample_ro1-dlpfc.rda""","""$launchDir/data/ypb_intra-sample_ro1-dlpfc.rda""","""$launchDir/data/lindex_intra-sample_ro1-dlpfc.rda""","""$launchDir/data/true-proportions_intra-sample_ro1-dlpfc.rda""","deconrnaseq"
978,"Br3942_ant","k2","counts_adj","""$launchDir/data/sce_intra-sample_ro1-dlpfc.rda""","""$launchDir/data/ypb_intra-sample_ro1-dlpfc.rda""","""$launchDir/data/lindex_intra-sample_ro1-dlpfc.rda""","""$launchDir/data/true-proportions_intra-sample_ro1-dlpfc.rda""","deconrnaseq"
979,"Br3942_ant","k2","counts_adj","""$launchDir/data/sce_intra-sample_ro1-dlpfc.rda""","""$launchDir/data/ypb_intra-sample_ro1-dlpfc.rda""","""$launchDir/data/lindex_intra-sample_ro1-dlpfc.rda""","""$launchDir/data/true-proportions_intra-sample_ro1-dlpfc.rda""","deconrnaseq"
980,"Br3942_ant","k2","counts_adj","""$launchDir/data/sce_intra-sample_ro1-dlpfc.rda""","""$launchDir/data/ypb_intra-sample_ro1-dlpfc.rda""","""$launchDir/data/lindex_intra-sample_ro1-dlpfc.rda""","""$launchDir/data/true-proportions_intra-sample_ro1-dlpfc.rda""","deconrnaseq"
981,"Br3942_ant","k2","counts_adj","""$launchDir/data/sce_intra-sample_ro1-dlpfc.rda""","""$launchDir/data/ypb_intra-sample_ro1-dlpfc.rda""","""$launchDir/data/lindex_intra-sample_ro1-dlpfc.rda""","""$launchDir/data/true-proportions_intra-sample_ro1-dlpfc.rda""","deconrnaseq"
982,"Br3942_ant","k2","counts_adj","""$launchDir/data/sce_intra-sample_ro1-dlpfc.rda""","""$launchDir/data/ypb_intra-sample_ro1-dlpfc.rda""","""$launchDir/data/lindex_intra-sample_ro1-dlpfc.rda""","""$launchDir/data/true-proportions_intra-sample_ro1-dlpfc.rda""","deconrnaseq"
983,"Br3942_ant","k2","counts_adj","""$launchDir/data/sce_intra-sample_ro1-dlpfc.rda""","""$launchDir/data/ypb_intra-sample_ro1-dlpfc.rda""","""$launchDir/data/lindex_intra-sample_ro1-dlpfc.rda""","""$launchDir/data/true-proportions_intra-sample_ro1-dlpfc.rda""","deconrnaseq"
984,"Br3942_ant","k2","counts_adj","""$launchDir/data/sce_intra-sample_ro1-dlpfc.rda""","""$launchDir/data/ypb_intra-sample_ro1-dlpfc.rda""","""$launchDir/data/lindex_intra-sample_ro1-dlpfc.rda""","""$launchDir/data/true-proportions_intra-sample_ro1-dlpfc.rda""","deconrnaseq"
985,"Br3942_ant","k2","counts_adj","""$launchDir/data/sce_intra-sample_ro1-dlpfc.rda""","""$launchDir/data/ypb_intra-sample_ro1-dlpfc.rda""","""$launchDir/data/lindex_intra-sample_ro1-dlpfc.rda""","""$launchDir/data/true-proportions_intra-sample_ro1-dlpfc.rda""","deconrnaseq"
986,"Br3942_ant","k2","counts_adj","""$launchDir/data/sce_intra-sample_ro1-dlpfc.rda""","""$launchDir/data/ypb_intra-sample_ro1-dlpfc.rda""","""$launchDir/data/lindex_intra-sample_ro1-dlpfc.rda""","""$launchDir/data/true-proportions_intra-sample_ro1-dlpfc.rda""","deconrnaseq"
987,"Br3942_ant","k2","counts_adj","""$launchDir/data/sce_intra-sample_ro1-dlpfc.rda""","""$launchDir/data/ypb_intra-sample_ro1-dlpfc.rda""","""$launchDir/data/lindex_intra-sample_ro1-dlpfc.rda""","""$launchDir/data/true-proportions_intra-sample_ro1-dlpfc.rda""","deconrnaseq"
988,"Br3942_ant","k2","counts_adj","""$launchDir/data/sce_intra-sample_ro1-dlpfc.rda""","""$launchDir/data/ypb_intra-sample_ro1-dlpfc.rda""","""$launchDir/data/lindex_intra-sample_ro1-dlpfc.rda""","""$launchDir/data/true-proportions_intra-sample_ro1-dlpfc.rda""","deconrnaseq"
989,"Br3942_ant","k2","counts_adj","""$launchDir/data/sce_intra-sample_ro1-dlpfc.rda""","""$launchDir/data/ypb_intra-sample_ro1-dlpfc.rda""","""$launchDir/data/lindex_intra-sample_ro1-dlpfc.rda""","""$launchDir/data/true-proportions_intra-sample_ro1-dlpfc.rda""","deconrnaseq"
990,"Br3942_ant","k2","counts_adj","""$launchDir/data/sce_intra-sample_ro1-dlpfc.rda""","""$launchDir/data/ypb_intra-sample_ro1-dlpfc.rda""","""$launchDir/data/lindex_intra-sample_ro1-dlpfc.rda""","""$launchDir/data/true-proportions_intra-sample_ro1-dlpfc.rda""","deconrnaseq"
991,"Br3942_ant","k2","counts_adj","""$launchDir/data/sce_intra-sample_ro1-dlpfc.rda""","""$launchDir/data/ypb_intra-sample_ro1-dlpfc.rda""","""$launchDir/data/lindex_intra-sample_ro1-dlpfc.rda""","""$launchDir/data/true-proportions_intra-sample_ro1-dlpfc.rda""","deconrnaseq"
992,"Br3942_ant","k2","counts_adj","""$launchDir/data/sce_intra-sample_ro1-dlpfc.rda""","""$launchDir/data/ypb_intra-sample_ro1-dlpfc.rda""","""$launchDir/data/lindex_intra-sample_ro1-dlpfc.rda""","""$launchDir/data/true-proportions_intra-sample_ro1-dlpfc.rda""","deconrnaseq"
993,"Br3942_ant","k2","counts_adj","""$launchDir/data/sce_intra-sample_ro1-dlpfc.rda""","""$launchDir/data/ypb_intra-sample_ro1-dlpfc.rda""","""$launchDir/data/lindex_intra-sample_ro1-dlpfc.rda""","""$launchDir/data/true-proportions_intra-sample_ro1-dlpfc.rda""","deconrnaseq"
994,"Br3942_ant","k2","counts_adj","""$launchDir/data/sce_intra-sample_ro1-dlpfc.rda""","""$launchDir/data/ypb_intra-sample_ro1-dlpfc.rda""","""$launchDir/data/lindex_intra-sample_ro1-dlpfc.rda""","""$launchDir/data/true-proportions_intra-sample_ro1-dlpfc.rda""","deconrnaseq"
995,"Br3942_ant","k2","counts_adj","""$launchDir/data/sce_intra-sample_ro1-dlpfc.rda""","""$launchDir/data/ypb_intra-sample_ro1-dlpfc.rda""","""$launchDir/data/lindex_intra-sample_ro1-dlpfc.rda""","""$launchDir/data/true-proportions_intra-sample_ro1-dlpfc.rda""","deconrnaseq"
996,"Br3942_ant","k2","counts_adj","""$launchDir/data/sce_intra-sample_ro1-dlpfc.rda""","""$launchDir/data/ypb_intra-sample_ro1-dlpfc.rda""","""$launchDir/data/lindex_intra-sample_ro1-dlpfc.rda""","""$launchDir/data/true-proportions_intra-sample_ro1-dlpfc.rda""","deconrnaseq"
997,"Br3942_ant","k2","counts_adj","""$launchDir/data/sce_intra-sample_ro1-dlpfc.rda""","""$launchDir/data/ypb_intra-sample_ro1-dlpfc.rda""","""$launchDir/data/lindex_intra-sample_ro1-dlpfc.rda""","""$launchDir/data/true-proportions_intra-sample_ro1-dlpfc.rda""","deconrnaseq"
998,"Br3942_ant","k2","counts_adj","""$launchDir/data/sce_intra-sample_ro1-dlpfc.rda""","""$launchDir/data/ypb_intra-sample_ro1-dlpfc.rda""","""$launchDir/data/lindex_intra-sample_ro1-dlpfc.rda""","""$launchDir/data/true-proportions_intra-sample_ro1-dlpfc.rda""","deconrnaseq"
999,"Br3942_ant","k2","counts_adj","""$launchDir/data/sce_intra-sample_ro1-dlpfc.rda""","""$launchDir/data/ypb_intra-sample_ro1-dlpfc.rda""","""$launchDir/data/lindex_intra-sample_ro1-dlpfc.rda""","""$launchDir/data/true-proportions_intra-sample_ro1-dlpfc.rda""","deconrnaseq"
1000,"Br3942_ant","k2","counts_adj","""$launchDir/data/sce_intra-sample_ro1-dlpfc.rda""","""$launchDir/data/ypb_intra-sample_ro1-dlpfc.rda""","""$launchDir/data/lindex_intra-sample_ro1-dlpfc.rda""","""$launchDir/data/true-proportions_intra-sample_ro1-dlpfc.rda""","deconrnaseq"
