"iterations_index","sample_id","celltype_variable","assay_name","sce_filepath","bulk_filepath","list_index_filepath","true_proportions_filepath","method"
201,"Br3942_ant","k2","counts_adj","""$launchDir/data/sce_intra-sample_ro1-dlpfc.rda""","""$launchDir/data/ypb_intra-sample_ro1-dlpfc.rda""","""$launchDir/data/lindex_intra-sample_ro1-dlpfc.rda""","""$launchDir/data/true-proportions_intra-sample_ro1-dlpfc.rda""","deconrnaseq"
202,"Br3942_ant","k2","counts_adj","""$launchDir/data/sce_intra-sample_ro1-dlpfc.rda""","""$launchDir/data/ypb_intra-sample_ro1-dlpfc.rda""","""$launchDir/data/lindex_intra-sample_ro1-dlpfc.rda""","""$launchDir/data/true-proportions_intra-sample_ro1-dlpfc.rda""","deconrnaseq"
203,"Br3942_ant","k2","counts_adj","""$launchDir/data/sce_intra-sample_ro1-dlpfc.rda""","""$launchDir/data/ypb_intra-sample_ro1-dlpfc.rda""","""$launchDir/data/lindex_intra-sample_ro1-dlpfc.rda""","""$launchDir/data/true-proportions_intra-sample_ro1-dlpfc.rda""","deconrnaseq"
204,"Br3942_ant","k2","counts_adj","""$launchDir/data/sce_intra-sample_ro1-dlpfc.rda""","""$launchDir/data/ypb_intra-sample_ro1-dlpfc.rda""","""$launchDir/data/lindex_intra-sample_ro1-dlpfc.rda""","""$launchDir/data/true-proportions_intra-sample_ro1-dlpfc.rda""","deconrnaseq"
205,"Br3942_ant","k2","counts_adj","""$launchDir/data/sce_intra-sample_ro1-dlpfc.rda""","""$launchDir/data/ypb_intra-sample_ro1-dlpfc.rda""","""$launchDir/data/lindex_intra-sample_ro1-dlpfc.rda""","""$launchDir/data/true-proportions_intra-sample_ro1-dlpfc.rda""","deconrnaseq"
206,"Br3942_ant","k2","counts_adj","""$launchDir/data/sce_intra-sample_ro1-dlpfc.rda""","""$launchDir/data/ypb_intra-sample_ro1-dlpfc.rda""","""$launchDir/data/lindex_intra-sample_ro1-dlpfc.rda""","""$launchDir/data/true-proportions_intra-sample_ro1-dlpfc.rda""","deconrnaseq"
207,"Br3942_ant","k2","counts_adj","""$launchDir/data/sce_intra-sample_ro1-dlpfc.rda""","""$launchDir/data/ypb_intra-sample_ro1-dlpfc.rda""","""$launchDir/data/lindex_intra-sample_ro1-dlpfc.rda""","""$launchDir/data/true-proportions_intra-sample_ro1-dlpfc.rda""","deconrnaseq"
208,"Br3942_ant","k2","counts_adj","""$launchDir/data/sce_intra-sample_ro1-dlpfc.rda""","""$launchDir/data/ypb_intra-sample_ro1-dlpfc.rda""","""$launchDir/data/lindex_intra-sample_ro1-dlpfc.rda""","""$launchDir/data/true-proportions_intra-sample_ro1-dlpfc.rda""","deconrnaseq"
209,"Br3942_ant","k2","counts_adj","""$launchDir/data/sce_intra-sample_ro1-dlpfc.rda""","""$launchDir/data/ypb_intra-sample_ro1-dlpfc.rda""","""$launchDir/data/lindex_intra-sample_ro1-dlpfc.rda""","""$launchDir/data/true-proportions_intra-sample_ro1-dlpfc.rda""","deconrnaseq"
210,"Br3942_ant","k2","counts_adj","""$launchDir/data/sce_intra-sample_ro1-dlpfc.rda""","""$launchDir/data/ypb_intra-sample_ro1-dlpfc.rda""","""$launchDir/data/lindex_intra-sample_ro1-dlpfc.rda""","""$launchDir/data/true-proportions_intra-sample_ro1-dlpfc.rda""","deconrnaseq"
211,"Br3942_ant","k2","counts_adj","""$launchDir/data/sce_intra-sample_ro1-dlpfc.rda""","""$launchDir/data/ypb_intra-sample_ro1-dlpfc.rda""","""$launchDir/data/lindex_intra-sample_ro1-dlpfc.rda""","""$launchDir/data/true-proportions_intra-sample_ro1-dlpfc.rda""","deconrnaseq"
212,"Br3942_ant","k2","counts_adj","""$launchDir/data/sce_intra-sample_ro1-dlpfc.rda""","""$launchDir/data/ypb_intra-sample_ro1-dlpfc.rda""","""$launchDir/data/lindex_intra-sample_ro1-dlpfc.rda""","""$launchDir/data/true-proportions_intra-sample_ro1-dlpfc.rda""","deconrnaseq"
213,"Br3942_ant","k2","counts_adj","""$launchDir/data/sce_intra-sample_ro1-dlpfc.rda""","""$launchDir/data/ypb_intra-sample_ro1-dlpfc.rda""","""$launchDir/data/lindex_intra-sample_ro1-dlpfc.rda""","""$launchDir/data/true-proportions_intra-sample_ro1-dlpfc.rda""","deconrnaseq"
214,"Br3942_ant","k2","counts_adj","""$launchDir/data/sce_intra-sample_ro1-dlpfc.rda""","""$launchDir/data/ypb_intra-sample_ro1-dlpfc.rda""","""$launchDir/data/lindex_intra-sample_ro1-dlpfc.rda""","""$launchDir/data/true-proportions_intra-sample_ro1-dlpfc.rda""","deconrnaseq"
215,"Br3942_ant","k2","counts_adj","""$launchDir/data/sce_intra-sample_ro1-dlpfc.rda""","""$launchDir/data/ypb_intra-sample_ro1-dlpfc.rda""","""$launchDir/data/lindex_intra-sample_ro1-dlpfc.rda""","""$launchDir/data/true-proportions_intra-sample_ro1-dlpfc.rda""","deconrnaseq"
216,"Br3942_ant","k2","counts_adj","""$launchDir/data/sce_intra-sample_ro1-dlpfc.rda""","""$launchDir/data/ypb_intra-sample_ro1-dlpfc.rda""","""$launchDir/data/lindex_intra-sample_ro1-dlpfc.rda""","""$launchDir/data/true-proportions_intra-sample_ro1-dlpfc.rda""","deconrnaseq"
217,"Br3942_ant","k2","counts_adj","""$launchDir/data/sce_intra-sample_ro1-dlpfc.rda""","""$launchDir/data/ypb_intra-sample_ro1-dlpfc.rda""","""$launchDir/data/lindex_intra-sample_ro1-dlpfc.rda""","""$launchDir/data/true-proportions_intra-sample_ro1-dlpfc.rda""","deconrnaseq"
218,"Br3942_ant","k2","counts_adj","""$launchDir/data/sce_intra-sample_ro1-dlpfc.rda""","""$launchDir/data/ypb_intra-sample_ro1-dlpfc.rda""","""$launchDir/data/lindex_intra-sample_ro1-dlpfc.rda""","""$launchDir/data/true-proportions_intra-sample_ro1-dlpfc.rda""","deconrnaseq"
219,"Br3942_ant","k2","counts_adj","""$launchDir/data/sce_intra-sample_ro1-dlpfc.rda""","""$launchDir/data/ypb_intra-sample_ro1-dlpfc.rda""","""$launchDir/data/lindex_intra-sample_ro1-dlpfc.rda""","""$launchDir/data/true-proportions_intra-sample_ro1-dlpfc.rda""","deconrnaseq"
220,"Br3942_ant","k2","counts_adj","""$launchDir/data/sce_intra-sample_ro1-dlpfc.rda""","""$launchDir/data/ypb_intra-sample_ro1-dlpfc.rda""","""$launchDir/data/lindex_intra-sample_ro1-dlpfc.rda""","""$launchDir/data/true-proportions_intra-sample_ro1-dlpfc.rda""","deconrnaseq"
221,"Br3942_ant","k2","counts_adj","""$launchDir/data/sce_intra-sample_ro1-dlpfc.rda""","""$launchDir/data/ypb_intra-sample_ro1-dlpfc.rda""","""$launchDir/data/lindex_intra-sample_ro1-dlpfc.rda""","""$launchDir/data/true-proportions_intra-sample_ro1-dlpfc.rda""","deconrnaseq"
222,"Br3942_ant","k2","counts_adj","""$launchDir/data/sce_intra-sample_ro1-dlpfc.rda""","""$launchDir/data/ypb_intra-sample_ro1-dlpfc.rda""","""$launchDir/data/lindex_intra-sample_ro1-dlpfc.rda""","""$launchDir/data/true-proportions_intra-sample_ro1-dlpfc.rda""","deconrnaseq"
223,"Br3942_ant","k2","counts_adj","""$launchDir/data/sce_intra-sample_ro1-dlpfc.rda""","""$launchDir/data/ypb_intra-sample_ro1-dlpfc.rda""","""$launchDir/data/lindex_intra-sample_ro1-dlpfc.rda""","""$launchDir/data/true-proportions_intra-sample_ro1-dlpfc.rda""","deconrnaseq"
224,"Br3942_ant","k2","counts_adj","""$launchDir/data/sce_intra-sample_ro1-dlpfc.rda""","""$launchDir/data/ypb_intra-sample_ro1-dlpfc.rda""","""$launchDir/data/lindex_intra-sample_ro1-dlpfc.rda""","""$launchDir/data/true-proportions_intra-sample_ro1-dlpfc.rda""","deconrnaseq"
225,"Br3942_ant","k2","counts_adj","""$launchDir/data/sce_intra-sample_ro1-dlpfc.rda""","""$launchDir/data/ypb_intra-sample_ro1-dlpfc.rda""","""$launchDir/data/lindex_intra-sample_ro1-dlpfc.rda""","""$launchDir/data/true-proportions_intra-sample_ro1-dlpfc.rda""","deconrnaseq"
226,"Br3942_ant","k2","counts_adj","""$launchDir/data/sce_intra-sample_ro1-dlpfc.rda""","""$launchDir/data/ypb_intra-sample_ro1-dlpfc.rda""","""$launchDir/data/lindex_intra-sample_ro1-dlpfc.rda""","""$launchDir/data/true-proportions_intra-sample_ro1-dlpfc.rda""","deconrnaseq"
227,"Br3942_ant","k2","counts_adj","""$launchDir/data/sce_intra-sample_ro1-dlpfc.rda""","""$launchDir/data/ypb_intra-sample_ro1-dlpfc.rda""","""$launchDir/data/lindex_intra-sample_ro1-dlpfc.rda""","""$launchDir/data/true-proportions_intra-sample_ro1-dlpfc.rda""","deconrnaseq"
228,"Br3942_ant","k2","counts_adj","""$launchDir/data/sce_intra-sample_ro1-dlpfc.rda""","""$launchDir/data/ypb_intra-sample_ro1-dlpfc.rda""","""$launchDir/data/lindex_intra-sample_ro1-dlpfc.rda""","""$launchDir/data/true-proportions_intra-sample_ro1-dlpfc.rda""","deconrnaseq"
229,"Br3942_ant","k2","counts_adj","""$launchDir/data/sce_intra-sample_ro1-dlpfc.rda""","""$launchDir/data/ypb_intra-sample_ro1-dlpfc.rda""","""$launchDir/data/lindex_intra-sample_ro1-dlpfc.rda""","""$launchDir/data/true-proportions_intra-sample_ro1-dlpfc.rda""","deconrnaseq"
230,"Br3942_ant","k2","counts_adj","""$launchDir/data/sce_intra-sample_ro1-dlpfc.rda""","""$launchDir/data/ypb_intra-sample_ro1-dlpfc.rda""","""$launchDir/data/lindex_intra-sample_ro1-dlpfc.rda""","""$launchDir/data/true-proportions_intra-sample_ro1-dlpfc.rda""","deconrnaseq"
231,"Br3942_ant","k2","counts_adj","""$launchDir/data/sce_intra-sample_ro1-dlpfc.rda""","""$launchDir/data/ypb_intra-sample_ro1-dlpfc.rda""","""$launchDir/data/lindex_intra-sample_ro1-dlpfc.rda""","""$launchDir/data/true-proportions_intra-sample_ro1-dlpfc.rda""","deconrnaseq"
232,"Br3942_ant","k2","counts_adj","""$launchDir/data/sce_intra-sample_ro1-dlpfc.rda""","""$launchDir/data/ypb_intra-sample_ro1-dlpfc.rda""","""$launchDir/data/lindex_intra-sample_ro1-dlpfc.rda""","""$launchDir/data/true-proportions_intra-sample_ro1-dlpfc.rda""","deconrnaseq"
233,"Br3942_ant","k2","counts_adj","""$launchDir/data/sce_intra-sample_ro1-dlpfc.rda""","""$launchDir/data/ypb_intra-sample_ro1-dlpfc.rda""","""$launchDir/data/lindex_intra-sample_ro1-dlpfc.rda""","""$launchDir/data/true-proportions_intra-sample_ro1-dlpfc.rda""","deconrnaseq"
234,"Br3942_ant","k2","counts_adj","""$launchDir/data/sce_intra-sample_ro1-dlpfc.rda""","""$launchDir/data/ypb_intra-sample_ro1-dlpfc.rda""","""$launchDir/data/lindex_intra-sample_ro1-dlpfc.rda""","""$launchDir/data/true-proportions_intra-sample_ro1-dlpfc.rda""","deconrnaseq"
235,"Br3942_ant","k2","counts_adj","""$launchDir/data/sce_intra-sample_ro1-dlpfc.rda""","""$launchDir/data/ypb_intra-sample_ro1-dlpfc.rda""","""$launchDir/data/lindex_intra-sample_ro1-dlpfc.rda""","""$launchDir/data/true-proportions_intra-sample_ro1-dlpfc.rda""","deconrnaseq"
236,"Br3942_ant","k2","counts_adj","""$launchDir/data/sce_intra-sample_ro1-dlpfc.rda""","""$launchDir/data/ypb_intra-sample_ro1-dlpfc.rda""","""$launchDir/data/lindex_intra-sample_ro1-dlpfc.rda""","""$launchDir/data/true-proportions_intra-sample_ro1-dlpfc.rda""","deconrnaseq"
237,"Br3942_ant","k2","counts_adj","""$launchDir/data/sce_intra-sample_ro1-dlpfc.rda""","""$launchDir/data/ypb_intra-sample_ro1-dlpfc.rda""","""$launchDir/data/lindex_intra-sample_ro1-dlpfc.rda""","""$launchDir/data/true-proportions_intra-sample_ro1-dlpfc.rda""","deconrnaseq"
238,"Br3942_ant","k2","counts_adj","""$launchDir/data/sce_intra-sample_ro1-dlpfc.rda""","""$launchDir/data/ypb_intra-sample_ro1-dlpfc.rda""","""$launchDir/data/lindex_intra-sample_ro1-dlpfc.rda""","""$launchDir/data/true-proportions_intra-sample_ro1-dlpfc.rda""","deconrnaseq"
239,"Br3942_ant","k2","counts_adj","""$launchDir/data/sce_intra-sample_ro1-dlpfc.rda""","""$launchDir/data/ypb_intra-sample_ro1-dlpfc.rda""","""$launchDir/data/lindex_intra-sample_ro1-dlpfc.rda""","""$launchDir/data/true-proportions_intra-sample_ro1-dlpfc.rda""","deconrnaseq"
240,"Br3942_ant","k2","counts_adj","""$launchDir/data/sce_intra-sample_ro1-dlpfc.rda""","""$launchDir/data/ypb_intra-sample_ro1-dlpfc.rda""","""$launchDir/data/lindex_intra-sample_ro1-dlpfc.rda""","""$launchDir/data/true-proportions_intra-sample_ro1-dlpfc.rda""","deconrnaseq"
241,"Br3942_ant","k2","counts_adj","""$launchDir/data/sce_intra-sample_ro1-dlpfc.rda""","""$launchDir/data/ypb_intra-sample_ro1-dlpfc.rda""","""$launchDir/data/lindex_intra-sample_ro1-dlpfc.rda""","""$launchDir/data/true-proportions_intra-sample_ro1-dlpfc.rda""","deconrnaseq"
242,"Br3942_ant","k2","counts_adj","""$launchDir/data/sce_intra-sample_ro1-dlpfc.rda""","""$launchDir/data/ypb_intra-sample_ro1-dlpfc.rda""","""$launchDir/data/lindex_intra-sample_ro1-dlpfc.rda""","""$launchDir/data/true-proportions_intra-sample_ro1-dlpfc.rda""","deconrnaseq"
243,"Br3942_ant","k2","counts_adj","""$launchDir/data/sce_intra-sample_ro1-dlpfc.rda""","""$launchDir/data/ypb_intra-sample_ro1-dlpfc.rda""","""$launchDir/data/lindex_intra-sample_ro1-dlpfc.rda""","""$launchDir/data/true-proportions_intra-sample_ro1-dlpfc.rda""","deconrnaseq"
244,"Br3942_ant","k2","counts_adj","""$launchDir/data/sce_intra-sample_ro1-dlpfc.rda""","""$launchDir/data/ypb_intra-sample_ro1-dlpfc.rda""","""$launchDir/data/lindex_intra-sample_ro1-dlpfc.rda""","""$launchDir/data/true-proportions_intra-sample_ro1-dlpfc.rda""","deconrnaseq"
245,"Br3942_ant","k2","counts_adj","""$launchDir/data/sce_intra-sample_ro1-dlpfc.rda""","""$launchDir/data/ypb_intra-sample_ro1-dlpfc.rda""","""$launchDir/data/lindex_intra-sample_ro1-dlpfc.rda""","""$launchDir/data/true-proportions_intra-sample_ro1-dlpfc.rda""","deconrnaseq"
246,"Br3942_ant","k2","counts_adj","""$launchDir/data/sce_intra-sample_ro1-dlpfc.rda""","""$launchDir/data/ypb_intra-sample_ro1-dlpfc.rda""","""$launchDir/data/lindex_intra-sample_ro1-dlpfc.rda""","""$launchDir/data/true-proportions_intra-sample_ro1-dlpfc.rda""","deconrnaseq"
247,"Br3942_ant","k2","counts_adj","""$launchDir/data/sce_intra-sample_ro1-dlpfc.rda""","""$launchDir/data/ypb_intra-sample_ro1-dlpfc.rda""","""$launchDir/data/lindex_intra-sample_ro1-dlpfc.rda""","""$launchDir/data/true-proportions_intra-sample_ro1-dlpfc.rda""","deconrnaseq"
248,"Br3942_ant","k2","counts_adj","""$launchDir/data/sce_intra-sample_ro1-dlpfc.rda""","""$launchDir/data/ypb_intra-sample_ro1-dlpfc.rda""","""$launchDir/data/lindex_intra-sample_ro1-dlpfc.rda""","""$launchDir/data/true-proportions_intra-sample_ro1-dlpfc.rda""","deconrnaseq"
249,"Br3942_ant","k2","counts_adj","""$launchDir/data/sce_intra-sample_ro1-dlpfc.rda""","""$launchDir/data/ypb_intra-sample_ro1-dlpfc.rda""","""$launchDir/data/lindex_intra-sample_ro1-dlpfc.rda""","""$launchDir/data/true-proportions_intra-sample_ro1-dlpfc.rda""","deconrnaseq"
250,"Br3942_ant","k2","counts_adj","""$launchDir/data/sce_intra-sample_ro1-dlpfc.rda""","""$launchDir/data/ypb_intra-sample_ro1-dlpfc.rda""","""$launchDir/data/lindex_intra-sample_ro1-dlpfc.rda""","""$launchDir/data/true-proportions_intra-sample_ro1-dlpfc.rda""","deconrnaseq"
251,"Br3942_ant","k2","counts_adj","""$launchDir/data/sce_intra-sample_ro1-dlpfc.rda""","""$launchDir/data/ypb_intra-sample_ro1-dlpfc.rda""","""$launchDir/data/lindex_intra-sample_ro1-dlpfc.rda""","""$launchDir/data/true-proportions_intra-sample_ro1-dlpfc.rda""","deconrnaseq"
252,"Br3942_ant","k2","counts_adj","""$launchDir/data/sce_intra-sample_ro1-dlpfc.rda""","""$launchDir/data/ypb_intra-sample_ro1-dlpfc.rda""","""$launchDir/data/lindex_intra-sample_ro1-dlpfc.rda""","""$launchDir/data/true-proportions_intra-sample_ro1-dlpfc.rda""","deconrnaseq"
253,"Br3942_ant","k2","counts_adj","""$launchDir/data/sce_intra-sample_ro1-dlpfc.rda""","""$launchDir/data/ypb_intra-sample_ro1-dlpfc.rda""","""$launchDir/data/lindex_intra-sample_ro1-dlpfc.rda""","""$launchDir/data/true-proportions_intra-sample_ro1-dlpfc.rda""","deconrnaseq"
254,"Br3942_ant","k2","counts_adj","""$launchDir/data/sce_intra-sample_ro1-dlpfc.rda""","""$launchDir/data/ypb_intra-sample_ro1-dlpfc.rda""","""$launchDir/data/lindex_intra-sample_ro1-dlpfc.rda""","""$launchDir/data/true-proportions_intra-sample_ro1-dlpfc.rda""","deconrnaseq"
255,"Br3942_ant","k2","counts_adj","""$launchDir/data/sce_intra-sample_ro1-dlpfc.rda""","""$launchDir/data/ypb_intra-sample_ro1-dlpfc.rda""","""$launchDir/data/lindex_intra-sample_ro1-dlpfc.rda""","""$launchDir/data/true-proportions_intra-sample_ro1-dlpfc.rda""","deconrnaseq"
256,"Br3942_ant","k2","counts_adj","""$launchDir/data/sce_intra-sample_ro1-dlpfc.rda""","""$launchDir/data/ypb_intra-sample_ro1-dlpfc.rda""","""$launchDir/data/lindex_intra-sample_ro1-dlpfc.rda""","""$launchDir/data/true-proportions_intra-sample_ro1-dlpfc.rda""","deconrnaseq"
257,"Br3942_ant","k2","counts_adj","""$launchDir/data/sce_intra-sample_ro1-dlpfc.rda""","""$launchDir/data/ypb_intra-sample_ro1-dlpfc.rda""","""$launchDir/data/lindex_intra-sample_ro1-dlpfc.rda""","""$launchDir/data/true-proportions_intra-sample_ro1-dlpfc.rda""","deconrnaseq"
258,"Br3942_ant","k2","counts_adj","""$launchDir/data/sce_intra-sample_ro1-dlpfc.rda""","""$launchDir/data/ypb_intra-sample_ro1-dlpfc.rda""","""$launchDir/data/lindex_intra-sample_ro1-dlpfc.rda""","""$launchDir/data/true-proportions_intra-sample_ro1-dlpfc.rda""","deconrnaseq"
259,"Br3942_ant","k2","counts_adj","""$launchDir/data/sce_intra-sample_ro1-dlpfc.rda""","""$launchDir/data/ypb_intra-sample_ro1-dlpfc.rda""","""$launchDir/data/lindex_intra-sample_ro1-dlpfc.rda""","""$launchDir/data/true-proportions_intra-sample_ro1-dlpfc.rda""","deconrnaseq"
260,"Br3942_ant","k2","counts_adj","""$launchDir/data/sce_intra-sample_ro1-dlpfc.rda""","""$launchDir/data/ypb_intra-sample_ro1-dlpfc.rda""","""$launchDir/data/lindex_intra-sample_ro1-dlpfc.rda""","""$launchDir/data/true-proportions_intra-sample_ro1-dlpfc.rda""","deconrnaseq"
261,"Br3942_ant","k2","counts_adj","""$launchDir/data/sce_intra-sample_ro1-dlpfc.rda""","""$launchDir/data/ypb_intra-sample_ro1-dlpfc.rda""","""$launchDir/data/lindex_intra-sample_ro1-dlpfc.rda""","""$launchDir/data/true-proportions_intra-sample_ro1-dlpfc.rda""","deconrnaseq"
262,"Br3942_ant","k2","counts_adj","""$launchDir/data/sce_intra-sample_ro1-dlpfc.rda""","""$launchDir/data/ypb_intra-sample_ro1-dlpfc.rda""","""$launchDir/data/lindex_intra-sample_ro1-dlpfc.rda""","""$launchDir/data/true-proportions_intra-sample_ro1-dlpfc.rda""","deconrnaseq"
263,"Br3942_ant","k2","counts_adj","""$launchDir/data/sce_intra-sample_ro1-dlpfc.rda""","""$launchDir/data/ypb_intra-sample_ro1-dlpfc.rda""","""$launchDir/data/lindex_intra-sample_ro1-dlpfc.rda""","""$launchDir/data/true-proportions_intra-sample_ro1-dlpfc.rda""","deconrnaseq"
264,"Br3942_ant","k2","counts_adj","""$launchDir/data/sce_intra-sample_ro1-dlpfc.rda""","""$launchDir/data/ypb_intra-sample_ro1-dlpfc.rda""","""$launchDir/data/lindex_intra-sample_ro1-dlpfc.rda""","""$launchDir/data/true-proportions_intra-sample_ro1-dlpfc.rda""","deconrnaseq"
265,"Br3942_ant","k2","counts_adj","""$launchDir/data/sce_intra-sample_ro1-dlpfc.rda""","""$launchDir/data/ypb_intra-sample_ro1-dlpfc.rda""","""$launchDir/data/lindex_intra-sample_ro1-dlpfc.rda""","""$launchDir/data/true-proportions_intra-sample_ro1-dlpfc.rda""","deconrnaseq"
266,"Br3942_ant","k2","counts_adj","""$launchDir/data/sce_intra-sample_ro1-dlpfc.rda""","""$launchDir/data/ypb_intra-sample_ro1-dlpfc.rda""","""$launchDir/data/lindex_intra-sample_ro1-dlpfc.rda""","""$launchDir/data/true-proportions_intra-sample_ro1-dlpfc.rda""","deconrnaseq"
267,"Br3942_ant","k2","counts_adj","""$launchDir/data/sce_intra-sample_ro1-dlpfc.rda""","""$launchDir/data/ypb_intra-sample_ro1-dlpfc.rda""","""$launchDir/data/lindex_intra-sample_ro1-dlpfc.rda""","""$launchDir/data/true-proportions_intra-sample_ro1-dlpfc.rda""","deconrnaseq"
268,"Br3942_ant","k2","counts_adj","""$launchDir/data/sce_intra-sample_ro1-dlpfc.rda""","""$launchDir/data/ypb_intra-sample_ro1-dlpfc.rda""","""$launchDir/data/lindex_intra-sample_ro1-dlpfc.rda""","""$launchDir/data/true-proportions_intra-sample_ro1-dlpfc.rda""","deconrnaseq"
269,"Br3942_ant","k2","counts_adj","""$launchDir/data/sce_intra-sample_ro1-dlpfc.rda""","""$launchDir/data/ypb_intra-sample_ro1-dlpfc.rda""","""$launchDir/data/lindex_intra-sample_ro1-dlpfc.rda""","""$launchDir/data/true-proportions_intra-sample_ro1-dlpfc.rda""","deconrnaseq"
270,"Br3942_ant","k2","counts_adj","""$launchDir/data/sce_intra-sample_ro1-dlpfc.rda""","""$launchDir/data/ypb_intra-sample_ro1-dlpfc.rda""","""$launchDir/data/lindex_intra-sample_ro1-dlpfc.rda""","""$launchDir/data/true-proportions_intra-sample_ro1-dlpfc.rda""","deconrnaseq"
271,"Br3942_ant","k2","counts_adj","""$launchDir/data/sce_intra-sample_ro1-dlpfc.rda""","""$launchDir/data/ypb_intra-sample_ro1-dlpfc.rda""","""$launchDir/data/lindex_intra-sample_ro1-dlpfc.rda""","""$launchDir/data/true-proportions_intra-sample_ro1-dlpfc.rda""","deconrnaseq"
272,"Br3942_ant","k2","counts_adj","""$launchDir/data/sce_intra-sample_ro1-dlpfc.rda""","""$launchDir/data/ypb_intra-sample_ro1-dlpfc.rda""","""$launchDir/data/lindex_intra-sample_ro1-dlpfc.rda""","""$launchDir/data/true-proportions_intra-sample_ro1-dlpfc.rda""","deconrnaseq"
273,"Br3942_ant","k2","counts_adj","""$launchDir/data/sce_intra-sample_ro1-dlpfc.rda""","""$launchDir/data/ypb_intra-sample_ro1-dlpfc.rda""","""$launchDir/data/lindex_intra-sample_ro1-dlpfc.rda""","""$launchDir/data/true-proportions_intra-sample_ro1-dlpfc.rda""","deconrnaseq"
274,"Br3942_ant","k2","counts_adj","""$launchDir/data/sce_intra-sample_ro1-dlpfc.rda""","""$launchDir/data/ypb_intra-sample_ro1-dlpfc.rda""","""$launchDir/data/lindex_intra-sample_ro1-dlpfc.rda""","""$launchDir/data/true-proportions_intra-sample_ro1-dlpfc.rda""","deconrnaseq"
275,"Br3942_ant","k2","counts_adj","""$launchDir/data/sce_intra-sample_ro1-dlpfc.rda""","""$launchDir/data/ypb_intra-sample_ro1-dlpfc.rda""","""$launchDir/data/lindex_intra-sample_ro1-dlpfc.rda""","""$launchDir/data/true-proportions_intra-sample_ro1-dlpfc.rda""","deconrnaseq"
276,"Br3942_ant","k2","counts_adj","""$launchDir/data/sce_intra-sample_ro1-dlpfc.rda""","""$launchDir/data/ypb_intra-sample_ro1-dlpfc.rda""","""$launchDir/data/lindex_intra-sample_ro1-dlpfc.rda""","""$launchDir/data/true-proportions_intra-sample_ro1-dlpfc.rda""","deconrnaseq"
277,"Br3942_ant","k2","counts_adj","""$launchDir/data/sce_intra-sample_ro1-dlpfc.rda""","""$launchDir/data/ypb_intra-sample_ro1-dlpfc.rda""","""$launchDir/data/lindex_intra-sample_ro1-dlpfc.rda""","""$launchDir/data/true-proportions_intra-sample_ro1-dlpfc.rda""","deconrnaseq"
278,"Br3942_ant","k2","counts_adj","""$launchDir/data/sce_intra-sample_ro1-dlpfc.rda""","""$launchDir/data/ypb_intra-sample_ro1-dlpfc.rda""","""$launchDir/data/lindex_intra-sample_ro1-dlpfc.rda""","""$launchDir/data/true-proportions_intra-sample_ro1-dlpfc.rda""","deconrnaseq"
279,"Br3942_ant","k2","counts_adj","""$launchDir/data/sce_intra-sample_ro1-dlpfc.rda""","""$launchDir/data/ypb_intra-sample_ro1-dlpfc.rda""","""$launchDir/data/lindex_intra-sample_ro1-dlpfc.rda""","""$launchDir/data/true-proportions_intra-sample_ro1-dlpfc.rda""","deconrnaseq"
280,"Br3942_ant","k2","counts_adj","""$launchDir/data/sce_intra-sample_ro1-dlpfc.rda""","""$launchDir/data/ypb_intra-sample_ro1-dlpfc.rda""","""$launchDir/data/lindex_intra-sample_ro1-dlpfc.rda""","""$launchDir/data/true-proportions_intra-sample_ro1-dlpfc.rda""","deconrnaseq"
281,"Br3942_ant","k2","counts_adj","""$launchDir/data/sce_intra-sample_ro1-dlpfc.rda""","""$launchDir/data/ypb_intra-sample_ro1-dlpfc.rda""","""$launchDir/data/lindex_intra-sample_ro1-dlpfc.rda""","""$launchDir/data/true-proportions_intra-sample_ro1-dlpfc.rda""","deconrnaseq"
282,"Br3942_ant","k2","counts_adj","""$launchDir/data/sce_intra-sample_ro1-dlpfc.rda""","""$launchDir/data/ypb_intra-sample_ro1-dlpfc.rda""","""$launchDir/data/lindex_intra-sample_ro1-dlpfc.rda""","""$launchDir/data/true-proportions_intra-sample_ro1-dlpfc.rda""","deconrnaseq"
283,"Br3942_ant","k2","counts_adj","""$launchDir/data/sce_intra-sample_ro1-dlpfc.rda""","""$launchDir/data/ypb_intra-sample_ro1-dlpfc.rda""","""$launchDir/data/lindex_intra-sample_ro1-dlpfc.rda""","""$launchDir/data/true-proportions_intra-sample_ro1-dlpfc.rda""","deconrnaseq"
284,"Br3942_ant","k2","counts_adj","""$launchDir/data/sce_intra-sample_ro1-dlpfc.rda""","""$launchDir/data/ypb_intra-sample_ro1-dlpfc.rda""","""$launchDir/data/lindex_intra-sample_ro1-dlpfc.rda""","""$launchDir/data/true-proportions_intra-sample_ro1-dlpfc.rda""","deconrnaseq"
285,"Br3942_ant","k2","counts_adj","""$launchDir/data/sce_intra-sample_ro1-dlpfc.rda""","""$launchDir/data/ypb_intra-sample_ro1-dlpfc.rda""","""$launchDir/data/lindex_intra-sample_ro1-dlpfc.rda""","""$launchDir/data/true-proportions_intra-sample_ro1-dlpfc.rda""","deconrnaseq"
286,"Br3942_ant","k2","counts_adj","""$launchDir/data/sce_intra-sample_ro1-dlpfc.rda""","""$launchDir/data/ypb_intra-sample_ro1-dlpfc.rda""","""$launchDir/data/lindex_intra-sample_ro1-dlpfc.rda""","""$launchDir/data/true-proportions_intra-sample_ro1-dlpfc.rda""","deconrnaseq"
287,"Br3942_ant","k2","counts_adj","""$launchDir/data/sce_intra-sample_ro1-dlpfc.rda""","""$launchDir/data/ypb_intra-sample_ro1-dlpfc.rda""","""$launchDir/data/lindex_intra-sample_ro1-dlpfc.rda""","""$launchDir/data/true-proportions_intra-sample_ro1-dlpfc.rda""","deconrnaseq"
288,"Br3942_ant","k2","counts_adj","""$launchDir/data/sce_intra-sample_ro1-dlpfc.rda""","""$launchDir/data/ypb_intra-sample_ro1-dlpfc.rda""","""$launchDir/data/lindex_intra-sample_ro1-dlpfc.rda""","""$launchDir/data/true-proportions_intra-sample_ro1-dlpfc.rda""","deconrnaseq"
289,"Br3942_ant","k2","counts_adj","""$launchDir/data/sce_intra-sample_ro1-dlpfc.rda""","""$launchDir/data/ypb_intra-sample_ro1-dlpfc.rda""","""$launchDir/data/lindex_intra-sample_ro1-dlpfc.rda""","""$launchDir/data/true-proportions_intra-sample_ro1-dlpfc.rda""","deconrnaseq"
290,"Br3942_ant","k2","counts_adj","""$launchDir/data/sce_intra-sample_ro1-dlpfc.rda""","""$launchDir/data/ypb_intra-sample_ro1-dlpfc.rda""","""$launchDir/data/lindex_intra-sample_ro1-dlpfc.rda""","""$launchDir/data/true-proportions_intra-sample_ro1-dlpfc.rda""","deconrnaseq"
291,"Br3942_ant","k2","counts_adj","""$launchDir/data/sce_intra-sample_ro1-dlpfc.rda""","""$launchDir/data/ypb_intra-sample_ro1-dlpfc.rda""","""$launchDir/data/lindex_intra-sample_ro1-dlpfc.rda""","""$launchDir/data/true-proportions_intra-sample_ro1-dlpfc.rda""","deconrnaseq"
292,"Br3942_ant","k2","counts_adj","""$launchDir/data/sce_intra-sample_ro1-dlpfc.rda""","""$launchDir/data/ypb_intra-sample_ro1-dlpfc.rda""","""$launchDir/data/lindex_intra-sample_ro1-dlpfc.rda""","""$launchDir/data/true-proportions_intra-sample_ro1-dlpfc.rda""","deconrnaseq"
293,"Br3942_ant","k2","counts_adj","""$launchDir/data/sce_intra-sample_ro1-dlpfc.rda""","""$launchDir/data/ypb_intra-sample_ro1-dlpfc.rda""","""$launchDir/data/lindex_intra-sample_ro1-dlpfc.rda""","""$launchDir/data/true-proportions_intra-sample_ro1-dlpfc.rda""","deconrnaseq"
294,"Br3942_ant","k2","counts_adj","""$launchDir/data/sce_intra-sample_ro1-dlpfc.rda""","""$launchDir/data/ypb_intra-sample_ro1-dlpfc.rda""","""$launchDir/data/lindex_intra-sample_ro1-dlpfc.rda""","""$launchDir/data/true-proportions_intra-sample_ro1-dlpfc.rda""","deconrnaseq"
295,"Br3942_ant","k2","counts_adj","""$launchDir/data/sce_intra-sample_ro1-dlpfc.rda""","""$launchDir/data/ypb_intra-sample_ro1-dlpfc.rda""","""$launchDir/data/lindex_intra-sample_ro1-dlpfc.rda""","""$launchDir/data/true-proportions_intra-sample_ro1-dlpfc.rda""","deconrnaseq"
296,"Br3942_ant","k2","counts_adj","""$launchDir/data/sce_intra-sample_ro1-dlpfc.rda""","""$launchDir/data/ypb_intra-sample_ro1-dlpfc.rda""","""$launchDir/data/lindex_intra-sample_ro1-dlpfc.rda""","""$launchDir/data/true-proportions_intra-sample_ro1-dlpfc.rda""","deconrnaseq"
297,"Br3942_ant","k2","counts_adj","""$launchDir/data/sce_intra-sample_ro1-dlpfc.rda""","""$launchDir/data/ypb_intra-sample_ro1-dlpfc.rda""","""$launchDir/data/lindex_intra-sample_ro1-dlpfc.rda""","""$launchDir/data/true-proportions_intra-sample_ro1-dlpfc.rda""","deconrnaseq"
298,"Br3942_ant","k2","counts_adj","""$launchDir/data/sce_intra-sample_ro1-dlpfc.rda""","""$launchDir/data/ypb_intra-sample_ro1-dlpfc.rda""","""$launchDir/data/lindex_intra-sample_ro1-dlpfc.rda""","""$launchDir/data/true-proportions_intra-sample_ro1-dlpfc.rda""","deconrnaseq"
299,"Br3942_ant","k2","counts_adj","""$launchDir/data/sce_intra-sample_ro1-dlpfc.rda""","""$launchDir/data/ypb_intra-sample_ro1-dlpfc.rda""","""$launchDir/data/lindex_intra-sample_ro1-dlpfc.rda""","""$launchDir/data/true-proportions_intra-sample_ro1-dlpfc.rda""","deconrnaseq"
300,"Br3942_ant","k2","counts_adj","""$launchDir/data/sce_intra-sample_ro1-dlpfc.rda""","""$launchDir/data/ypb_intra-sample_ro1-dlpfc.rda""","""$launchDir/data/lindex_intra-sample_ro1-dlpfc.rda""","""$launchDir/data/true-proportions_intra-sample_ro1-dlpfc.rda""","deconrnaseq"
301,"Br3942_ant","k2","counts_adj","""$launchDir/data/sce_intra-sample_ro1-dlpfc.rda""","""$launchDir/data/ypb_intra-sample_ro1-dlpfc.rda""","""$launchDir/data/lindex_intra-sample_ro1-dlpfc.rda""","""$launchDir/data/true-proportions_intra-sample_ro1-dlpfc.rda""","deconrnaseq"
302,"Br3942_ant","k2","counts_adj","""$launchDir/data/sce_intra-sample_ro1-dlpfc.rda""","""$launchDir/data/ypb_intra-sample_ro1-dlpfc.rda""","""$launchDir/data/lindex_intra-sample_ro1-dlpfc.rda""","""$launchDir/data/true-proportions_intra-sample_ro1-dlpfc.rda""","deconrnaseq"
303,"Br3942_ant","k2","counts_adj","""$launchDir/data/sce_intra-sample_ro1-dlpfc.rda""","""$launchDir/data/ypb_intra-sample_ro1-dlpfc.rda""","""$launchDir/data/lindex_intra-sample_ro1-dlpfc.rda""","""$launchDir/data/true-proportions_intra-sample_ro1-dlpfc.rda""","deconrnaseq"
304,"Br3942_ant","k2","counts_adj","""$launchDir/data/sce_intra-sample_ro1-dlpfc.rda""","""$launchDir/data/ypb_intra-sample_ro1-dlpfc.rda""","""$launchDir/data/lindex_intra-sample_ro1-dlpfc.rda""","""$launchDir/data/true-proportions_intra-sample_ro1-dlpfc.rda""","deconrnaseq"
305,"Br3942_ant","k2","counts_adj","""$launchDir/data/sce_intra-sample_ro1-dlpfc.rda""","""$launchDir/data/ypb_intra-sample_ro1-dlpfc.rda""","""$launchDir/data/lindex_intra-sample_ro1-dlpfc.rda""","""$launchDir/data/true-proportions_intra-sample_ro1-dlpfc.rda""","deconrnaseq"
306,"Br3942_ant","k2","counts_adj","""$launchDir/data/sce_intra-sample_ro1-dlpfc.rda""","""$launchDir/data/ypb_intra-sample_ro1-dlpfc.rda""","""$launchDir/data/lindex_intra-sample_ro1-dlpfc.rda""","""$launchDir/data/true-proportions_intra-sample_ro1-dlpfc.rda""","deconrnaseq"
307,"Br3942_ant","k2","counts_adj","""$launchDir/data/sce_intra-sample_ro1-dlpfc.rda""","""$launchDir/data/ypb_intra-sample_ro1-dlpfc.rda""","""$launchDir/data/lindex_intra-sample_ro1-dlpfc.rda""","""$launchDir/data/true-proportions_intra-sample_ro1-dlpfc.rda""","deconrnaseq"
308,"Br3942_ant","k2","counts_adj","""$launchDir/data/sce_intra-sample_ro1-dlpfc.rda""","""$launchDir/data/ypb_intra-sample_ro1-dlpfc.rda""","""$launchDir/data/lindex_intra-sample_ro1-dlpfc.rda""","""$launchDir/data/true-proportions_intra-sample_ro1-dlpfc.rda""","deconrnaseq"
309,"Br3942_ant","k2","counts_adj","""$launchDir/data/sce_intra-sample_ro1-dlpfc.rda""","""$launchDir/data/ypb_intra-sample_ro1-dlpfc.rda""","""$launchDir/data/lindex_intra-sample_ro1-dlpfc.rda""","""$launchDir/data/true-proportions_intra-sample_ro1-dlpfc.rda""","deconrnaseq"
310,"Br3942_ant","k2","counts_adj","""$launchDir/data/sce_intra-sample_ro1-dlpfc.rda""","""$launchDir/data/ypb_intra-sample_ro1-dlpfc.rda""","""$launchDir/data/lindex_intra-sample_ro1-dlpfc.rda""","""$launchDir/data/true-proportions_intra-sample_ro1-dlpfc.rda""","deconrnaseq"
311,"Br3942_ant","k2","counts_adj","""$launchDir/data/sce_intra-sample_ro1-dlpfc.rda""","""$launchDir/data/ypb_intra-sample_ro1-dlpfc.rda""","""$launchDir/data/lindex_intra-sample_ro1-dlpfc.rda""","""$launchDir/data/true-proportions_intra-sample_ro1-dlpfc.rda""","deconrnaseq"
312,"Br3942_ant","k2","counts_adj","""$launchDir/data/sce_intra-sample_ro1-dlpfc.rda""","""$launchDir/data/ypb_intra-sample_ro1-dlpfc.rda""","""$launchDir/data/lindex_intra-sample_ro1-dlpfc.rda""","""$launchDir/data/true-proportions_intra-sample_ro1-dlpfc.rda""","deconrnaseq"
313,"Br3942_ant","k2","counts_adj","""$launchDir/data/sce_intra-sample_ro1-dlpfc.rda""","""$launchDir/data/ypb_intra-sample_ro1-dlpfc.rda""","""$launchDir/data/lindex_intra-sample_ro1-dlpfc.rda""","""$launchDir/data/true-proportions_intra-sample_ro1-dlpfc.rda""","deconrnaseq"
314,"Br3942_ant","k2","counts_adj","""$launchDir/data/sce_intra-sample_ro1-dlpfc.rda""","""$launchDir/data/ypb_intra-sample_ro1-dlpfc.rda""","""$launchDir/data/lindex_intra-sample_ro1-dlpfc.rda""","""$launchDir/data/true-proportions_intra-sample_ro1-dlpfc.rda""","deconrnaseq"
315,"Br3942_ant","k2","counts_adj","""$launchDir/data/sce_intra-sample_ro1-dlpfc.rda""","""$launchDir/data/ypb_intra-sample_ro1-dlpfc.rda""","""$launchDir/data/lindex_intra-sample_ro1-dlpfc.rda""","""$launchDir/data/true-proportions_intra-sample_ro1-dlpfc.rda""","deconrnaseq"
316,"Br3942_ant","k2","counts_adj","""$launchDir/data/sce_intra-sample_ro1-dlpfc.rda""","""$launchDir/data/ypb_intra-sample_ro1-dlpfc.rda""","""$launchDir/data/lindex_intra-sample_ro1-dlpfc.rda""","""$launchDir/data/true-proportions_intra-sample_ro1-dlpfc.rda""","deconrnaseq"
317,"Br3942_ant","k2","counts_adj","""$launchDir/data/sce_intra-sample_ro1-dlpfc.rda""","""$launchDir/data/ypb_intra-sample_ro1-dlpfc.rda""","""$launchDir/data/lindex_intra-sample_ro1-dlpfc.rda""","""$launchDir/data/true-proportions_intra-sample_ro1-dlpfc.rda""","deconrnaseq"
318,"Br3942_ant","k2","counts_adj","""$launchDir/data/sce_intra-sample_ro1-dlpfc.rda""","""$launchDir/data/ypb_intra-sample_ro1-dlpfc.rda""","""$launchDir/data/lindex_intra-sample_ro1-dlpfc.rda""","""$launchDir/data/true-proportions_intra-sample_ro1-dlpfc.rda""","deconrnaseq"
319,"Br3942_ant","k2","counts_adj","""$launchDir/data/sce_intra-sample_ro1-dlpfc.rda""","""$launchDir/data/ypb_intra-sample_ro1-dlpfc.rda""","""$launchDir/data/lindex_intra-sample_ro1-dlpfc.rda""","""$launchDir/data/true-proportions_intra-sample_ro1-dlpfc.rda""","deconrnaseq"
320,"Br3942_ant","k2","counts_adj","""$launchDir/data/sce_intra-sample_ro1-dlpfc.rda""","""$launchDir/data/ypb_intra-sample_ro1-dlpfc.rda""","""$launchDir/data/lindex_intra-sample_ro1-dlpfc.rda""","""$launchDir/data/true-proportions_intra-sample_ro1-dlpfc.rda""","deconrnaseq"
321,"Br3942_ant","k2","counts_adj","""$launchDir/data/sce_intra-sample_ro1-dlpfc.rda""","""$launchDir/data/ypb_intra-sample_ro1-dlpfc.rda""","""$launchDir/data/lindex_intra-sample_ro1-dlpfc.rda""","""$launchDir/data/true-proportions_intra-sample_ro1-dlpfc.rda""","deconrnaseq"
322,"Br3942_ant","k2","counts_adj","""$launchDir/data/sce_intra-sample_ro1-dlpfc.rda""","""$launchDir/data/ypb_intra-sample_ro1-dlpfc.rda""","""$launchDir/data/lindex_intra-sample_ro1-dlpfc.rda""","""$launchDir/data/true-proportions_intra-sample_ro1-dlpfc.rda""","deconrnaseq"
323,"Br3942_ant","k2","counts_adj","""$launchDir/data/sce_intra-sample_ro1-dlpfc.rda""","""$launchDir/data/ypb_intra-sample_ro1-dlpfc.rda""","""$launchDir/data/lindex_intra-sample_ro1-dlpfc.rda""","""$launchDir/data/true-proportions_intra-sample_ro1-dlpfc.rda""","deconrnaseq"
324,"Br3942_ant","k2","counts_adj","""$launchDir/data/sce_intra-sample_ro1-dlpfc.rda""","""$launchDir/data/ypb_intra-sample_ro1-dlpfc.rda""","""$launchDir/data/lindex_intra-sample_ro1-dlpfc.rda""","""$launchDir/data/true-proportions_intra-sample_ro1-dlpfc.rda""","deconrnaseq"
325,"Br3942_ant","k2","counts_adj","""$launchDir/data/sce_intra-sample_ro1-dlpfc.rda""","""$launchDir/data/ypb_intra-sample_ro1-dlpfc.rda""","""$launchDir/data/lindex_intra-sample_ro1-dlpfc.rda""","""$launchDir/data/true-proportions_intra-sample_ro1-dlpfc.rda""","deconrnaseq"
326,"Br3942_ant","k2","counts_adj","""$launchDir/data/sce_intra-sample_ro1-dlpfc.rda""","""$launchDir/data/ypb_intra-sample_ro1-dlpfc.rda""","""$launchDir/data/lindex_intra-sample_ro1-dlpfc.rda""","""$launchDir/data/true-proportions_intra-sample_ro1-dlpfc.rda""","deconrnaseq"
327,"Br3942_ant","k2","counts_adj","""$launchDir/data/sce_intra-sample_ro1-dlpfc.rda""","""$launchDir/data/ypb_intra-sample_ro1-dlpfc.rda""","""$launchDir/data/lindex_intra-sample_ro1-dlpfc.rda""","""$launchDir/data/true-proportions_intra-sample_ro1-dlpfc.rda""","deconrnaseq"
328,"Br3942_ant","k2","counts_adj","""$launchDir/data/sce_intra-sample_ro1-dlpfc.rda""","""$launchDir/data/ypb_intra-sample_ro1-dlpfc.rda""","""$launchDir/data/lindex_intra-sample_ro1-dlpfc.rda""","""$launchDir/data/true-proportions_intra-sample_ro1-dlpfc.rda""","deconrnaseq"
329,"Br3942_ant","k2","counts_adj","""$launchDir/data/sce_intra-sample_ro1-dlpfc.rda""","""$launchDir/data/ypb_intra-sample_ro1-dlpfc.rda""","""$launchDir/data/lindex_intra-sample_ro1-dlpfc.rda""","""$launchDir/data/true-proportions_intra-sample_ro1-dlpfc.rda""","deconrnaseq"
330,"Br3942_ant","k2","counts_adj","""$launchDir/data/sce_intra-sample_ro1-dlpfc.rda""","""$launchDir/data/ypb_intra-sample_ro1-dlpfc.rda""","""$launchDir/data/lindex_intra-sample_ro1-dlpfc.rda""","""$launchDir/data/true-proportions_intra-sample_ro1-dlpfc.rda""","deconrnaseq"
331,"Br3942_ant","k2","counts_adj","""$launchDir/data/sce_intra-sample_ro1-dlpfc.rda""","""$launchDir/data/ypb_intra-sample_ro1-dlpfc.rda""","""$launchDir/data/lindex_intra-sample_ro1-dlpfc.rda""","""$launchDir/data/true-proportions_intra-sample_ro1-dlpfc.rda""","deconrnaseq"
332,"Br3942_ant","k2","counts_adj","""$launchDir/data/sce_intra-sample_ro1-dlpfc.rda""","""$launchDir/data/ypb_intra-sample_ro1-dlpfc.rda""","""$launchDir/data/lindex_intra-sample_ro1-dlpfc.rda""","""$launchDir/data/true-proportions_intra-sample_ro1-dlpfc.rda""","deconrnaseq"
333,"Br3942_ant","k2","counts_adj","""$launchDir/data/sce_intra-sample_ro1-dlpfc.rda""","""$launchDir/data/ypb_intra-sample_ro1-dlpfc.rda""","""$launchDir/data/lindex_intra-sample_ro1-dlpfc.rda""","""$launchDir/data/true-proportions_intra-sample_ro1-dlpfc.rda""","deconrnaseq"
334,"Br3942_ant","k2","counts_adj","""$launchDir/data/sce_intra-sample_ro1-dlpfc.rda""","""$launchDir/data/ypb_intra-sample_ro1-dlpfc.rda""","""$launchDir/data/lindex_intra-sample_ro1-dlpfc.rda""","""$launchDir/data/true-proportions_intra-sample_ro1-dlpfc.rda""","deconrnaseq"
335,"Br3942_ant","k2","counts_adj","""$launchDir/data/sce_intra-sample_ro1-dlpfc.rda""","""$launchDir/data/ypb_intra-sample_ro1-dlpfc.rda""","""$launchDir/data/lindex_intra-sample_ro1-dlpfc.rda""","""$launchDir/data/true-proportions_intra-sample_ro1-dlpfc.rda""","deconrnaseq"
336,"Br3942_ant","k2","counts_adj","""$launchDir/data/sce_intra-sample_ro1-dlpfc.rda""","""$launchDir/data/ypb_intra-sample_ro1-dlpfc.rda""","""$launchDir/data/lindex_intra-sample_ro1-dlpfc.rda""","""$launchDir/data/true-proportions_intra-sample_ro1-dlpfc.rda""","deconrnaseq"
337,"Br3942_ant","k2","counts_adj","""$launchDir/data/sce_intra-sample_ro1-dlpfc.rda""","""$launchDir/data/ypb_intra-sample_ro1-dlpfc.rda""","""$launchDir/data/lindex_intra-sample_ro1-dlpfc.rda""","""$launchDir/data/true-proportions_intra-sample_ro1-dlpfc.rda""","deconrnaseq"
338,"Br3942_ant","k2","counts_adj","""$launchDir/data/sce_intra-sample_ro1-dlpfc.rda""","""$launchDir/data/ypb_intra-sample_ro1-dlpfc.rda""","""$launchDir/data/lindex_intra-sample_ro1-dlpfc.rda""","""$launchDir/data/true-proportions_intra-sample_ro1-dlpfc.rda""","deconrnaseq"
339,"Br3942_ant","k2","counts_adj","""$launchDir/data/sce_intra-sample_ro1-dlpfc.rda""","""$launchDir/data/ypb_intra-sample_ro1-dlpfc.rda""","""$launchDir/data/lindex_intra-sample_ro1-dlpfc.rda""","""$launchDir/data/true-proportions_intra-sample_ro1-dlpfc.rda""","deconrnaseq"
340,"Br3942_ant","k2","counts_adj","""$launchDir/data/sce_intra-sample_ro1-dlpfc.rda""","""$launchDir/data/ypb_intra-sample_ro1-dlpfc.rda""","""$launchDir/data/lindex_intra-sample_ro1-dlpfc.rda""","""$launchDir/data/true-proportions_intra-sample_ro1-dlpfc.rda""","deconrnaseq"
341,"Br3942_ant","k2","counts_adj","""$launchDir/data/sce_intra-sample_ro1-dlpfc.rda""","""$launchDir/data/ypb_intra-sample_ro1-dlpfc.rda""","""$launchDir/data/lindex_intra-sample_ro1-dlpfc.rda""","""$launchDir/data/true-proportions_intra-sample_ro1-dlpfc.rda""","deconrnaseq"
342,"Br3942_ant","k2","counts_adj","""$launchDir/data/sce_intra-sample_ro1-dlpfc.rda""","""$launchDir/data/ypb_intra-sample_ro1-dlpfc.rda""","""$launchDir/data/lindex_intra-sample_ro1-dlpfc.rda""","""$launchDir/data/true-proportions_intra-sample_ro1-dlpfc.rda""","deconrnaseq"
343,"Br3942_ant","k2","counts_adj","""$launchDir/data/sce_intra-sample_ro1-dlpfc.rda""","""$launchDir/data/ypb_intra-sample_ro1-dlpfc.rda""","""$launchDir/data/lindex_intra-sample_ro1-dlpfc.rda""","""$launchDir/data/true-proportions_intra-sample_ro1-dlpfc.rda""","deconrnaseq"
344,"Br3942_ant","k2","counts_adj","""$launchDir/data/sce_intra-sample_ro1-dlpfc.rda""","""$launchDir/data/ypb_intra-sample_ro1-dlpfc.rda""","""$launchDir/data/lindex_intra-sample_ro1-dlpfc.rda""","""$launchDir/data/true-proportions_intra-sample_ro1-dlpfc.rda""","deconrnaseq"
345,"Br3942_ant","k2","counts_adj","""$launchDir/data/sce_intra-sample_ro1-dlpfc.rda""","""$launchDir/data/ypb_intra-sample_ro1-dlpfc.rda""","""$launchDir/data/lindex_intra-sample_ro1-dlpfc.rda""","""$launchDir/data/true-proportions_intra-sample_ro1-dlpfc.rda""","deconrnaseq"
346,"Br3942_ant","k2","counts_adj","""$launchDir/data/sce_intra-sample_ro1-dlpfc.rda""","""$launchDir/data/ypb_intra-sample_ro1-dlpfc.rda""","""$launchDir/data/lindex_intra-sample_ro1-dlpfc.rda""","""$launchDir/data/true-proportions_intra-sample_ro1-dlpfc.rda""","deconrnaseq"
347,"Br3942_ant","k2","counts_adj","""$launchDir/data/sce_intra-sample_ro1-dlpfc.rda""","""$launchDir/data/ypb_intra-sample_ro1-dlpfc.rda""","""$launchDir/data/lindex_intra-sample_ro1-dlpfc.rda""","""$launchDir/data/true-proportions_intra-sample_ro1-dlpfc.rda""","deconrnaseq"
348,"Br3942_ant","k2","counts_adj","""$launchDir/data/sce_intra-sample_ro1-dlpfc.rda""","""$launchDir/data/ypb_intra-sample_ro1-dlpfc.rda""","""$launchDir/data/lindex_intra-sample_ro1-dlpfc.rda""","""$launchDir/data/true-proportions_intra-sample_ro1-dlpfc.rda""","deconrnaseq"
349,"Br3942_ant","k2","counts_adj","""$launchDir/data/sce_intra-sample_ro1-dlpfc.rda""","""$launchDir/data/ypb_intra-sample_ro1-dlpfc.rda""","""$launchDir/data/lindex_intra-sample_ro1-dlpfc.rda""","""$launchDir/data/true-proportions_intra-sample_ro1-dlpfc.rda""","deconrnaseq"
350,"Br3942_ant","k2","counts_adj","""$launchDir/data/sce_intra-sample_ro1-dlpfc.rda""","""$launchDir/data/ypb_intra-sample_ro1-dlpfc.rda""","""$launchDir/data/lindex_intra-sample_ro1-dlpfc.rda""","""$launchDir/data/true-proportions_intra-sample_ro1-dlpfc.rda""","deconrnaseq"
351,"Br3942_ant","k2","counts_adj","""$launchDir/data/sce_intra-sample_ro1-dlpfc.rda""","""$launchDir/data/ypb_intra-sample_ro1-dlpfc.rda""","""$launchDir/data/lindex_intra-sample_ro1-dlpfc.rda""","""$launchDir/data/true-proportions_intra-sample_ro1-dlpfc.rda""","deconrnaseq"
352,"Br3942_ant","k2","counts_adj","""$launchDir/data/sce_intra-sample_ro1-dlpfc.rda""","""$launchDir/data/ypb_intra-sample_ro1-dlpfc.rda""","""$launchDir/data/lindex_intra-sample_ro1-dlpfc.rda""","""$launchDir/data/true-proportions_intra-sample_ro1-dlpfc.rda""","deconrnaseq"
353,"Br3942_ant","k2","counts_adj","""$launchDir/data/sce_intra-sample_ro1-dlpfc.rda""","""$launchDir/data/ypb_intra-sample_ro1-dlpfc.rda""","""$launchDir/data/lindex_intra-sample_ro1-dlpfc.rda""","""$launchDir/data/true-proportions_intra-sample_ro1-dlpfc.rda""","deconrnaseq"
354,"Br3942_ant","k2","counts_adj","""$launchDir/data/sce_intra-sample_ro1-dlpfc.rda""","""$launchDir/data/ypb_intra-sample_ro1-dlpfc.rda""","""$launchDir/data/lindex_intra-sample_ro1-dlpfc.rda""","""$launchDir/data/true-proportions_intra-sample_ro1-dlpfc.rda""","deconrnaseq"
355,"Br3942_ant","k2","counts_adj","""$launchDir/data/sce_intra-sample_ro1-dlpfc.rda""","""$launchDir/data/ypb_intra-sample_ro1-dlpfc.rda""","""$launchDir/data/lindex_intra-sample_ro1-dlpfc.rda""","""$launchDir/data/true-proportions_intra-sample_ro1-dlpfc.rda""","deconrnaseq"
356,"Br3942_ant","k2","counts_adj","""$launchDir/data/sce_intra-sample_ro1-dlpfc.rda""","""$launchDir/data/ypb_intra-sample_ro1-dlpfc.rda""","""$launchDir/data/lindex_intra-sample_ro1-dlpfc.rda""","""$launchDir/data/true-proportions_intra-sample_ro1-dlpfc.rda""","deconrnaseq"
357,"Br3942_ant","k2","counts_adj","""$launchDir/data/sce_intra-sample_ro1-dlpfc.rda""","""$launchDir/data/ypb_intra-sample_ro1-dlpfc.rda""","""$launchDir/data/lindex_intra-sample_ro1-dlpfc.rda""","""$launchDir/data/true-proportions_intra-sample_ro1-dlpfc.rda""","deconrnaseq"
358,"Br3942_ant","k2","counts_adj","""$launchDir/data/sce_intra-sample_ro1-dlpfc.rda""","""$launchDir/data/ypb_intra-sample_ro1-dlpfc.rda""","""$launchDir/data/lindex_intra-sample_ro1-dlpfc.rda""","""$launchDir/data/true-proportions_intra-sample_ro1-dlpfc.rda""","deconrnaseq"
359,"Br3942_ant","k2","counts_adj","""$launchDir/data/sce_intra-sample_ro1-dlpfc.rda""","""$launchDir/data/ypb_intra-sample_ro1-dlpfc.rda""","""$launchDir/data/lindex_intra-sample_ro1-dlpfc.rda""","""$launchDir/data/true-proportions_intra-sample_ro1-dlpfc.rda""","deconrnaseq"
360,"Br3942_ant","k2","counts_adj","""$launchDir/data/sce_intra-sample_ro1-dlpfc.rda""","""$launchDir/data/ypb_intra-sample_ro1-dlpfc.rda""","""$launchDir/data/lindex_intra-sample_ro1-dlpfc.rda""","""$launchDir/data/true-proportions_intra-sample_ro1-dlpfc.rda""","deconrnaseq"
361,"Br3942_ant","k2","counts_adj","""$launchDir/data/sce_intra-sample_ro1-dlpfc.rda""","""$launchDir/data/ypb_intra-sample_ro1-dlpfc.rda""","""$launchDir/data/lindex_intra-sample_ro1-dlpfc.rda""","""$launchDir/data/true-proportions_intra-sample_ro1-dlpfc.rda""","deconrnaseq"
362,"Br3942_ant","k2","counts_adj","""$launchDir/data/sce_intra-sample_ro1-dlpfc.rda""","""$launchDir/data/ypb_intra-sample_ro1-dlpfc.rda""","""$launchDir/data/lindex_intra-sample_ro1-dlpfc.rda""","""$launchDir/data/true-proportions_intra-sample_ro1-dlpfc.rda""","deconrnaseq"
363,"Br3942_ant","k2","counts_adj","""$launchDir/data/sce_intra-sample_ro1-dlpfc.rda""","""$launchDir/data/ypb_intra-sample_ro1-dlpfc.rda""","""$launchDir/data/lindex_intra-sample_ro1-dlpfc.rda""","""$launchDir/data/true-proportions_intra-sample_ro1-dlpfc.rda""","deconrnaseq"
364,"Br3942_ant","k2","counts_adj","""$launchDir/data/sce_intra-sample_ro1-dlpfc.rda""","""$launchDir/data/ypb_intra-sample_ro1-dlpfc.rda""","""$launchDir/data/lindex_intra-sample_ro1-dlpfc.rda""","""$launchDir/data/true-proportions_intra-sample_ro1-dlpfc.rda""","deconrnaseq"
365,"Br3942_ant","k2","counts_adj","""$launchDir/data/sce_intra-sample_ro1-dlpfc.rda""","""$launchDir/data/ypb_intra-sample_ro1-dlpfc.rda""","""$launchDir/data/lindex_intra-sample_ro1-dlpfc.rda""","""$launchDir/data/true-proportions_intra-sample_ro1-dlpfc.rda""","deconrnaseq"
366,"Br3942_ant","k2","counts_adj","""$launchDir/data/sce_intra-sample_ro1-dlpfc.rda""","""$launchDir/data/ypb_intra-sample_ro1-dlpfc.rda""","""$launchDir/data/lindex_intra-sample_ro1-dlpfc.rda""","""$launchDir/data/true-proportions_intra-sample_ro1-dlpfc.rda""","deconrnaseq"
367,"Br3942_ant","k2","counts_adj","""$launchDir/data/sce_intra-sample_ro1-dlpfc.rda""","""$launchDir/data/ypb_intra-sample_ro1-dlpfc.rda""","""$launchDir/data/lindex_intra-sample_ro1-dlpfc.rda""","""$launchDir/data/true-proportions_intra-sample_ro1-dlpfc.rda""","deconrnaseq"
368,"Br3942_ant","k2","counts_adj","""$launchDir/data/sce_intra-sample_ro1-dlpfc.rda""","""$launchDir/data/ypb_intra-sample_ro1-dlpfc.rda""","""$launchDir/data/lindex_intra-sample_ro1-dlpfc.rda""","""$launchDir/data/true-proportions_intra-sample_ro1-dlpfc.rda""","deconrnaseq"
369,"Br3942_ant","k2","counts_adj","""$launchDir/data/sce_intra-sample_ro1-dlpfc.rda""","""$launchDir/data/ypb_intra-sample_ro1-dlpfc.rda""","""$launchDir/data/lindex_intra-sample_ro1-dlpfc.rda""","""$launchDir/data/true-proportions_intra-sample_ro1-dlpfc.rda""","deconrnaseq"
370,"Br3942_ant","k2","counts_adj","""$launchDir/data/sce_intra-sample_ro1-dlpfc.rda""","""$launchDir/data/ypb_intra-sample_ro1-dlpfc.rda""","""$launchDir/data/lindex_intra-sample_ro1-dlpfc.rda""","""$launchDir/data/true-proportions_intra-sample_ro1-dlpfc.rda""","deconrnaseq"
371,"Br3942_ant","k2","counts_adj","""$launchDir/data/sce_intra-sample_ro1-dlpfc.rda""","""$launchDir/data/ypb_intra-sample_ro1-dlpfc.rda""","""$launchDir/data/lindex_intra-sample_ro1-dlpfc.rda""","""$launchDir/data/true-proportions_intra-sample_ro1-dlpfc.rda""","deconrnaseq"
372,"Br3942_ant","k2","counts_adj","""$launchDir/data/sce_intra-sample_ro1-dlpfc.rda""","""$launchDir/data/ypb_intra-sample_ro1-dlpfc.rda""","""$launchDir/data/lindex_intra-sample_ro1-dlpfc.rda""","""$launchDir/data/true-proportions_intra-sample_ro1-dlpfc.rda""","deconrnaseq"
373,"Br3942_ant","k2","counts_adj","""$launchDir/data/sce_intra-sample_ro1-dlpfc.rda""","""$launchDir/data/ypb_intra-sample_ro1-dlpfc.rda""","""$launchDir/data/lindex_intra-sample_ro1-dlpfc.rda""","""$launchDir/data/true-proportions_intra-sample_ro1-dlpfc.rda""","deconrnaseq"
374,"Br3942_ant","k2","counts_adj","""$launchDir/data/sce_intra-sample_ro1-dlpfc.rda""","""$launchDir/data/ypb_intra-sample_ro1-dlpfc.rda""","""$launchDir/data/lindex_intra-sample_ro1-dlpfc.rda""","""$launchDir/data/true-proportions_intra-sample_ro1-dlpfc.rda""","deconrnaseq"
375,"Br3942_ant","k2","counts_adj","""$launchDir/data/sce_intra-sample_ro1-dlpfc.rda""","""$launchDir/data/ypb_intra-sample_ro1-dlpfc.rda""","""$launchDir/data/lindex_intra-sample_ro1-dlpfc.rda""","""$launchDir/data/true-proportions_intra-sample_ro1-dlpfc.rda""","deconrnaseq"
376,"Br3942_ant","k2","counts_adj","""$launchDir/data/sce_intra-sample_ro1-dlpfc.rda""","""$launchDir/data/ypb_intra-sample_ro1-dlpfc.rda""","""$launchDir/data/lindex_intra-sample_ro1-dlpfc.rda""","""$launchDir/data/true-proportions_intra-sample_ro1-dlpfc.rda""","deconrnaseq"
377,"Br3942_ant","k2","counts_adj","""$launchDir/data/sce_intra-sample_ro1-dlpfc.rda""","""$launchDir/data/ypb_intra-sample_ro1-dlpfc.rda""","""$launchDir/data/lindex_intra-sample_ro1-dlpfc.rda""","""$launchDir/data/true-proportions_intra-sample_ro1-dlpfc.rda""","deconrnaseq"
378,"Br3942_ant","k2","counts_adj","""$launchDir/data/sce_intra-sample_ro1-dlpfc.rda""","""$launchDir/data/ypb_intra-sample_ro1-dlpfc.rda""","""$launchDir/data/lindex_intra-sample_ro1-dlpfc.rda""","""$launchDir/data/true-proportions_intra-sample_ro1-dlpfc.rda""","deconrnaseq"
379,"Br3942_ant","k2","counts_adj","""$launchDir/data/sce_intra-sample_ro1-dlpfc.rda""","""$launchDir/data/ypb_intra-sample_ro1-dlpfc.rda""","""$launchDir/data/lindex_intra-sample_ro1-dlpfc.rda""","""$launchDir/data/true-proportions_intra-sample_ro1-dlpfc.rda""","deconrnaseq"
380,"Br3942_ant","k2","counts_adj","""$launchDir/data/sce_intra-sample_ro1-dlpfc.rda""","""$launchDir/data/ypb_intra-sample_ro1-dlpfc.rda""","""$launchDir/data/lindex_intra-sample_ro1-dlpfc.rda""","""$launchDir/data/true-proportions_intra-sample_ro1-dlpfc.rda""","deconrnaseq"
381,"Br3942_ant","k2","counts_adj","""$launchDir/data/sce_intra-sample_ro1-dlpfc.rda""","""$launchDir/data/ypb_intra-sample_ro1-dlpfc.rda""","""$launchDir/data/lindex_intra-sample_ro1-dlpfc.rda""","""$launchDir/data/true-proportions_intra-sample_ro1-dlpfc.rda""","deconrnaseq"
382,"Br3942_ant","k2","counts_adj","""$launchDir/data/sce_intra-sample_ro1-dlpfc.rda""","""$launchDir/data/ypb_intra-sample_ro1-dlpfc.rda""","""$launchDir/data/lindex_intra-sample_ro1-dlpfc.rda""","""$launchDir/data/true-proportions_intra-sample_ro1-dlpfc.rda""","deconrnaseq"
383,"Br3942_ant","k2","counts_adj","""$launchDir/data/sce_intra-sample_ro1-dlpfc.rda""","""$launchDir/data/ypb_intra-sample_ro1-dlpfc.rda""","""$launchDir/data/lindex_intra-sample_ro1-dlpfc.rda""","""$launchDir/data/true-proportions_intra-sample_ro1-dlpfc.rda""","deconrnaseq"
384,"Br3942_ant","k2","counts_adj","""$launchDir/data/sce_intra-sample_ro1-dlpfc.rda""","""$launchDir/data/ypb_intra-sample_ro1-dlpfc.rda""","""$launchDir/data/lindex_intra-sample_ro1-dlpfc.rda""","""$launchDir/data/true-proportions_intra-sample_ro1-dlpfc.rda""","deconrnaseq"
385,"Br3942_ant","k2","counts_adj","""$launchDir/data/sce_intra-sample_ro1-dlpfc.rda""","""$launchDir/data/ypb_intra-sample_ro1-dlpfc.rda""","""$launchDir/data/lindex_intra-sample_ro1-dlpfc.rda""","""$launchDir/data/true-proportions_intra-sample_ro1-dlpfc.rda""","deconrnaseq"
386,"Br3942_ant","k2","counts_adj","""$launchDir/data/sce_intra-sample_ro1-dlpfc.rda""","""$launchDir/data/ypb_intra-sample_ro1-dlpfc.rda""","""$launchDir/data/lindex_intra-sample_ro1-dlpfc.rda""","""$launchDir/data/true-proportions_intra-sample_ro1-dlpfc.rda""","deconrnaseq"
387,"Br3942_ant","k2","counts_adj","""$launchDir/data/sce_intra-sample_ro1-dlpfc.rda""","""$launchDir/data/ypb_intra-sample_ro1-dlpfc.rda""","""$launchDir/data/lindex_intra-sample_ro1-dlpfc.rda""","""$launchDir/data/true-proportions_intra-sample_ro1-dlpfc.rda""","deconrnaseq"
388,"Br3942_ant","k2","counts_adj","""$launchDir/data/sce_intra-sample_ro1-dlpfc.rda""","""$launchDir/data/ypb_intra-sample_ro1-dlpfc.rda""","""$launchDir/data/lindex_intra-sample_ro1-dlpfc.rda""","""$launchDir/data/true-proportions_intra-sample_ro1-dlpfc.rda""","deconrnaseq"
389,"Br3942_ant","k2","counts_adj","""$launchDir/data/sce_intra-sample_ro1-dlpfc.rda""","""$launchDir/data/ypb_intra-sample_ro1-dlpfc.rda""","""$launchDir/data/lindex_intra-sample_ro1-dlpfc.rda""","""$launchDir/data/true-proportions_intra-sample_ro1-dlpfc.rda""","deconrnaseq"
390,"Br3942_ant","k2","counts_adj","""$launchDir/data/sce_intra-sample_ro1-dlpfc.rda""","""$launchDir/data/ypb_intra-sample_ro1-dlpfc.rda""","""$launchDir/data/lindex_intra-sample_ro1-dlpfc.rda""","""$launchDir/data/true-proportions_intra-sample_ro1-dlpfc.rda""","deconrnaseq"
391,"Br3942_ant","k2","counts_adj","""$launchDir/data/sce_intra-sample_ro1-dlpfc.rda""","""$launchDir/data/ypb_intra-sample_ro1-dlpfc.rda""","""$launchDir/data/lindex_intra-sample_ro1-dlpfc.rda""","""$launchDir/data/true-proportions_intra-sample_ro1-dlpfc.rda""","deconrnaseq"
392,"Br3942_ant","k2","counts_adj","""$launchDir/data/sce_intra-sample_ro1-dlpfc.rda""","""$launchDir/data/ypb_intra-sample_ro1-dlpfc.rda""","""$launchDir/data/lindex_intra-sample_ro1-dlpfc.rda""","""$launchDir/data/true-proportions_intra-sample_ro1-dlpfc.rda""","deconrnaseq"
393,"Br3942_ant","k2","counts_adj","""$launchDir/data/sce_intra-sample_ro1-dlpfc.rda""","""$launchDir/data/ypb_intra-sample_ro1-dlpfc.rda""","""$launchDir/data/lindex_intra-sample_ro1-dlpfc.rda""","""$launchDir/data/true-proportions_intra-sample_ro1-dlpfc.rda""","deconrnaseq"
394,"Br3942_ant","k2","counts_adj","""$launchDir/data/sce_intra-sample_ro1-dlpfc.rda""","""$launchDir/data/ypb_intra-sample_ro1-dlpfc.rda""","""$launchDir/data/lindex_intra-sample_ro1-dlpfc.rda""","""$launchDir/data/true-proportions_intra-sample_ro1-dlpfc.rda""","deconrnaseq"
395,"Br3942_ant","k2","counts_adj","""$launchDir/data/sce_intra-sample_ro1-dlpfc.rda""","""$launchDir/data/ypb_intra-sample_ro1-dlpfc.rda""","""$launchDir/data/lindex_intra-sample_ro1-dlpfc.rda""","""$launchDir/data/true-proportions_intra-sample_ro1-dlpfc.rda""","deconrnaseq"
396,"Br3942_ant","k2","counts_adj","""$launchDir/data/sce_intra-sample_ro1-dlpfc.rda""","""$launchDir/data/ypb_intra-sample_ro1-dlpfc.rda""","""$launchDir/data/lindex_intra-sample_ro1-dlpfc.rda""","""$launchDir/data/true-proportions_intra-sample_ro1-dlpfc.rda""","deconrnaseq"
397,"Br3942_ant","k2","counts_adj","""$launchDir/data/sce_intra-sample_ro1-dlpfc.rda""","""$launchDir/data/ypb_intra-sample_ro1-dlpfc.rda""","""$launchDir/data/lindex_intra-sample_ro1-dlpfc.rda""","""$launchDir/data/true-proportions_intra-sample_ro1-dlpfc.rda""","deconrnaseq"
398,"Br3942_ant","k2","counts_adj","""$launchDir/data/sce_intra-sample_ro1-dlpfc.rda""","""$launchDir/data/ypb_intra-sample_ro1-dlpfc.rda""","""$launchDir/data/lindex_intra-sample_ro1-dlpfc.rda""","""$launchDir/data/true-proportions_intra-sample_ro1-dlpfc.rda""","deconrnaseq"
399,"Br3942_ant","k2","counts_adj","""$launchDir/data/sce_intra-sample_ro1-dlpfc.rda""","""$launchDir/data/ypb_intra-sample_ro1-dlpfc.rda""","""$launchDir/data/lindex_intra-sample_ro1-dlpfc.rda""","""$launchDir/data/true-proportions_intra-sample_ro1-dlpfc.rda""","deconrnaseq"
400,"Br3942_ant","k2","counts_adj","""$launchDir/data/sce_intra-sample_ro1-dlpfc.rda""","""$launchDir/data/ypb_intra-sample_ro1-dlpfc.rda""","""$launchDir/data/lindex_intra-sample_ro1-dlpfc.rda""","""$launchDir/data/true-proportions_intra-sample_ro1-dlpfc.rda""","deconrnaseq"
