"iterations_index","sample_id","celltype_variable","assay_name","sce_filepath","bulk_filepath","list_index_filepath","true_proportions_filepath","method"
401,"Br3942_ant","k2","counts_adj","""$launchDir/data/sce_intra-sample_ro1-dlpfc.rda""","""$launchDir/data/ypb_intra-sample_ro1-dlpfc.rda""","""$launchDir/data/lindex_intra-sample_ro1-dlpfc.rda""","""$launchDir/data/true-proportions_intra-sample_ro1-dlpfc.rda""","deconrnaseq"
402,"Br3942_ant","k2","counts_adj","""$launchDir/data/sce_intra-sample_ro1-dlpfc.rda""","""$launchDir/data/ypb_intra-sample_ro1-dlpfc.rda""","""$launchDir/data/lindex_intra-sample_ro1-dlpfc.rda""","""$launchDir/data/true-proportions_intra-sample_ro1-dlpfc.rda""","deconrnaseq"
403,"Br3942_ant","k2","counts_adj","""$launchDir/data/sce_intra-sample_ro1-dlpfc.rda""","""$launchDir/data/ypb_intra-sample_ro1-dlpfc.rda""","""$launchDir/data/lindex_intra-sample_ro1-dlpfc.rda""","""$launchDir/data/true-proportions_intra-sample_ro1-dlpfc.rda""","deconrnaseq"
404,"Br3942_ant","k2","counts_adj","""$launchDir/data/sce_intra-sample_ro1-dlpfc.rda""","""$launchDir/data/ypb_intra-sample_ro1-dlpfc.rda""","""$launchDir/data/lindex_intra-sample_ro1-dlpfc.rda""","""$launchDir/data/true-proportions_intra-sample_ro1-dlpfc.rda""","deconrnaseq"
405,"Br3942_ant","k2","counts_adj","""$launchDir/data/sce_intra-sample_ro1-dlpfc.rda""","""$launchDir/data/ypb_intra-sample_ro1-dlpfc.rda""","""$launchDir/data/lindex_intra-sample_ro1-dlpfc.rda""","""$launchDir/data/true-proportions_intra-sample_ro1-dlpfc.rda""","deconrnaseq"
406,"Br3942_ant","k2","counts_adj","""$launchDir/data/sce_intra-sample_ro1-dlpfc.rda""","""$launchDir/data/ypb_intra-sample_ro1-dlpfc.rda""","""$launchDir/data/lindex_intra-sample_ro1-dlpfc.rda""","""$launchDir/data/true-proportions_intra-sample_ro1-dlpfc.rda""","deconrnaseq"
407,"Br3942_ant","k2","counts_adj","""$launchDir/data/sce_intra-sample_ro1-dlpfc.rda""","""$launchDir/data/ypb_intra-sample_ro1-dlpfc.rda""","""$launchDir/data/lindex_intra-sample_ro1-dlpfc.rda""","""$launchDir/data/true-proportions_intra-sample_ro1-dlpfc.rda""","deconrnaseq"
408,"Br3942_ant","k2","counts_adj","""$launchDir/data/sce_intra-sample_ro1-dlpfc.rda""","""$launchDir/data/ypb_intra-sample_ro1-dlpfc.rda""","""$launchDir/data/lindex_intra-sample_ro1-dlpfc.rda""","""$launchDir/data/true-proportions_intra-sample_ro1-dlpfc.rda""","deconrnaseq"
409,"Br3942_ant","k2","counts_adj","""$launchDir/data/sce_intra-sample_ro1-dlpfc.rda""","""$launchDir/data/ypb_intra-sample_ro1-dlpfc.rda""","""$launchDir/data/lindex_intra-sample_ro1-dlpfc.rda""","""$launchDir/data/true-proportions_intra-sample_ro1-dlpfc.rda""","deconrnaseq"
410,"Br3942_ant","k2","counts_adj","""$launchDir/data/sce_intra-sample_ro1-dlpfc.rda""","""$launchDir/data/ypb_intra-sample_ro1-dlpfc.rda""","""$launchDir/data/lindex_intra-sample_ro1-dlpfc.rda""","""$launchDir/data/true-proportions_intra-sample_ro1-dlpfc.rda""","deconrnaseq"
411,"Br3942_ant","k2","counts_adj","""$launchDir/data/sce_intra-sample_ro1-dlpfc.rda""","""$launchDir/data/ypb_intra-sample_ro1-dlpfc.rda""","""$launchDir/data/lindex_intra-sample_ro1-dlpfc.rda""","""$launchDir/data/true-proportions_intra-sample_ro1-dlpfc.rda""","deconrnaseq"
412,"Br3942_ant","k2","counts_adj","""$launchDir/data/sce_intra-sample_ro1-dlpfc.rda""","""$launchDir/data/ypb_intra-sample_ro1-dlpfc.rda""","""$launchDir/data/lindex_intra-sample_ro1-dlpfc.rda""","""$launchDir/data/true-proportions_intra-sample_ro1-dlpfc.rda""","deconrnaseq"
413,"Br3942_ant","k2","counts_adj","""$launchDir/data/sce_intra-sample_ro1-dlpfc.rda""","""$launchDir/data/ypb_intra-sample_ro1-dlpfc.rda""","""$launchDir/data/lindex_intra-sample_ro1-dlpfc.rda""","""$launchDir/data/true-proportions_intra-sample_ro1-dlpfc.rda""","deconrnaseq"
414,"Br3942_ant","k2","counts_adj","""$launchDir/data/sce_intra-sample_ro1-dlpfc.rda""","""$launchDir/data/ypb_intra-sample_ro1-dlpfc.rda""","""$launchDir/data/lindex_intra-sample_ro1-dlpfc.rda""","""$launchDir/data/true-proportions_intra-sample_ro1-dlpfc.rda""","deconrnaseq"
415,"Br3942_ant","k2","counts_adj","""$launchDir/data/sce_intra-sample_ro1-dlpfc.rda""","""$launchDir/data/ypb_intra-sample_ro1-dlpfc.rda""","""$launchDir/data/lindex_intra-sample_ro1-dlpfc.rda""","""$launchDir/data/true-proportions_intra-sample_ro1-dlpfc.rda""","deconrnaseq"
416,"Br3942_ant","k2","counts_adj","""$launchDir/data/sce_intra-sample_ro1-dlpfc.rda""","""$launchDir/data/ypb_intra-sample_ro1-dlpfc.rda""","""$launchDir/data/lindex_intra-sample_ro1-dlpfc.rda""","""$launchDir/data/true-proportions_intra-sample_ro1-dlpfc.rda""","deconrnaseq"
417,"Br3942_ant","k2","counts_adj","""$launchDir/data/sce_intra-sample_ro1-dlpfc.rda""","""$launchDir/data/ypb_intra-sample_ro1-dlpfc.rda""","""$launchDir/data/lindex_intra-sample_ro1-dlpfc.rda""","""$launchDir/data/true-proportions_intra-sample_ro1-dlpfc.rda""","deconrnaseq"
418,"Br3942_ant","k2","counts_adj","""$launchDir/data/sce_intra-sample_ro1-dlpfc.rda""","""$launchDir/data/ypb_intra-sample_ro1-dlpfc.rda""","""$launchDir/data/lindex_intra-sample_ro1-dlpfc.rda""","""$launchDir/data/true-proportions_intra-sample_ro1-dlpfc.rda""","deconrnaseq"
419,"Br3942_ant","k2","counts_adj","""$launchDir/data/sce_intra-sample_ro1-dlpfc.rda""","""$launchDir/data/ypb_intra-sample_ro1-dlpfc.rda""","""$launchDir/data/lindex_intra-sample_ro1-dlpfc.rda""","""$launchDir/data/true-proportions_intra-sample_ro1-dlpfc.rda""","deconrnaseq"
420,"Br3942_ant","k2","counts_adj","""$launchDir/data/sce_intra-sample_ro1-dlpfc.rda""","""$launchDir/data/ypb_intra-sample_ro1-dlpfc.rda""","""$launchDir/data/lindex_intra-sample_ro1-dlpfc.rda""","""$launchDir/data/true-proportions_intra-sample_ro1-dlpfc.rda""","deconrnaseq"
421,"Br3942_ant","k2","counts_adj","""$launchDir/data/sce_intra-sample_ro1-dlpfc.rda""","""$launchDir/data/ypb_intra-sample_ro1-dlpfc.rda""","""$launchDir/data/lindex_intra-sample_ro1-dlpfc.rda""","""$launchDir/data/true-proportions_intra-sample_ro1-dlpfc.rda""","deconrnaseq"
422,"Br3942_ant","k2","counts_adj","""$launchDir/data/sce_intra-sample_ro1-dlpfc.rda""","""$launchDir/data/ypb_intra-sample_ro1-dlpfc.rda""","""$launchDir/data/lindex_intra-sample_ro1-dlpfc.rda""","""$launchDir/data/true-proportions_intra-sample_ro1-dlpfc.rda""","deconrnaseq"
423,"Br3942_ant","k2","counts_adj","""$launchDir/data/sce_intra-sample_ro1-dlpfc.rda""","""$launchDir/data/ypb_intra-sample_ro1-dlpfc.rda""","""$launchDir/data/lindex_intra-sample_ro1-dlpfc.rda""","""$launchDir/data/true-proportions_intra-sample_ro1-dlpfc.rda""","deconrnaseq"
424,"Br3942_ant","k2","counts_adj","""$launchDir/data/sce_intra-sample_ro1-dlpfc.rda""","""$launchDir/data/ypb_intra-sample_ro1-dlpfc.rda""","""$launchDir/data/lindex_intra-sample_ro1-dlpfc.rda""","""$launchDir/data/true-proportions_intra-sample_ro1-dlpfc.rda""","deconrnaseq"
425,"Br3942_ant","k2","counts_adj","""$launchDir/data/sce_intra-sample_ro1-dlpfc.rda""","""$launchDir/data/ypb_intra-sample_ro1-dlpfc.rda""","""$launchDir/data/lindex_intra-sample_ro1-dlpfc.rda""","""$launchDir/data/true-proportions_intra-sample_ro1-dlpfc.rda""","deconrnaseq"
426,"Br3942_ant","k2","counts_adj","""$launchDir/data/sce_intra-sample_ro1-dlpfc.rda""","""$launchDir/data/ypb_intra-sample_ro1-dlpfc.rda""","""$launchDir/data/lindex_intra-sample_ro1-dlpfc.rda""","""$launchDir/data/true-proportions_intra-sample_ro1-dlpfc.rda""","deconrnaseq"
427,"Br3942_ant","k2","counts_adj","""$launchDir/data/sce_intra-sample_ro1-dlpfc.rda""","""$launchDir/data/ypb_intra-sample_ro1-dlpfc.rda""","""$launchDir/data/lindex_intra-sample_ro1-dlpfc.rda""","""$launchDir/data/true-proportions_intra-sample_ro1-dlpfc.rda""","deconrnaseq"
428,"Br3942_ant","k2","counts_adj","""$launchDir/data/sce_intra-sample_ro1-dlpfc.rda""","""$launchDir/data/ypb_intra-sample_ro1-dlpfc.rda""","""$launchDir/data/lindex_intra-sample_ro1-dlpfc.rda""","""$launchDir/data/true-proportions_intra-sample_ro1-dlpfc.rda""","deconrnaseq"
429,"Br3942_ant","k2","counts_adj","""$launchDir/data/sce_intra-sample_ro1-dlpfc.rda""","""$launchDir/data/ypb_intra-sample_ro1-dlpfc.rda""","""$launchDir/data/lindex_intra-sample_ro1-dlpfc.rda""","""$launchDir/data/true-proportions_intra-sample_ro1-dlpfc.rda""","deconrnaseq"
430,"Br3942_ant","k2","counts_adj","""$launchDir/data/sce_intra-sample_ro1-dlpfc.rda""","""$launchDir/data/ypb_intra-sample_ro1-dlpfc.rda""","""$launchDir/data/lindex_intra-sample_ro1-dlpfc.rda""","""$launchDir/data/true-proportions_intra-sample_ro1-dlpfc.rda""","deconrnaseq"
431,"Br3942_ant","k2","counts_adj","""$launchDir/data/sce_intra-sample_ro1-dlpfc.rda""","""$launchDir/data/ypb_intra-sample_ro1-dlpfc.rda""","""$launchDir/data/lindex_intra-sample_ro1-dlpfc.rda""","""$launchDir/data/true-proportions_intra-sample_ro1-dlpfc.rda""","deconrnaseq"
432,"Br3942_ant","k2","counts_adj","""$launchDir/data/sce_intra-sample_ro1-dlpfc.rda""","""$launchDir/data/ypb_intra-sample_ro1-dlpfc.rda""","""$launchDir/data/lindex_intra-sample_ro1-dlpfc.rda""","""$launchDir/data/true-proportions_intra-sample_ro1-dlpfc.rda""","deconrnaseq"
433,"Br3942_ant","k2","counts_adj","""$launchDir/data/sce_intra-sample_ro1-dlpfc.rda""","""$launchDir/data/ypb_intra-sample_ro1-dlpfc.rda""","""$launchDir/data/lindex_intra-sample_ro1-dlpfc.rda""","""$launchDir/data/true-proportions_intra-sample_ro1-dlpfc.rda""","deconrnaseq"
434,"Br3942_ant","k2","counts_adj","""$launchDir/data/sce_intra-sample_ro1-dlpfc.rda""","""$launchDir/data/ypb_intra-sample_ro1-dlpfc.rda""","""$launchDir/data/lindex_intra-sample_ro1-dlpfc.rda""","""$launchDir/data/true-proportions_intra-sample_ro1-dlpfc.rda""","deconrnaseq"
435,"Br3942_ant","k2","counts_adj","""$launchDir/data/sce_intra-sample_ro1-dlpfc.rda""","""$launchDir/data/ypb_intra-sample_ro1-dlpfc.rda""","""$launchDir/data/lindex_intra-sample_ro1-dlpfc.rda""","""$launchDir/data/true-proportions_intra-sample_ro1-dlpfc.rda""","deconrnaseq"
436,"Br3942_ant","k2","counts_adj","""$launchDir/data/sce_intra-sample_ro1-dlpfc.rda""","""$launchDir/data/ypb_intra-sample_ro1-dlpfc.rda""","""$launchDir/data/lindex_intra-sample_ro1-dlpfc.rda""","""$launchDir/data/true-proportions_intra-sample_ro1-dlpfc.rda""","deconrnaseq"
437,"Br3942_ant","k2","counts_adj","""$launchDir/data/sce_intra-sample_ro1-dlpfc.rda""","""$launchDir/data/ypb_intra-sample_ro1-dlpfc.rda""","""$launchDir/data/lindex_intra-sample_ro1-dlpfc.rda""","""$launchDir/data/true-proportions_intra-sample_ro1-dlpfc.rda""","deconrnaseq"
438,"Br3942_ant","k2","counts_adj","""$launchDir/data/sce_intra-sample_ro1-dlpfc.rda""","""$launchDir/data/ypb_intra-sample_ro1-dlpfc.rda""","""$launchDir/data/lindex_intra-sample_ro1-dlpfc.rda""","""$launchDir/data/true-proportions_intra-sample_ro1-dlpfc.rda""","deconrnaseq"
439,"Br3942_ant","k2","counts_adj","""$launchDir/data/sce_intra-sample_ro1-dlpfc.rda""","""$launchDir/data/ypb_intra-sample_ro1-dlpfc.rda""","""$launchDir/data/lindex_intra-sample_ro1-dlpfc.rda""","""$launchDir/data/true-proportions_intra-sample_ro1-dlpfc.rda""","deconrnaseq"
440,"Br3942_ant","k2","counts_adj","""$launchDir/data/sce_intra-sample_ro1-dlpfc.rda""","""$launchDir/data/ypb_intra-sample_ro1-dlpfc.rda""","""$launchDir/data/lindex_intra-sample_ro1-dlpfc.rda""","""$launchDir/data/true-proportions_intra-sample_ro1-dlpfc.rda""","deconrnaseq"
441,"Br3942_ant","k2","counts_adj","""$launchDir/data/sce_intra-sample_ro1-dlpfc.rda""","""$launchDir/data/ypb_intra-sample_ro1-dlpfc.rda""","""$launchDir/data/lindex_intra-sample_ro1-dlpfc.rda""","""$launchDir/data/true-proportions_intra-sample_ro1-dlpfc.rda""","deconrnaseq"
442,"Br3942_ant","k2","counts_adj","""$launchDir/data/sce_intra-sample_ro1-dlpfc.rda""","""$launchDir/data/ypb_intra-sample_ro1-dlpfc.rda""","""$launchDir/data/lindex_intra-sample_ro1-dlpfc.rda""","""$launchDir/data/true-proportions_intra-sample_ro1-dlpfc.rda""","deconrnaseq"
443,"Br3942_ant","k2","counts_adj","""$launchDir/data/sce_intra-sample_ro1-dlpfc.rda""","""$launchDir/data/ypb_intra-sample_ro1-dlpfc.rda""","""$launchDir/data/lindex_intra-sample_ro1-dlpfc.rda""","""$launchDir/data/true-proportions_intra-sample_ro1-dlpfc.rda""","deconrnaseq"
444,"Br3942_ant","k2","counts_adj","""$launchDir/data/sce_intra-sample_ro1-dlpfc.rda""","""$launchDir/data/ypb_intra-sample_ro1-dlpfc.rda""","""$launchDir/data/lindex_intra-sample_ro1-dlpfc.rda""","""$launchDir/data/true-proportions_intra-sample_ro1-dlpfc.rda""","deconrnaseq"
445,"Br3942_ant","k2","counts_adj","""$launchDir/data/sce_intra-sample_ro1-dlpfc.rda""","""$launchDir/data/ypb_intra-sample_ro1-dlpfc.rda""","""$launchDir/data/lindex_intra-sample_ro1-dlpfc.rda""","""$launchDir/data/true-proportions_intra-sample_ro1-dlpfc.rda""","deconrnaseq"
446,"Br3942_ant","k2","counts_adj","""$launchDir/data/sce_intra-sample_ro1-dlpfc.rda""","""$launchDir/data/ypb_intra-sample_ro1-dlpfc.rda""","""$launchDir/data/lindex_intra-sample_ro1-dlpfc.rda""","""$launchDir/data/true-proportions_intra-sample_ro1-dlpfc.rda""","deconrnaseq"
447,"Br3942_ant","k2","counts_adj","""$launchDir/data/sce_intra-sample_ro1-dlpfc.rda""","""$launchDir/data/ypb_intra-sample_ro1-dlpfc.rda""","""$launchDir/data/lindex_intra-sample_ro1-dlpfc.rda""","""$launchDir/data/true-proportions_intra-sample_ro1-dlpfc.rda""","deconrnaseq"
448,"Br3942_ant","k2","counts_adj","""$launchDir/data/sce_intra-sample_ro1-dlpfc.rda""","""$launchDir/data/ypb_intra-sample_ro1-dlpfc.rda""","""$launchDir/data/lindex_intra-sample_ro1-dlpfc.rda""","""$launchDir/data/true-proportions_intra-sample_ro1-dlpfc.rda""","deconrnaseq"
449,"Br3942_ant","k2","counts_adj","""$launchDir/data/sce_intra-sample_ro1-dlpfc.rda""","""$launchDir/data/ypb_intra-sample_ro1-dlpfc.rda""","""$launchDir/data/lindex_intra-sample_ro1-dlpfc.rda""","""$launchDir/data/true-proportions_intra-sample_ro1-dlpfc.rda""","deconrnaseq"
450,"Br3942_ant","k2","counts_adj","""$launchDir/data/sce_intra-sample_ro1-dlpfc.rda""","""$launchDir/data/ypb_intra-sample_ro1-dlpfc.rda""","""$launchDir/data/lindex_intra-sample_ro1-dlpfc.rda""","""$launchDir/data/true-proportions_intra-sample_ro1-dlpfc.rda""","deconrnaseq"
451,"Br3942_ant","k2","counts_adj","""$launchDir/data/sce_intra-sample_ro1-dlpfc.rda""","""$launchDir/data/ypb_intra-sample_ro1-dlpfc.rda""","""$launchDir/data/lindex_intra-sample_ro1-dlpfc.rda""","""$launchDir/data/true-proportions_intra-sample_ro1-dlpfc.rda""","deconrnaseq"
452,"Br3942_ant","k2","counts_adj","""$launchDir/data/sce_intra-sample_ro1-dlpfc.rda""","""$launchDir/data/ypb_intra-sample_ro1-dlpfc.rda""","""$launchDir/data/lindex_intra-sample_ro1-dlpfc.rda""","""$launchDir/data/true-proportions_intra-sample_ro1-dlpfc.rda""","deconrnaseq"
453,"Br3942_ant","k2","counts_adj","""$launchDir/data/sce_intra-sample_ro1-dlpfc.rda""","""$launchDir/data/ypb_intra-sample_ro1-dlpfc.rda""","""$launchDir/data/lindex_intra-sample_ro1-dlpfc.rda""","""$launchDir/data/true-proportions_intra-sample_ro1-dlpfc.rda""","deconrnaseq"
454,"Br3942_ant","k2","counts_adj","""$launchDir/data/sce_intra-sample_ro1-dlpfc.rda""","""$launchDir/data/ypb_intra-sample_ro1-dlpfc.rda""","""$launchDir/data/lindex_intra-sample_ro1-dlpfc.rda""","""$launchDir/data/true-proportions_intra-sample_ro1-dlpfc.rda""","deconrnaseq"
455,"Br3942_ant","k2","counts_adj","""$launchDir/data/sce_intra-sample_ro1-dlpfc.rda""","""$launchDir/data/ypb_intra-sample_ro1-dlpfc.rda""","""$launchDir/data/lindex_intra-sample_ro1-dlpfc.rda""","""$launchDir/data/true-proportions_intra-sample_ro1-dlpfc.rda""","deconrnaseq"
456,"Br3942_ant","k2","counts_adj","""$launchDir/data/sce_intra-sample_ro1-dlpfc.rda""","""$launchDir/data/ypb_intra-sample_ro1-dlpfc.rda""","""$launchDir/data/lindex_intra-sample_ro1-dlpfc.rda""","""$launchDir/data/true-proportions_intra-sample_ro1-dlpfc.rda""","deconrnaseq"
457,"Br3942_ant","k2","counts_adj","""$launchDir/data/sce_intra-sample_ro1-dlpfc.rda""","""$launchDir/data/ypb_intra-sample_ro1-dlpfc.rda""","""$launchDir/data/lindex_intra-sample_ro1-dlpfc.rda""","""$launchDir/data/true-proportions_intra-sample_ro1-dlpfc.rda""","deconrnaseq"
458,"Br3942_ant","k2","counts_adj","""$launchDir/data/sce_intra-sample_ro1-dlpfc.rda""","""$launchDir/data/ypb_intra-sample_ro1-dlpfc.rda""","""$launchDir/data/lindex_intra-sample_ro1-dlpfc.rda""","""$launchDir/data/true-proportions_intra-sample_ro1-dlpfc.rda""","deconrnaseq"
459,"Br3942_ant","k2","counts_adj","""$launchDir/data/sce_intra-sample_ro1-dlpfc.rda""","""$launchDir/data/ypb_intra-sample_ro1-dlpfc.rda""","""$launchDir/data/lindex_intra-sample_ro1-dlpfc.rda""","""$launchDir/data/true-proportions_intra-sample_ro1-dlpfc.rda""","deconrnaseq"
460,"Br3942_ant","k2","counts_adj","""$launchDir/data/sce_intra-sample_ro1-dlpfc.rda""","""$launchDir/data/ypb_intra-sample_ro1-dlpfc.rda""","""$launchDir/data/lindex_intra-sample_ro1-dlpfc.rda""","""$launchDir/data/true-proportions_intra-sample_ro1-dlpfc.rda""","deconrnaseq"
461,"Br3942_ant","k2","counts_adj","""$launchDir/data/sce_intra-sample_ro1-dlpfc.rda""","""$launchDir/data/ypb_intra-sample_ro1-dlpfc.rda""","""$launchDir/data/lindex_intra-sample_ro1-dlpfc.rda""","""$launchDir/data/true-proportions_intra-sample_ro1-dlpfc.rda""","deconrnaseq"
462,"Br3942_ant","k2","counts_adj","""$launchDir/data/sce_intra-sample_ro1-dlpfc.rda""","""$launchDir/data/ypb_intra-sample_ro1-dlpfc.rda""","""$launchDir/data/lindex_intra-sample_ro1-dlpfc.rda""","""$launchDir/data/true-proportions_intra-sample_ro1-dlpfc.rda""","deconrnaseq"
463,"Br3942_ant","k2","counts_adj","""$launchDir/data/sce_intra-sample_ro1-dlpfc.rda""","""$launchDir/data/ypb_intra-sample_ro1-dlpfc.rda""","""$launchDir/data/lindex_intra-sample_ro1-dlpfc.rda""","""$launchDir/data/true-proportions_intra-sample_ro1-dlpfc.rda""","deconrnaseq"
464,"Br3942_ant","k2","counts_adj","""$launchDir/data/sce_intra-sample_ro1-dlpfc.rda""","""$launchDir/data/ypb_intra-sample_ro1-dlpfc.rda""","""$launchDir/data/lindex_intra-sample_ro1-dlpfc.rda""","""$launchDir/data/true-proportions_intra-sample_ro1-dlpfc.rda""","deconrnaseq"
465,"Br3942_ant","k2","counts_adj","""$launchDir/data/sce_intra-sample_ro1-dlpfc.rda""","""$launchDir/data/ypb_intra-sample_ro1-dlpfc.rda""","""$launchDir/data/lindex_intra-sample_ro1-dlpfc.rda""","""$launchDir/data/true-proportions_intra-sample_ro1-dlpfc.rda""","deconrnaseq"
466,"Br3942_ant","k2","counts_adj","""$launchDir/data/sce_intra-sample_ro1-dlpfc.rda""","""$launchDir/data/ypb_intra-sample_ro1-dlpfc.rda""","""$launchDir/data/lindex_intra-sample_ro1-dlpfc.rda""","""$launchDir/data/true-proportions_intra-sample_ro1-dlpfc.rda""","deconrnaseq"
467,"Br3942_ant","k2","counts_adj","""$launchDir/data/sce_intra-sample_ro1-dlpfc.rda""","""$launchDir/data/ypb_intra-sample_ro1-dlpfc.rda""","""$launchDir/data/lindex_intra-sample_ro1-dlpfc.rda""","""$launchDir/data/true-proportions_intra-sample_ro1-dlpfc.rda""","deconrnaseq"
468,"Br3942_ant","k2","counts_adj","""$launchDir/data/sce_intra-sample_ro1-dlpfc.rda""","""$launchDir/data/ypb_intra-sample_ro1-dlpfc.rda""","""$launchDir/data/lindex_intra-sample_ro1-dlpfc.rda""","""$launchDir/data/true-proportions_intra-sample_ro1-dlpfc.rda""","deconrnaseq"
469,"Br3942_ant","k2","counts_adj","""$launchDir/data/sce_intra-sample_ro1-dlpfc.rda""","""$launchDir/data/ypb_intra-sample_ro1-dlpfc.rda""","""$launchDir/data/lindex_intra-sample_ro1-dlpfc.rda""","""$launchDir/data/true-proportions_intra-sample_ro1-dlpfc.rda""","deconrnaseq"
470,"Br3942_ant","k2","counts_adj","""$launchDir/data/sce_intra-sample_ro1-dlpfc.rda""","""$launchDir/data/ypb_intra-sample_ro1-dlpfc.rda""","""$launchDir/data/lindex_intra-sample_ro1-dlpfc.rda""","""$launchDir/data/true-proportions_intra-sample_ro1-dlpfc.rda""","deconrnaseq"
471,"Br3942_ant","k2","counts_adj","""$launchDir/data/sce_intra-sample_ro1-dlpfc.rda""","""$launchDir/data/ypb_intra-sample_ro1-dlpfc.rda""","""$launchDir/data/lindex_intra-sample_ro1-dlpfc.rda""","""$launchDir/data/true-proportions_intra-sample_ro1-dlpfc.rda""","deconrnaseq"
472,"Br3942_ant","k2","counts_adj","""$launchDir/data/sce_intra-sample_ro1-dlpfc.rda""","""$launchDir/data/ypb_intra-sample_ro1-dlpfc.rda""","""$launchDir/data/lindex_intra-sample_ro1-dlpfc.rda""","""$launchDir/data/true-proportions_intra-sample_ro1-dlpfc.rda""","deconrnaseq"
473,"Br3942_ant","k2","counts_adj","""$launchDir/data/sce_intra-sample_ro1-dlpfc.rda""","""$launchDir/data/ypb_intra-sample_ro1-dlpfc.rda""","""$launchDir/data/lindex_intra-sample_ro1-dlpfc.rda""","""$launchDir/data/true-proportions_intra-sample_ro1-dlpfc.rda""","deconrnaseq"
474,"Br3942_ant","k2","counts_adj","""$launchDir/data/sce_intra-sample_ro1-dlpfc.rda""","""$launchDir/data/ypb_intra-sample_ro1-dlpfc.rda""","""$launchDir/data/lindex_intra-sample_ro1-dlpfc.rda""","""$launchDir/data/true-proportions_intra-sample_ro1-dlpfc.rda""","deconrnaseq"
475,"Br3942_ant","k2","counts_adj","""$launchDir/data/sce_intra-sample_ro1-dlpfc.rda""","""$launchDir/data/ypb_intra-sample_ro1-dlpfc.rda""","""$launchDir/data/lindex_intra-sample_ro1-dlpfc.rda""","""$launchDir/data/true-proportions_intra-sample_ro1-dlpfc.rda""","deconrnaseq"
476,"Br3942_ant","k2","counts_adj","""$launchDir/data/sce_intra-sample_ro1-dlpfc.rda""","""$launchDir/data/ypb_intra-sample_ro1-dlpfc.rda""","""$launchDir/data/lindex_intra-sample_ro1-dlpfc.rda""","""$launchDir/data/true-proportions_intra-sample_ro1-dlpfc.rda""","deconrnaseq"
477,"Br3942_ant","k2","counts_adj","""$launchDir/data/sce_intra-sample_ro1-dlpfc.rda""","""$launchDir/data/ypb_intra-sample_ro1-dlpfc.rda""","""$launchDir/data/lindex_intra-sample_ro1-dlpfc.rda""","""$launchDir/data/true-proportions_intra-sample_ro1-dlpfc.rda""","deconrnaseq"
478,"Br3942_ant","k2","counts_adj","""$launchDir/data/sce_intra-sample_ro1-dlpfc.rda""","""$launchDir/data/ypb_intra-sample_ro1-dlpfc.rda""","""$launchDir/data/lindex_intra-sample_ro1-dlpfc.rda""","""$launchDir/data/true-proportions_intra-sample_ro1-dlpfc.rda""","deconrnaseq"
479,"Br3942_ant","k2","counts_adj","""$launchDir/data/sce_intra-sample_ro1-dlpfc.rda""","""$launchDir/data/ypb_intra-sample_ro1-dlpfc.rda""","""$launchDir/data/lindex_intra-sample_ro1-dlpfc.rda""","""$launchDir/data/true-proportions_intra-sample_ro1-dlpfc.rda""","deconrnaseq"
480,"Br3942_ant","k2","counts_adj","""$launchDir/data/sce_intra-sample_ro1-dlpfc.rda""","""$launchDir/data/ypb_intra-sample_ro1-dlpfc.rda""","""$launchDir/data/lindex_intra-sample_ro1-dlpfc.rda""","""$launchDir/data/true-proportions_intra-sample_ro1-dlpfc.rda""","deconrnaseq"
481,"Br3942_ant","k2","counts_adj","""$launchDir/data/sce_intra-sample_ro1-dlpfc.rda""","""$launchDir/data/ypb_intra-sample_ro1-dlpfc.rda""","""$launchDir/data/lindex_intra-sample_ro1-dlpfc.rda""","""$launchDir/data/true-proportions_intra-sample_ro1-dlpfc.rda""","deconrnaseq"
482,"Br3942_ant","k2","counts_adj","""$launchDir/data/sce_intra-sample_ro1-dlpfc.rda""","""$launchDir/data/ypb_intra-sample_ro1-dlpfc.rda""","""$launchDir/data/lindex_intra-sample_ro1-dlpfc.rda""","""$launchDir/data/true-proportions_intra-sample_ro1-dlpfc.rda""","deconrnaseq"
483,"Br3942_ant","k2","counts_adj","""$launchDir/data/sce_intra-sample_ro1-dlpfc.rda""","""$launchDir/data/ypb_intra-sample_ro1-dlpfc.rda""","""$launchDir/data/lindex_intra-sample_ro1-dlpfc.rda""","""$launchDir/data/true-proportions_intra-sample_ro1-dlpfc.rda""","deconrnaseq"
484,"Br3942_ant","k2","counts_adj","""$launchDir/data/sce_intra-sample_ro1-dlpfc.rda""","""$launchDir/data/ypb_intra-sample_ro1-dlpfc.rda""","""$launchDir/data/lindex_intra-sample_ro1-dlpfc.rda""","""$launchDir/data/true-proportions_intra-sample_ro1-dlpfc.rda""","deconrnaseq"
485,"Br3942_ant","k2","counts_adj","""$launchDir/data/sce_intra-sample_ro1-dlpfc.rda""","""$launchDir/data/ypb_intra-sample_ro1-dlpfc.rda""","""$launchDir/data/lindex_intra-sample_ro1-dlpfc.rda""","""$launchDir/data/true-proportions_intra-sample_ro1-dlpfc.rda""","deconrnaseq"
486,"Br3942_ant","k2","counts_adj","""$launchDir/data/sce_intra-sample_ro1-dlpfc.rda""","""$launchDir/data/ypb_intra-sample_ro1-dlpfc.rda""","""$launchDir/data/lindex_intra-sample_ro1-dlpfc.rda""","""$launchDir/data/true-proportions_intra-sample_ro1-dlpfc.rda""","deconrnaseq"
487,"Br3942_ant","k2","counts_adj","""$launchDir/data/sce_intra-sample_ro1-dlpfc.rda""","""$launchDir/data/ypb_intra-sample_ro1-dlpfc.rda""","""$launchDir/data/lindex_intra-sample_ro1-dlpfc.rda""","""$launchDir/data/true-proportions_intra-sample_ro1-dlpfc.rda""","deconrnaseq"
488,"Br3942_ant","k2","counts_adj","""$launchDir/data/sce_intra-sample_ro1-dlpfc.rda""","""$launchDir/data/ypb_intra-sample_ro1-dlpfc.rda""","""$launchDir/data/lindex_intra-sample_ro1-dlpfc.rda""","""$launchDir/data/true-proportions_intra-sample_ro1-dlpfc.rda""","deconrnaseq"
489,"Br3942_ant","k2","counts_adj","""$launchDir/data/sce_intra-sample_ro1-dlpfc.rda""","""$launchDir/data/ypb_intra-sample_ro1-dlpfc.rda""","""$launchDir/data/lindex_intra-sample_ro1-dlpfc.rda""","""$launchDir/data/true-proportions_intra-sample_ro1-dlpfc.rda""","deconrnaseq"
490,"Br3942_ant","k2","counts_adj","""$launchDir/data/sce_intra-sample_ro1-dlpfc.rda""","""$launchDir/data/ypb_intra-sample_ro1-dlpfc.rda""","""$launchDir/data/lindex_intra-sample_ro1-dlpfc.rda""","""$launchDir/data/true-proportions_intra-sample_ro1-dlpfc.rda""","deconrnaseq"
491,"Br3942_ant","k2","counts_adj","""$launchDir/data/sce_intra-sample_ro1-dlpfc.rda""","""$launchDir/data/ypb_intra-sample_ro1-dlpfc.rda""","""$launchDir/data/lindex_intra-sample_ro1-dlpfc.rda""","""$launchDir/data/true-proportions_intra-sample_ro1-dlpfc.rda""","deconrnaseq"
492,"Br3942_ant","k2","counts_adj","""$launchDir/data/sce_intra-sample_ro1-dlpfc.rda""","""$launchDir/data/ypb_intra-sample_ro1-dlpfc.rda""","""$launchDir/data/lindex_intra-sample_ro1-dlpfc.rda""","""$launchDir/data/true-proportions_intra-sample_ro1-dlpfc.rda""","deconrnaseq"
493,"Br3942_ant","k2","counts_adj","""$launchDir/data/sce_intra-sample_ro1-dlpfc.rda""","""$launchDir/data/ypb_intra-sample_ro1-dlpfc.rda""","""$launchDir/data/lindex_intra-sample_ro1-dlpfc.rda""","""$launchDir/data/true-proportions_intra-sample_ro1-dlpfc.rda""","deconrnaseq"
494,"Br3942_ant","k2","counts_adj","""$launchDir/data/sce_intra-sample_ro1-dlpfc.rda""","""$launchDir/data/ypb_intra-sample_ro1-dlpfc.rda""","""$launchDir/data/lindex_intra-sample_ro1-dlpfc.rda""","""$launchDir/data/true-proportions_intra-sample_ro1-dlpfc.rda""","deconrnaseq"
495,"Br3942_ant","k2","counts_adj","""$launchDir/data/sce_intra-sample_ro1-dlpfc.rda""","""$launchDir/data/ypb_intra-sample_ro1-dlpfc.rda""","""$launchDir/data/lindex_intra-sample_ro1-dlpfc.rda""","""$launchDir/data/true-proportions_intra-sample_ro1-dlpfc.rda""","deconrnaseq"
496,"Br3942_ant","k2","counts_adj","""$launchDir/data/sce_intra-sample_ro1-dlpfc.rda""","""$launchDir/data/ypb_intra-sample_ro1-dlpfc.rda""","""$launchDir/data/lindex_intra-sample_ro1-dlpfc.rda""","""$launchDir/data/true-proportions_intra-sample_ro1-dlpfc.rda""","deconrnaseq"
497,"Br3942_ant","k2","counts_adj","""$launchDir/data/sce_intra-sample_ro1-dlpfc.rda""","""$launchDir/data/ypb_intra-sample_ro1-dlpfc.rda""","""$launchDir/data/lindex_intra-sample_ro1-dlpfc.rda""","""$launchDir/data/true-proportions_intra-sample_ro1-dlpfc.rda""","deconrnaseq"
498,"Br3942_ant","k2","counts_adj","""$launchDir/data/sce_intra-sample_ro1-dlpfc.rda""","""$launchDir/data/ypb_intra-sample_ro1-dlpfc.rda""","""$launchDir/data/lindex_intra-sample_ro1-dlpfc.rda""","""$launchDir/data/true-proportions_intra-sample_ro1-dlpfc.rda""","deconrnaseq"
499,"Br3942_ant","k2","counts_adj","""$launchDir/data/sce_intra-sample_ro1-dlpfc.rda""","""$launchDir/data/ypb_intra-sample_ro1-dlpfc.rda""","""$launchDir/data/lindex_intra-sample_ro1-dlpfc.rda""","""$launchDir/data/true-proportions_intra-sample_ro1-dlpfc.rda""","deconrnaseq"
500,"Br3942_ant","k2","counts_adj","""$launchDir/data/sce_intra-sample_ro1-dlpfc.rda""","""$launchDir/data/ypb_intra-sample_ro1-dlpfc.rda""","""$launchDir/data/lindex_intra-sample_ro1-dlpfc.rda""","""$launchDir/data/true-proportions_intra-sample_ro1-dlpfc.rda""","deconrnaseq"
501,"Br3942_ant","k2","counts_adj","""$launchDir/data/sce_intra-sample_ro1-dlpfc.rda""","""$launchDir/data/ypb_intra-sample_ro1-dlpfc.rda""","""$launchDir/data/lindex_intra-sample_ro1-dlpfc.rda""","""$launchDir/data/true-proportions_intra-sample_ro1-dlpfc.rda""","deconrnaseq"
502,"Br3942_ant","k2","counts_adj","""$launchDir/data/sce_intra-sample_ro1-dlpfc.rda""","""$launchDir/data/ypb_intra-sample_ro1-dlpfc.rda""","""$launchDir/data/lindex_intra-sample_ro1-dlpfc.rda""","""$launchDir/data/true-proportions_intra-sample_ro1-dlpfc.rda""","deconrnaseq"
503,"Br3942_ant","k2","counts_adj","""$launchDir/data/sce_intra-sample_ro1-dlpfc.rda""","""$launchDir/data/ypb_intra-sample_ro1-dlpfc.rda""","""$launchDir/data/lindex_intra-sample_ro1-dlpfc.rda""","""$launchDir/data/true-proportions_intra-sample_ro1-dlpfc.rda""","deconrnaseq"
504,"Br3942_ant","k2","counts_adj","""$launchDir/data/sce_intra-sample_ro1-dlpfc.rda""","""$launchDir/data/ypb_intra-sample_ro1-dlpfc.rda""","""$launchDir/data/lindex_intra-sample_ro1-dlpfc.rda""","""$launchDir/data/true-proportions_intra-sample_ro1-dlpfc.rda""","deconrnaseq"
505,"Br3942_ant","k2","counts_adj","""$launchDir/data/sce_intra-sample_ro1-dlpfc.rda""","""$launchDir/data/ypb_intra-sample_ro1-dlpfc.rda""","""$launchDir/data/lindex_intra-sample_ro1-dlpfc.rda""","""$launchDir/data/true-proportions_intra-sample_ro1-dlpfc.rda""","deconrnaseq"
506,"Br3942_ant","k2","counts_adj","""$launchDir/data/sce_intra-sample_ro1-dlpfc.rda""","""$launchDir/data/ypb_intra-sample_ro1-dlpfc.rda""","""$launchDir/data/lindex_intra-sample_ro1-dlpfc.rda""","""$launchDir/data/true-proportions_intra-sample_ro1-dlpfc.rda""","deconrnaseq"
507,"Br3942_ant","k2","counts_adj","""$launchDir/data/sce_intra-sample_ro1-dlpfc.rda""","""$launchDir/data/ypb_intra-sample_ro1-dlpfc.rda""","""$launchDir/data/lindex_intra-sample_ro1-dlpfc.rda""","""$launchDir/data/true-proportions_intra-sample_ro1-dlpfc.rda""","deconrnaseq"
508,"Br3942_ant","k2","counts_adj","""$launchDir/data/sce_intra-sample_ro1-dlpfc.rda""","""$launchDir/data/ypb_intra-sample_ro1-dlpfc.rda""","""$launchDir/data/lindex_intra-sample_ro1-dlpfc.rda""","""$launchDir/data/true-proportions_intra-sample_ro1-dlpfc.rda""","deconrnaseq"
509,"Br3942_ant","k2","counts_adj","""$launchDir/data/sce_intra-sample_ro1-dlpfc.rda""","""$launchDir/data/ypb_intra-sample_ro1-dlpfc.rda""","""$launchDir/data/lindex_intra-sample_ro1-dlpfc.rda""","""$launchDir/data/true-proportions_intra-sample_ro1-dlpfc.rda""","deconrnaseq"
510,"Br3942_ant","k2","counts_adj","""$launchDir/data/sce_intra-sample_ro1-dlpfc.rda""","""$launchDir/data/ypb_intra-sample_ro1-dlpfc.rda""","""$launchDir/data/lindex_intra-sample_ro1-dlpfc.rda""","""$launchDir/data/true-proportions_intra-sample_ro1-dlpfc.rda""","deconrnaseq"
511,"Br3942_ant","k2","counts_adj","""$launchDir/data/sce_intra-sample_ro1-dlpfc.rda""","""$launchDir/data/ypb_intra-sample_ro1-dlpfc.rda""","""$launchDir/data/lindex_intra-sample_ro1-dlpfc.rda""","""$launchDir/data/true-proportions_intra-sample_ro1-dlpfc.rda""","deconrnaseq"
512,"Br3942_ant","k2","counts_adj","""$launchDir/data/sce_intra-sample_ro1-dlpfc.rda""","""$launchDir/data/ypb_intra-sample_ro1-dlpfc.rda""","""$launchDir/data/lindex_intra-sample_ro1-dlpfc.rda""","""$launchDir/data/true-proportions_intra-sample_ro1-dlpfc.rda""","deconrnaseq"
513,"Br3942_ant","k2","counts_adj","""$launchDir/data/sce_intra-sample_ro1-dlpfc.rda""","""$launchDir/data/ypb_intra-sample_ro1-dlpfc.rda""","""$launchDir/data/lindex_intra-sample_ro1-dlpfc.rda""","""$launchDir/data/true-proportions_intra-sample_ro1-dlpfc.rda""","deconrnaseq"
514,"Br3942_ant","k2","counts_adj","""$launchDir/data/sce_intra-sample_ro1-dlpfc.rda""","""$launchDir/data/ypb_intra-sample_ro1-dlpfc.rda""","""$launchDir/data/lindex_intra-sample_ro1-dlpfc.rda""","""$launchDir/data/true-proportions_intra-sample_ro1-dlpfc.rda""","deconrnaseq"
515,"Br3942_ant","k2","counts_adj","""$launchDir/data/sce_intra-sample_ro1-dlpfc.rda""","""$launchDir/data/ypb_intra-sample_ro1-dlpfc.rda""","""$launchDir/data/lindex_intra-sample_ro1-dlpfc.rda""","""$launchDir/data/true-proportions_intra-sample_ro1-dlpfc.rda""","deconrnaseq"
516,"Br3942_ant","k2","counts_adj","""$launchDir/data/sce_intra-sample_ro1-dlpfc.rda""","""$launchDir/data/ypb_intra-sample_ro1-dlpfc.rda""","""$launchDir/data/lindex_intra-sample_ro1-dlpfc.rda""","""$launchDir/data/true-proportions_intra-sample_ro1-dlpfc.rda""","deconrnaseq"
517,"Br3942_ant","k2","counts_adj","""$launchDir/data/sce_intra-sample_ro1-dlpfc.rda""","""$launchDir/data/ypb_intra-sample_ro1-dlpfc.rda""","""$launchDir/data/lindex_intra-sample_ro1-dlpfc.rda""","""$launchDir/data/true-proportions_intra-sample_ro1-dlpfc.rda""","deconrnaseq"
518,"Br3942_ant","k2","counts_adj","""$launchDir/data/sce_intra-sample_ro1-dlpfc.rda""","""$launchDir/data/ypb_intra-sample_ro1-dlpfc.rda""","""$launchDir/data/lindex_intra-sample_ro1-dlpfc.rda""","""$launchDir/data/true-proportions_intra-sample_ro1-dlpfc.rda""","deconrnaseq"
519,"Br3942_ant","k2","counts_adj","""$launchDir/data/sce_intra-sample_ro1-dlpfc.rda""","""$launchDir/data/ypb_intra-sample_ro1-dlpfc.rda""","""$launchDir/data/lindex_intra-sample_ro1-dlpfc.rda""","""$launchDir/data/true-proportions_intra-sample_ro1-dlpfc.rda""","deconrnaseq"
520,"Br3942_ant","k2","counts_adj","""$launchDir/data/sce_intra-sample_ro1-dlpfc.rda""","""$launchDir/data/ypb_intra-sample_ro1-dlpfc.rda""","""$launchDir/data/lindex_intra-sample_ro1-dlpfc.rda""","""$launchDir/data/true-proportions_intra-sample_ro1-dlpfc.rda""","deconrnaseq"
521,"Br3942_ant","k2","counts_adj","""$launchDir/data/sce_intra-sample_ro1-dlpfc.rda""","""$launchDir/data/ypb_intra-sample_ro1-dlpfc.rda""","""$launchDir/data/lindex_intra-sample_ro1-dlpfc.rda""","""$launchDir/data/true-proportions_intra-sample_ro1-dlpfc.rda""","deconrnaseq"
522,"Br3942_ant","k2","counts_adj","""$launchDir/data/sce_intra-sample_ro1-dlpfc.rda""","""$launchDir/data/ypb_intra-sample_ro1-dlpfc.rda""","""$launchDir/data/lindex_intra-sample_ro1-dlpfc.rda""","""$launchDir/data/true-proportions_intra-sample_ro1-dlpfc.rda""","deconrnaseq"
523,"Br3942_ant","k2","counts_adj","""$launchDir/data/sce_intra-sample_ro1-dlpfc.rda""","""$launchDir/data/ypb_intra-sample_ro1-dlpfc.rda""","""$launchDir/data/lindex_intra-sample_ro1-dlpfc.rda""","""$launchDir/data/true-proportions_intra-sample_ro1-dlpfc.rda""","deconrnaseq"
524,"Br3942_ant","k2","counts_adj","""$launchDir/data/sce_intra-sample_ro1-dlpfc.rda""","""$launchDir/data/ypb_intra-sample_ro1-dlpfc.rda""","""$launchDir/data/lindex_intra-sample_ro1-dlpfc.rda""","""$launchDir/data/true-proportions_intra-sample_ro1-dlpfc.rda""","deconrnaseq"
525,"Br3942_ant","k2","counts_adj","""$launchDir/data/sce_intra-sample_ro1-dlpfc.rda""","""$launchDir/data/ypb_intra-sample_ro1-dlpfc.rda""","""$launchDir/data/lindex_intra-sample_ro1-dlpfc.rda""","""$launchDir/data/true-proportions_intra-sample_ro1-dlpfc.rda""","deconrnaseq"
526,"Br3942_ant","k2","counts_adj","""$launchDir/data/sce_intra-sample_ro1-dlpfc.rda""","""$launchDir/data/ypb_intra-sample_ro1-dlpfc.rda""","""$launchDir/data/lindex_intra-sample_ro1-dlpfc.rda""","""$launchDir/data/true-proportions_intra-sample_ro1-dlpfc.rda""","deconrnaseq"
527,"Br3942_ant","k2","counts_adj","""$launchDir/data/sce_intra-sample_ro1-dlpfc.rda""","""$launchDir/data/ypb_intra-sample_ro1-dlpfc.rda""","""$launchDir/data/lindex_intra-sample_ro1-dlpfc.rda""","""$launchDir/data/true-proportions_intra-sample_ro1-dlpfc.rda""","deconrnaseq"
528,"Br3942_ant","k2","counts_adj","""$launchDir/data/sce_intra-sample_ro1-dlpfc.rda""","""$launchDir/data/ypb_intra-sample_ro1-dlpfc.rda""","""$launchDir/data/lindex_intra-sample_ro1-dlpfc.rda""","""$launchDir/data/true-proportions_intra-sample_ro1-dlpfc.rda""","deconrnaseq"
529,"Br3942_ant","k2","counts_adj","""$launchDir/data/sce_intra-sample_ro1-dlpfc.rda""","""$launchDir/data/ypb_intra-sample_ro1-dlpfc.rda""","""$launchDir/data/lindex_intra-sample_ro1-dlpfc.rda""","""$launchDir/data/true-proportions_intra-sample_ro1-dlpfc.rda""","deconrnaseq"
530,"Br3942_ant","k2","counts_adj","""$launchDir/data/sce_intra-sample_ro1-dlpfc.rda""","""$launchDir/data/ypb_intra-sample_ro1-dlpfc.rda""","""$launchDir/data/lindex_intra-sample_ro1-dlpfc.rda""","""$launchDir/data/true-proportions_intra-sample_ro1-dlpfc.rda""","deconrnaseq"
531,"Br3942_ant","k2","counts_adj","""$launchDir/data/sce_intra-sample_ro1-dlpfc.rda""","""$launchDir/data/ypb_intra-sample_ro1-dlpfc.rda""","""$launchDir/data/lindex_intra-sample_ro1-dlpfc.rda""","""$launchDir/data/true-proportions_intra-sample_ro1-dlpfc.rda""","deconrnaseq"
532,"Br3942_ant","k2","counts_adj","""$launchDir/data/sce_intra-sample_ro1-dlpfc.rda""","""$launchDir/data/ypb_intra-sample_ro1-dlpfc.rda""","""$launchDir/data/lindex_intra-sample_ro1-dlpfc.rda""","""$launchDir/data/true-proportions_intra-sample_ro1-dlpfc.rda""","deconrnaseq"
533,"Br3942_ant","k2","counts_adj","""$launchDir/data/sce_intra-sample_ro1-dlpfc.rda""","""$launchDir/data/ypb_intra-sample_ro1-dlpfc.rda""","""$launchDir/data/lindex_intra-sample_ro1-dlpfc.rda""","""$launchDir/data/true-proportions_intra-sample_ro1-dlpfc.rda""","deconrnaseq"
534,"Br3942_ant","k2","counts_adj","""$launchDir/data/sce_intra-sample_ro1-dlpfc.rda""","""$launchDir/data/ypb_intra-sample_ro1-dlpfc.rda""","""$launchDir/data/lindex_intra-sample_ro1-dlpfc.rda""","""$launchDir/data/true-proportions_intra-sample_ro1-dlpfc.rda""","deconrnaseq"
535,"Br3942_ant","k2","counts_adj","""$launchDir/data/sce_intra-sample_ro1-dlpfc.rda""","""$launchDir/data/ypb_intra-sample_ro1-dlpfc.rda""","""$launchDir/data/lindex_intra-sample_ro1-dlpfc.rda""","""$launchDir/data/true-proportions_intra-sample_ro1-dlpfc.rda""","deconrnaseq"
536,"Br3942_ant","k2","counts_adj","""$launchDir/data/sce_intra-sample_ro1-dlpfc.rda""","""$launchDir/data/ypb_intra-sample_ro1-dlpfc.rda""","""$launchDir/data/lindex_intra-sample_ro1-dlpfc.rda""","""$launchDir/data/true-proportions_intra-sample_ro1-dlpfc.rda""","deconrnaseq"
537,"Br3942_ant","k2","counts_adj","""$launchDir/data/sce_intra-sample_ro1-dlpfc.rda""","""$launchDir/data/ypb_intra-sample_ro1-dlpfc.rda""","""$launchDir/data/lindex_intra-sample_ro1-dlpfc.rda""","""$launchDir/data/true-proportions_intra-sample_ro1-dlpfc.rda""","deconrnaseq"
538,"Br3942_ant","k2","counts_adj","""$launchDir/data/sce_intra-sample_ro1-dlpfc.rda""","""$launchDir/data/ypb_intra-sample_ro1-dlpfc.rda""","""$launchDir/data/lindex_intra-sample_ro1-dlpfc.rda""","""$launchDir/data/true-proportions_intra-sample_ro1-dlpfc.rda""","deconrnaseq"
539,"Br3942_ant","k2","counts_adj","""$launchDir/data/sce_intra-sample_ro1-dlpfc.rda""","""$launchDir/data/ypb_intra-sample_ro1-dlpfc.rda""","""$launchDir/data/lindex_intra-sample_ro1-dlpfc.rda""","""$launchDir/data/true-proportions_intra-sample_ro1-dlpfc.rda""","deconrnaseq"
540,"Br3942_ant","k2","counts_adj","""$launchDir/data/sce_intra-sample_ro1-dlpfc.rda""","""$launchDir/data/ypb_intra-sample_ro1-dlpfc.rda""","""$launchDir/data/lindex_intra-sample_ro1-dlpfc.rda""","""$launchDir/data/true-proportions_intra-sample_ro1-dlpfc.rda""","deconrnaseq"
541,"Br3942_ant","k2","counts_adj","""$launchDir/data/sce_intra-sample_ro1-dlpfc.rda""","""$launchDir/data/ypb_intra-sample_ro1-dlpfc.rda""","""$launchDir/data/lindex_intra-sample_ro1-dlpfc.rda""","""$launchDir/data/true-proportions_intra-sample_ro1-dlpfc.rda""","deconrnaseq"
542,"Br3942_ant","k2","counts_adj","""$launchDir/data/sce_intra-sample_ro1-dlpfc.rda""","""$launchDir/data/ypb_intra-sample_ro1-dlpfc.rda""","""$launchDir/data/lindex_intra-sample_ro1-dlpfc.rda""","""$launchDir/data/true-proportions_intra-sample_ro1-dlpfc.rda""","deconrnaseq"
543,"Br3942_ant","k2","counts_adj","""$launchDir/data/sce_intra-sample_ro1-dlpfc.rda""","""$launchDir/data/ypb_intra-sample_ro1-dlpfc.rda""","""$launchDir/data/lindex_intra-sample_ro1-dlpfc.rda""","""$launchDir/data/true-proportions_intra-sample_ro1-dlpfc.rda""","deconrnaseq"
544,"Br3942_ant","k2","counts_adj","""$launchDir/data/sce_intra-sample_ro1-dlpfc.rda""","""$launchDir/data/ypb_intra-sample_ro1-dlpfc.rda""","""$launchDir/data/lindex_intra-sample_ro1-dlpfc.rda""","""$launchDir/data/true-proportions_intra-sample_ro1-dlpfc.rda""","deconrnaseq"
545,"Br3942_ant","k2","counts_adj","""$launchDir/data/sce_intra-sample_ro1-dlpfc.rda""","""$launchDir/data/ypb_intra-sample_ro1-dlpfc.rda""","""$launchDir/data/lindex_intra-sample_ro1-dlpfc.rda""","""$launchDir/data/true-proportions_intra-sample_ro1-dlpfc.rda""","deconrnaseq"
546,"Br3942_ant","k2","counts_adj","""$launchDir/data/sce_intra-sample_ro1-dlpfc.rda""","""$launchDir/data/ypb_intra-sample_ro1-dlpfc.rda""","""$launchDir/data/lindex_intra-sample_ro1-dlpfc.rda""","""$launchDir/data/true-proportions_intra-sample_ro1-dlpfc.rda""","deconrnaseq"
547,"Br3942_ant","k2","counts_adj","""$launchDir/data/sce_intra-sample_ro1-dlpfc.rda""","""$launchDir/data/ypb_intra-sample_ro1-dlpfc.rda""","""$launchDir/data/lindex_intra-sample_ro1-dlpfc.rda""","""$launchDir/data/true-proportions_intra-sample_ro1-dlpfc.rda""","deconrnaseq"
548,"Br3942_ant","k2","counts_adj","""$launchDir/data/sce_intra-sample_ro1-dlpfc.rda""","""$launchDir/data/ypb_intra-sample_ro1-dlpfc.rda""","""$launchDir/data/lindex_intra-sample_ro1-dlpfc.rda""","""$launchDir/data/true-proportions_intra-sample_ro1-dlpfc.rda""","deconrnaseq"
549,"Br3942_ant","k2","counts_adj","""$launchDir/data/sce_intra-sample_ro1-dlpfc.rda""","""$launchDir/data/ypb_intra-sample_ro1-dlpfc.rda""","""$launchDir/data/lindex_intra-sample_ro1-dlpfc.rda""","""$launchDir/data/true-proportions_intra-sample_ro1-dlpfc.rda""","deconrnaseq"
550,"Br3942_ant","k2","counts_adj","""$launchDir/data/sce_intra-sample_ro1-dlpfc.rda""","""$launchDir/data/ypb_intra-sample_ro1-dlpfc.rda""","""$launchDir/data/lindex_intra-sample_ro1-dlpfc.rda""","""$launchDir/data/true-proportions_intra-sample_ro1-dlpfc.rda""","deconrnaseq"
551,"Br3942_ant","k2","counts_adj","""$launchDir/data/sce_intra-sample_ro1-dlpfc.rda""","""$launchDir/data/ypb_intra-sample_ro1-dlpfc.rda""","""$launchDir/data/lindex_intra-sample_ro1-dlpfc.rda""","""$launchDir/data/true-proportions_intra-sample_ro1-dlpfc.rda""","deconrnaseq"
552,"Br3942_ant","k2","counts_adj","""$launchDir/data/sce_intra-sample_ro1-dlpfc.rda""","""$launchDir/data/ypb_intra-sample_ro1-dlpfc.rda""","""$launchDir/data/lindex_intra-sample_ro1-dlpfc.rda""","""$launchDir/data/true-proportions_intra-sample_ro1-dlpfc.rda""","deconrnaseq"
553,"Br3942_ant","k2","counts_adj","""$launchDir/data/sce_intra-sample_ro1-dlpfc.rda""","""$launchDir/data/ypb_intra-sample_ro1-dlpfc.rda""","""$launchDir/data/lindex_intra-sample_ro1-dlpfc.rda""","""$launchDir/data/true-proportions_intra-sample_ro1-dlpfc.rda""","deconrnaseq"
554,"Br3942_ant","k2","counts_adj","""$launchDir/data/sce_intra-sample_ro1-dlpfc.rda""","""$launchDir/data/ypb_intra-sample_ro1-dlpfc.rda""","""$launchDir/data/lindex_intra-sample_ro1-dlpfc.rda""","""$launchDir/data/true-proportions_intra-sample_ro1-dlpfc.rda""","deconrnaseq"
555,"Br3942_ant","k2","counts_adj","""$launchDir/data/sce_intra-sample_ro1-dlpfc.rda""","""$launchDir/data/ypb_intra-sample_ro1-dlpfc.rda""","""$launchDir/data/lindex_intra-sample_ro1-dlpfc.rda""","""$launchDir/data/true-proportions_intra-sample_ro1-dlpfc.rda""","deconrnaseq"
556,"Br3942_ant","k2","counts_adj","""$launchDir/data/sce_intra-sample_ro1-dlpfc.rda""","""$launchDir/data/ypb_intra-sample_ro1-dlpfc.rda""","""$launchDir/data/lindex_intra-sample_ro1-dlpfc.rda""","""$launchDir/data/true-proportions_intra-sample_ro1-dlpfc.rda""","deconrnaseq"
557,"Br3942_ant","k2","counts_adj","""$launchDir/data/sce_intra-sample_ro1-dlpfc.rda""","""$launchDir/data/ypb_intra-sample_ro1-dlpfc.rda""","""$launchDir/data/lindex_intra-sample_ro1-dlpfc.rda""","""$launchDir/data/true-proportions_intra-sample_ro1-dlpfc.rda""","deconrnaseq"
558,"Br3942_ant","k2","counts_adj","""$launchDir/data/sce_intra-sample_ro1-dlpfc.rda""","""$launchDir/data/ypb_intra-sample_ro1-dlpfc.rda""","""$launchDir/data/lindex_intra-sample_ro1-dlpfc.rda""","""$launchDir/data/true-proportions_intra-sample_ro1-dlpfc.rda""","deconrnaseq"
559,"Br3942_ant","k2","counts_adj","""$launchDir/data/sce_intra-sample_ro1-dlpfc.rda""","""$launchDir/data/ypb_intra-sample_ro1-dlpfc.rda""","""$launchDir/data/lindex_intra-sample_ro1-dlpfc.rda""","""$launchDir/data/true-proportions_intra-sample_ro1-dlpfc.rda""","deconrnaseq"
560,"Br3942_ant","k2","counts_adj","""$launchDir/data/sce_intra-sample_ro1-dlpfc.rda""","""$launchDir/data/ypb_intra-sample_ro1-dlpfc.rda""","""$launchDir/data/lindex_intra-sample_ro1-dlpfc.rda""","""$launchDir/data/true-proportions_intra-sample_ro1-dlpfc.rda""","deconrnaseq"
561,"Br3942_ant","k2","counts_adj","""$launchDir/data/sce_intra-sample_ro1-dlpfc.rda""","""$launchDir/data/ypb_intra-sample_ro1-dlpfc.rda""","""$launchDir/data/lindex_intra-sample_ro1-dlpfc.rda""","""$launchDir/data/true-proportions_intra-sample_ro1-dlpfc.rda""","deconrnaseq"
562,"Br3942_ant","k2","counts_adj","""$launchDir/data/sce_intra-sample_ro1-dlpfc.rda""","""$launchDir/data/ypb_intra-sample_ro1-dlpfc.rda""","""$launchDir/data/lindex_intra-sample_ro1-dlpfc.rda""","""$launchDir/data/true-proportions_intra-sample_ro1-dlpfc.rda""","deconrnaseq"
563,"Br3942_ant","k2","counts_adj","""$launchDir/data/sce_intra-sample_ro1-dlpfc.rda""","""$launchDir/data/ypb_intra-sample_ro1-dlpfc.rda""","""$launchDir/data/lindex_intra-sample_ro1-dlpfc.rda""","""$launchDir/data/true-proportions_intra-sample_ro1-dlpfc.rda""","deconrnaseq"
564,"Br3942_ant","k2","counts_adj","""$launchDir/data/sce_intra-sample_ro1-dlpfc.rda""","""$launchDir/data/ypb_intra-sample_ro1-dlpfc.rda""","""$launchDir/data/lindex_intra-sample_ro1-dlpfc.rda""","""$launchDir/data/true-proportions_intra-sample_ro1-dlpfc.rda""","deconrnaseq"
565,"Br3942_ant","k2","counts_adj","""$launchDir/data/sce_intra-sample_ro1-dlpfc.rda""","""$launchDir/data/ypb_intra-sample_ro1-dlpfc.rda""","""$launchDir/data/lindex_intra-sample_ro1-dlpfc.rda""","""$launchDir/data/true-proportions_intra-sample_ro1-dlpfc.rda""","deconrnaseq"
566,"Br3942_ant","k2","counts_adj","""$launchDir/data/sce_intra-sample_ro1-dlpfc.rda""","""$launchDir/data/ypb_intra-sample_ro1-dlpfc.rda""","""$launchDir/data/lindex_intra-sample_ro1-dlpfc.rda""","""$launchDir/data/true-proportions_intra-sample_ro1-dlpfc.rda""","deconrnaseq"
567,"Br3942_ant","k2","counts_adj","""$launchDir/data/sce_intra-sample_ro1-dlpfc.rda""","""$launchDir/data/ypb_intra-sample_ro1-dlpfc.rda""","""$launchDir/data/lindex_intra-sample_ro1-dlpfc.rda""","""$launchDir/data/true-proportions_intra-sample_ro1-dlpfc.rda""","deconrnaseq"
568,"Br3942_ant","k2","counts_adj","""$launchDir/data/sce_intra-sample_ro1-dlpfc.rda""","""$launchDir/data/ypb_intra-sample_ro1-dlpfc.rda""","""$launchDir/data/lindex_intra-sample_ro1-dlpfc.rda""","""$launchDir/data/true-proportions_intra-sample_ro1-dlpfc.rda""","deconrnaseq"
569,"Br3942_ant","k2","counts_adj","""$launchDir/data/sce_intra-sample_ro1-dlpfc.rda""","""$launchDir/data/ypb_intra-sample_ro1-dlpfc.rda""","""$launchDir/data/lindex_intra-sample_ro1-dlpfc.rda""","""$launchDir/data/true-proportions_intra-sample_ro1-dlpfc.rda""","deconrnaseq"
570,"Br3942_ant","k2","counts_adj","""$launchDir/data/sce_intra-sample_ro1-dlpfc.rda""","""$launchDir/data/ypb_intra-sample_ro1-dlpfc.rda""","""$launchDir/data/lindex_intra-sample_ro1-dlpfc.rda""","""$launchDir/data/true-proportions_intra-sample_ro1-dlpfc.rda""","deconrnaseq"
571,"Br3942_ant","k2","counts_adj","""$launchDir/data/sce_intra-sample_ro1-dlpfc.rda""","""$launchDir/data/ypb_intra-sample_ro1-dlpfc.rda""","""$launchDir/data/lindex_intra-sample_ro1-dlpfc.rda""","""$launchDir/data/true-proportions_intra-sample_ro1-dlpfc.rda""","deconrnaseq"
572,"Br3942_ant","k2","counts_adj","""$launchDir/data/sce_intra-sample_ro1-dlpfc.rda""","""$launchDir/data/ypb_intra-sample_ro1-dlpfc.rda""","""$launchDir/data/lindex_intra-sample_ro1-dlpfc.rda""","""$launchDir/data/true-proportions_intra-sample_ro1-dlpfc.rda""","deconrnaseq"
573,"Br3942_ant","k2","counts_adj","""$launchDir/data/sce_intra-sample_ro1-dlpfc.rda""","""$launchDir/data/ypb_intra-sample_ro1-dlpfc.rda""","""$launchDir/data/lindex_intra-sample_ro1-dlpfc.rda""","""$launchDir/data/true-proportions_intra-sample_ro1-dlpfc.rda""","deconrnaseq"
574,"Br3942_ant","k2","counts_adj","""$launchDir/data/sce_intra-sample_ro1-dlpfc.rda""","""$launchDir/data/ypb_intra-sample_ro1-dlpfc.rda""","""$launchDir/data/lindex_intra-sample_ro1-dlpfc.rda""","""$launchDir/data/true-proportions_intra-sample_ro1-dlpfc.rda""","deconrnaseq"
575,"Br3942_ant","k2","counts_adj","""$launchDir/data/sce_intra-sample_ro1-dlpfc.rda""","""$launchDir/data/ypb_intra-sample_ro1-dlpfc.rda""","""$launchDir/data/lindex_intra-sample_ro1-dlpfc.rda""","""$launchDir/data/true-proportions_intra-sample_ro1-dlpfc.rda""","deconrnaseq"
576,"Br3942_ant","k2","counts_adj","""$launchDir/data/sce_intra-sample_ro1-dlpfc.rda""","""$launchDir/data/ypb_intra-sample_ro1-dlpfc.rda""","""$launchDir/data/lindex_intra-sample_ro1-dlpfc.rda""","""$launchDir/data/true-proportions_intra-sample_ro1-dlpfc.rda""","deconrnaseq"
577,"Br3942_ant","k2","counts_adj","""$launchDir/data/sce_intra-sample_ro1-dlpfc.rda""","""$launchDir/data/ypb_intra-sample_ro1-dlpfc.rda""","""$launchDir/data/lindex_intra-sample_ro1-dlpfc.rda""","""$launchDir/data/true-proportions_intra-sample_ro1-dlpfc.rda""","deconrnaseq"
578,"Br3942_ant","k2","counts_adj","""$launchDir/data/sce_intra-sample_ro1-dlpfc.rda""","""$launchDir/data/ypb_intra-sample_ro1-dlpfc.rda""","""$launchDir/data/lindex_intra-sample_ro1-dlpfc.rda""","""$launchDir/data/true-proportions_intra-sample_ro1-dlpfc.rda""","deconrnaseq"
579,"Br3942_ant","k2","counts_adj","""$launchDir/data/sce_intra-sample_ro1-dlpfc.rda""","""$launchDir/data/ypb_intra-sample_ro1-dlpfc.rda""","""$launchDir/data/lindex_intra-sample_ro1-dlpfc.rda""","""$launchDir/data/true-proportions_intra-sample_ro1-dlpfc.rda""","deconrnaseq"
580,"Br3942_ant","k2","counts_adj","""$launchDir/data/sce_intra-sample_ro1-dlpfc.rda""","""$launchDir/data/ypb_intra-sample_ro1-dlpfc.rda""","""$launchDir/data/lindex_intra-sample_ro1-dlpfc.rda""","""$launchDir/data/true-proportions_intra-sample_ro1-dlpfc.rda""","deconrnaseq"
581,"Br3942_ant","k2","counts_adj","""$launchDir/data/sce_intra-sample_ro1-dlpfc.rda""","""$launchDir/data/ypb_intra-sample_ro1-dlpfc.rda""","""$launchDir/data/lindex_intra-sample_ro1-dlpfc.rda""","""$launchDir/data/true-proportions_intra-sample_ro1-dlpfc.rda""","deconrnaseq"
582,"Br3942_ant","k2","counts_adj","""$launchDir/data/sce_intra-sample_ro1-dlpfc.rda""","""$launchDir/data/ypb_intra-sample_ro1-dlpfc.rda""","""$launchDir/data/lindex_intra-sample_ro1-dlpfc.rda""","""$launchDir/data/true-proportions_intra-sample_ro1-dlpfc.rda""","deconrnaseq"
583,"Br3942_ant","k2","counts_adj","""$launchDir/data/sce_intra-sample_ro1-dlpfc.rda""","""$launchDir/data/ypb_intra-sample_ro1-dlpfc.rda""","""$launchDir/data/lindex_intra-sample_ro1-dlpfc.rda""","""$launchDir/data/true-proportions_intra-sample_ro1-dlpfc.rda""","deconrnaseq"
584,"Br3942_ant","k2","counts_adj","""$launchDir/data/sce_intra-sample_ro1-dlpfc.rda""","""$launchDir/data/ypb_intra-sample_ro1-dlpfc.rda""","""$launchDir/data/lindex_intra-sample_ro1-dlpfc.rda""","""$launchDir/data/true-proportions_intra-sample_ro1-dlpfc.rda""","deconrnaseq"
585,"Br3942_ant","k2","counts_adj","""$launchDir/data/sce_intra-sample_ro1-dlpfc.rda""","""$launchDir/data/ypb_intra-sample_ro1-dlpfc.rda""","""$launchDir/data/lindex_intra-sample_ro1-dlpfc.rda""","""$launchDir/data/true-proportions_intra-sample_ro1-dlpfc.rda""","deconrnaseq"
586,"Br3942_ant","k2","counts_adj","""$launchDir/data/sce_intra-sample_ro1-dlpfc.rda""","""$launchDir/data/ypb_intra-sample_ro1-dlpfc.rda""","""$launchDir/data/lindex_intra-sample_ro1-dlpfc.rda""","""$launchDir/data/true-proportions_intra-sample_ro1-dlpfc.rda""","deconrnaseq"
587,"Br3942_ant","k2","counts_adj","""$launchDir/data/sce_intra-sample_ro1-dlpfc.rda""","""$launchDir/data/ypb_intra-sample_ro1-dlpfc.rda""","""$launchDir/data/lindex_intra-sample_ro1-dlpfc.rda""","""$launchDir/data/true-proportions_intra-sample_ro1-dlpfc.rda""","deconrnaseq"
588,"Br3942_ant","k2","counts_adj","""$launchDir/data/sce_intra-sample_ro1-dlpfc.rda""","""$launchDir/data/ypb_intra-sample_ro1-dlpfc.rda""","""$launchDir/data/lindex_intra-sample_ro1-dlpfc.rda""","""$launchDir/data/true-proportions_intra-sample_ro1-dlpfc.rda""","deconrnaseq"
589,"Br3942_ant","k2","counts_adj","""$launchDir/data/sce_intra-sample_ro1-dlpfc.rda""","""$launchDir/data/ypb_intra-sample_ro1-dlpfc.rda""","""$launchDir/data/lindex_intra-sample_ro1-dlpfc.rda""","""$launchDir/data/true-proportions_intra-sample_ro1-dlpfc.rda""","deconrnaseq"
590,"Br3942_ant","k2","counts_adj","""$launchDir/data/sce_intra-sample_ro1-dlpfc.rda""","""$launchDir/data/ypb_intra-sample_ro1-dlpfc.rda""","""$launchDir/data/lindex_intra-sample_ro1-dlpfc.rda""","""$launchDir/data/true-proportions_intra-sample_ro1-dlpfc.rda""","deconrnaseq"
591,"Br3942_ant","k2","counts_adj","""$launchDir/data/sce_intra-sample_ro1-dlpfc.rda""","""$launchDir/data/ypb_intra-sample_ro1-dlpfc.rda""","""$launchDir/data/lindex_intra-sample_ro1-dlpfc.rda""","""$launchDir/data/true-proportions_intra-sample_ro1-dlpfc.rda""","deconrnaseq"
592,"Br3942_ant","k2","counts_adj","""$launchDir/data/sce_intra-sample_ro1-dlpfc.rda""","""$launchDir/data/ypb_intra-sample_ro1-dlpfc.rda""","""$launchDir/data/lindex_intra-sample_ro1-dlpfc.rda""","""$launchDir/data/true-proportions_intra-sample_ro1-dlpfc.rda""","deconrnaseq"
593,"Br3942_ant","k2","counts_adj","""$launchDir/data/sce_intra-sample_ro1-dlpfc.rda""","""$launchDir/data/ypb_intra-sample_ro1-dlpfc.rda""","""$launchDir/data/lindex_intra-sample_ro1-dlpfc.rda""","""$launchDir/data/true-proportions_intra-sample_ro1-dlpfc.rda""","deconrnaseq"
594,"Br3942_ant","k2","counts_adj","""$launchDir/data/sce_intra-sample_ro1-dlpfc.rda""","""$launchDir/data/ypb_intra-sample_ro1-dlpfc.rda""","""$launchDir/data/lindex_intra-sample_ro1-dlpfc.rda""","""$launchDir/data/true-proportions_intra-sample_ro1-dlpfc.rda""","deconrnaseq"
595,"Br3942_ant","k2","counts_adj","""$launchDir/data/sce_intra-sample_ro1-dlpfc.rda""","""$launchDir/data/ypb_intra-sample_ro1-dlpfc.rda""","""$launchDir/data/lindex_intra-sample_ro1-dlpfc.rda""","""$launchDir/data/true-proportions_intra-sample_ro1-dlpfc.rda""","deconrnaseq"
596,"Br3942_ant","k2","counts_adj","""$launchDir/data/sce_intra-sample_ro1-dlpfc.rda""","""$launchDir/data/ypb_intra-sample_ro1-dlpfc.rda""","""$launchDir/data/lindex_intra-sample_ro1-dlpfc.rda""","""$launchDir/data/true-proportions_intra-sample_ro1-dlpfc.rda""","deconrnaseq"
597,"Br3942_ant","k2","counts_adj","""$launchDir/data/sce_intra-sample_ro1-dlpfc.rda""","""$launchDir/data/ypb_intra-sample_ro1-dlpfc.rda""","""$launchDir/data/lindex_intra-sample_ro1-dlpfc.rda""","""$launchDir/data/true-proportions_intra-sample_ro1-dlpfc.rda""","deconrnaseq"
598,"Br3942_ant","k2","counts_adj","""$launchDir/data/sce_intra-sample_ro1-dlpfc.rda""","""$launchDir/data/ypb_intra-sample_ro1-dlpfc.rda""","""$launchDir/data/lindex_intra-sample_ro1-dlpfc.rda""","""$launchDir/data/true-proportions_intra-sample_ro1-dlpfc.rda""","deconrnaseq"
599,"Br3942_ant","k2","counts_adj","""$launchDir/data/sce_intra-sample_ro1-dlpfc.rda""","""$launchDir/data/ypb_intra-sample_ro1-dlpfc.rda""","""$launchDir/data/lindex_intra-sample_ro1-dlpfc.rda""","""$launchDir/data/true-proportions_intra-sample_ro1-dlpfc.rda""","deconrnaseq"
600,"Br3942_ant","k2","counts_adj","""$launchDir/data/sce_intra-sample_ro1-dlpfc.rda""","""$launchDir/data/ypb_intra-sample_ro1-dlpfc.rda""","""$launchDir/data/lindex_intra-sample_ro1-dlpfc.rda""","""$launchDir/data/true-proportions_intra-sample_ro1-dlpfc.rda""","deconrnaseq"
