"iterations_index","sample_id","celltype_variable","assay_name","sce_filepath","bulk_filepath","list_index_filepath","true_proportions_filepath","method"
1,"Br3942_ant","k2","counts_adj","""$launchDir/data/sce_intra-sample_ro1-dlpfc.rda""","""$launchDir/data/ypb_intra-sample_ro1-dlpfc.rda""","""$launchDir/data/lindex_intra-sample_ro1-dlpfc.rda""","""$launchDir/data/true-proportions_intra-sample_ro1-dlpfc.rda""","deconrnaseq"
2,"Br3942_ant","k2","counts_adj","""$launchDir/data/sce_intra-sample_ro1-dlpfc.rda""","""$launchDir/data/ypb_intra-sample_ro1-dlpfc.rda""","""$launchDir/data/lindex_intra-sample_ro1-dlpfc.rda""","""$launchDir/data/true-proportions_intra-sample_ro1-dlpfc.rda""","deconrnaseq"
3,"Br3942_ant","k2","counts_adj","""$launchDir/data/sce_intra-sample_ro1-dlpfc.rda""","""$launchDir/data/ypb_intra-sample_ro1-dlpfc.rda""","""$launchDir/data/lindex_intra-sample_ro1-dlpfc.rda""","""$launchDir/data/true-proportions_intra-sample_ro1-dlpfc.rda""","deconrnaseq"
4,"Br3942_ant","k2","counts_adj","""$launchDir/data/sce_intra-sample_ro1-dlpfc.rda""","""$launchDir/data/ypb_intra-sample_ro1-dlpfc.rda""","""$launchDir/data/lindex_intra-sample_ro1-dlpfc.rda""","""$launchDir/data/true-proportions_intra-sample_ro1-dlpfc.rda""","deconrnaseq"
5,"Br3942_ant","k2","counts_adj","""$launchDir/data/sce_intra-sample_ro1-dlpfc.rda""","""$launchDir/data/ypb_intra-sample_ro1-dlpfc.rda""","""$launchDir/data/lindex_intra-sample_ro1-dlpfc.rda""","""$launchDir/data/true-proportions_intra-sample_ro1-dlpfc.rda""","deconrnaseq"
6,"Br3942_ant","k2","counts_adj","""$launchDir/data/sce_intra-sample_ro1-dlpfc.rda""","""$launchDir/data/ypb_intra-sample_ro1-dlpfc.rda""","""$launchDir/data/lindex_intra-sample_ro1-dlpfc.rda""","""$launchDir/data/true-proportions_intra-sample_ro1-dlpfc.rda""","deconrnaseq"
7,"Br3942_ant","k2","counts_adj","""$launchDir/data/sce_intra-sample_ro1-dlpfc.rda""","""$launchDir/data/ypb_intra-sample_ro1-dlpfc.rda""","""$launchDir/data/lindex_intra-sample_ro1-dlpfc.rda""","""$launchDir/data/true-proportions_intra-sample_ro1-dlpfc.rda""","deconrnaseq"
8,"Br3942_ant","k2","counts_adj","""$launchDir/data/sce_intra-sample_ro1-dlpfc.rda""","""$launchDir/data/ypb_intra-sample_ro1-dlpfc.rda""","""$launchDir/data/lindex_intra-sample_ro1-dlpfc.rda""","""$launchDir/data/true-proportions_intra-sample_ro1-dlpfc.rda""","deconrnaseq"
9,"Br3942_ant","k2","counts_adj","""$launchDir/data/sce_intra-sample_ro1-dlpfc.rda""","""$launchDir/data/ypb_intra-sample_ro1-dlpfc.rda""","""$launchDir/data/lindex_intra-sample_ro1-dlpfc.rda""","""$launchDir/data/true-proportions_intra-sample_ro1-dlpfc.rda""","deconrnaseq"
10,"Br3942_ant","k2","counts_adj","""$launchDir/data/sce_intra-sample_ro1-dlpfc.rda""","""$launchDir/data/ypb_intra-sample_ro1-dlpfc.rda""","""$launchDir/data/lindex_intra-sample_ro1-dlpfc.rda""","""$launchDir/data/true-proportions_intra-sample_ro1-dlpfc.rda""","deconrnaseq"
11,"Br3942_ant","k2","counts_adj","""$launchDir/data/sce_intra-sample_ro1-dlpfc.rda""","""$launchDir/data/ypb_intra-sample_ro1-dlpfc.rda""","""$launchDir/data/lindex_intra-sample_ro1-dlpfc.rda""","""$launchDir/data/true-proportions_intra-sample_ro1-dlpfc.rda""","deconrnaseq"
12,"Br3942_ant","k2","counts_adj","""$launchDir/data/sce_intra-sample_ro1-dlpfc.rda""","""$launchDir/data/ypb_intra-sample_ro1-dlpfc.rda""","""$launchDir/data/lindex_intra-sample_ro1-dlpfc.rda""","""$launchDir/data/true-proportions_intra-sample_ro1-dlpfc.rda""","deconrnaseq"
13,"Br3942_ant","k2","counts_adj","""$launchDir/data/sce_intra-sample_ro1-dlpfc.rda""","""$launchDir/data/ypb_intra-sample_ro1-dlpfc.rda""","""$launchDir/data/lindex_intra-sample_ro1-dlpfc.rda""","""$launchDir/data/true-proportions_intra-sample_ro1-dlpfc.rda""","deconrnaseq"
14,"Br3942_ant","k2","counts_adj","""$launchDir/data/sce_intra-sample_ro1-dlpfc.rda""","""$launchDir/data/ypb_intra-sample_ro1-dlpfc.rda""","""$launchDir/data/lindex_intra-sample_ro1-dlpfc.rda""","""$launchDir/data/true-proportions_intra-sample_ro1-dlpfc.rda""","deconrnaseq"
15,"Br3942_ant","k2","counts_adj","""$launchDir/data/sce_intra-sample_ro1-dlpfc.rda""","""$launchDir/data/ypb_intra-sample_ro1-dlpfc.rda""","""$launchDir/data/lindex_intra-sample_ro1-dlpfc.rda""","""$launchDir/data/true-proportions_intra-sample_ro1-dlpfc.rda""","deconrnaseq"
16,"Br3942_ant","k2","counts_adj","""$launchDir/data/sce_intra-sample_ro1-dlpfc.rda""","""$launchDir/data/ypb_intra-sample_ro1-dlpfc.rda""","""$launchDir/data/lindex_intra-sample_ro1-dlpfc.rda""","""$launchDir/data/true-proportions_intra-sample_ro1-dlpfc.rda""","deconrnaseq"
17,"Br3942_ant","k2","counts_adj","""$launchDir/data/sce_intra-sample_ro1-dlpfc.rda""","""$launchDir/data/ypb_intra-sample_ro1-dlpfc.rda""","""$launchDir/data/lindex_intra-sample_ro1-dlpfc.rda""","""$launchDir/data/true-proportions_intra-sample_ro1-dlpfc.rda""","deconrnaseq"
18,"Br3942_ant","k2","counts_adj","""$launchDir/data/sce_intra-sample_ro1-dlpfc.rda""","""$launchDir/data/ypb_intra-sample_ro1-dlpfc.rda""","""$launchDir/data/lindex_intra-sample_ro1-dlpfc.rda""","""$launchDir/data/true-proportions_intra-sample_ro1-dlpfc.rda""","deconrnaseq"
19,"Br3942_ant","k2","counts_adj","""$launchDir/data/sce_intra-sample_ro1-dlpfc.rda""","""$launchDir/data/ypb_intra-sample_ro1-dlpfc.rda""","""$launchDir/data/lindex_intra-sample_ro1-dlpfc.rda""","""$launchDir/data/true-proportions_intra-sample_ro1-dlpfc.rda""","deconrnaseq"
20,"Br3942_ant","k2","counts_adj","""$launchDir/data/sce_intra-sample_ro1-dlpfc.rda""","""$launchDir/data/ypb_intra-sample_ro1-dlpfc.rda""","""$launchDir/data/lindex_intra-sample_ro1-dlpfc.rda""","""$launchDir/data/true-proportions_intra-sample_ro1-dlpfc.rda""","deconrnaseq"
21,"Br3942_ant","k2","counts_adj","""$launchDir/data/sce_intra-sample_ro1-dlpfc.rda""","""$launchDir/data/ypb_intra-sample_ro1-dlpfc.rda""","""$launchDir/data/lindex_intra-sample_ro1-dlpfc.rda""","""$launchDir/data/true-proportions_intra-sample_ro1-dlpfc.rda""","deconrnaseq"
22,"Br3942_ant","k2","counts_adj","""$launchDir/data/sce_intra-sample_ro1-dlpfc.rda""","""$launchDir/data/ypb_intra-sample_ro1-dlpfc.rda""","""$launchDir/data/lindex_intra-sample_ro1-dlpfc.rda""","""$launchDir/data/true-proportions_intra-sample_ro1-dlpfc.rda""","deconrnaseq"
23,"Br3942_ant","k2","counts_adj","""$launchDir/data/sce_intra-sample_ro1-dlpfc.rda""","""$launchDir/data/ypb_intra-sample_ro1-dlpfc.rda""","""$launchDir/data/lindex_intra-sample_ro1-dlpfc.rda""","""$launchDir/data/true-proportions_intra-sample_ro1-dlpfc.rda""","deconrnaseq"
24,"Br3942_ant","k2","counts_adj","""$launchDir/data/sce_intra-sample_ro1-dlpfc.rda""","""$launchDir/data/ypb_intra-sample_ro1-dlpfc.rda""","""$launchDir/data/lindex_intra-sample_ro1-dlpfc.rda""","""$launchDir/data/true-proportions_intra-sample_ro1-dlpfc.rda""","deconrnaseq"
25,"Br3942_ant","k2","counts_adj","""$launchDir/data/sce_intra-sample_ro1-dlpfc.rda""","""$launchDir/data/ypb_intra-sample_ro1-dlpfc.rda""","""$launchDir/data/lindex_intra-sample_ro1-dlpfc.rda""","""$launchDir/data/true-proportions_intra-sample_ro1-dlpfc.rda""","deconrnaseq"
26,"Br3942_ant","k2","counts_adj","""$launchDir/data/sce_intra-sample_ro1-dlpfc.rda""","""$launchDir/data/ypb_intra-sample_ro1-dlpfc.rda""","""$launchDir/data/lindex_intra-sample_ro1-dlpfc.rda""","""$launchDir/data/true-proportions_intra-sample_ro1-dlpfc.rda""","deconrnaseq"
27,"Br3942_ant","k2","counts_adj","""$launchDir/data/sce_intra-sample_ro1-dlpfc.rda""","""$launchDir/data/ypb_intra-sample_ro1-dlpfc.rda""","""$launchDir/data/lindex_intra-sample_ro1-dlpfc.rda""","""$launchDir/data/true-proportions_intra-sample_ro1-dlpfc.rda""","deconrnaseq"
28,"Br3942_ant","k2","counts_adj","""$launchDir/data/sce_intra-sample_ro1-dlpfc.rda""","""$launchDir/data/ypb_intra-sample_ro1-dlpfc.rda""","""$launchDir/data/lindex_intra-sample_ro1-dlpfc.rda""","""$launchDir/data/true-proportions_intra-sample_ro1-dlpfc.rda""","deconrnaseq"
29,"Br3942_ant","k2","counts_adj","""$launchDir/data/sce_intra-sample_ro1-dlpfc.rda""","""$launchDir/data/ypb_intra-sample_ro1-dlpfc.rda""","""$launchDir/data/lindex_intra-sample_ro1-dlpfc.rda""","""$launchDir/data/true-proportions_intra-sample_ro1-dlpfc.rda""","deconrnaseq"
30,"Br3942_ant","k2","counts_adj","""$launchDir/data/sce_intra-sample_ro1-dlpfc.rda""","""$launchDir/data/ypb_intra-sample_ro1-dlpfc.rda""","""$launchDir/data/lindex_intra-sample_ro1-dlpfc.rda""","""$launchDir/data/true-proportions_intra-sample_ro1-dlpfc.rda""","deconrnaseq"
31,"Br3942_ant","k2","counts_adj","""$launchDir/data/sce_intra-sample_ro1-dlpfc.rda""","""$launchDir/data/ypb_intra-sample_ro1-dlpfc.rda""","""$launchDir/data/lindex_intra-sample_ro1-dlpfc.rda""","""$launchDir/data/true-proportions_intra-sample_ro1-dlpfc.rda""","deconrnaseq"
32,"Br3942_ant","k2","counts_adj","""$launchDir/data/sce_intra-sample_ro1-dlpfc.rda""","""$launchDir/data/ypb_intra-sample_ro1-dlpfc.rda""","""$launchDir/data/lindex_intra-sample_ro1-dlpfc.rda""","""$launchDir/data/true-proportions_intra-sample_ro1-dlpfc.rda""","deconrnaseq"
33,"Br3942_ant","k2","counts_adj","""$launchDir/data/sce_intra-sample_ro1-dlpfc.rda""","""$launchDir/data/ypb_intra-sample_ro1-dlpfc.rda""","""$launchDir/data/lindex_intra-sample_ro1-dlpfc.rda""","""$launchDir/data/true-proportions_intra-sample_ro1-dlpfc.rda""","deconrnaseq"
34,"Br3942_ant","k2","counts_adj","""$launchDir/data/sce_intra-sample_ro1-dlpfc.rda""","""$launchDir/data/ypb_intra-sample_ro1-dlpfc.rda""","""$launchDir/data/lindex_intra-sample_ro1-dlpfc.rda""","""$launchDir/data/true-proportions_intra-sample_ro1-dlpfc.rda""","deconrnaseq"
35,"Br3942_ant","k2","counts_adj","""$launchDir/data/sce_intra-sample_ro1-dlpfc.rda""","""$launchDir/data/ypb_intra-sample_ro1-dlpfc.rda""","""$launchDir/data/lindex_intra-sample_ro1-dlpfc.rda""","""$launchDir/data/true-proportions_intra-sample_ro1-dlpfc.rda""","deconrnaseq"
36,"Br3942_ant","k2","counts_adj","""$launchDir/data/sce_intra-sample_ro1-dlpfc.rda""","""$launchDir/data/ypb_intra-sample_ro1-dlpfc.rda""","""$launchDir/data/lindex_intra-sample_ro1-dlpfc.rda""","""$launchDir/data/true-proportions_intra-sample_ro1-dlpfc.rda""","deconrnaseq"
37,"Br3942_ant","k2","counts_adj","""$launchDir/data/sce_intra-sample_ro1-dlpfc.rda""","""$launchDir/data/ypb_intra-sample_ro1-dlpfc.rda""","""$launchDir/data/lindex_intra-sample_ro1-dlpfc.rda""","""$launchDir/data/true-proportions_intra-sample_ro1-dlpfc.rda""","deconrnaseq"
38,"Br3942_ant","k2","counts_adj","""$launchDir/data/sce_intra-sample_ro1-dlpfc.rda""","""$launchDir/data/ypb_intra-sample_ro1-dlpfc.rda""","""$launchDir/data/lindex_intra-sample_ro1-dlpfc.rda""","""$launchDir/data/true-proportions_intra-sample_ro1-dlpfc.rda""","deconrnaseq"
39,"Br3942_ant","k2","counts_adj","""$launchDir/data/sce_intra-sample_ro1-dlpfc.rda""","""$launchDir/data/ypb_intra-sample_ro1-dlpfc.rda""","""$launchDir/data/lindex_intra-sample_ro1-dlpfc.rda""","""$launchDir/data/true-proportions_intra-sample_ro1-dlpfc.rda""","deconrnaseq"
40,"Br3942_ant","k2","counts_adj","""$launchDir/data/sce_intra-sample_ro1-dlpfc.rda""","""$launchDir/data/ypb_intra-sample_ro1-dlpfc.rda""","""$launchDir/data/lindex_intra-sample_ro1-dlpfc.rda""","""$launchDir/data/true-proportions_intra-sample_ro1-dlpfc.rda""","deconrnaseq"
41,"Br3942_ant","k2","counts_adj","""$launchDir/data/sce_intra-sample_ro1-dlpfc.rda""","""$launchDir/data/ypb_intra-sample_ro1-dlpfc.rda""","""$launchDir/data/lindex_intra-sample_ro1-dlpfc.rda""","""$launchDir/data/true-proportions_intra-sample_ro1-dlpfc.rda""","deconrnaseq"
42,"Br3942_ant","k2","counts_adj","""$launchDir/data/sce_intra-sample_ro1-dlpfc.rda""","""$launchDir/data/ypb_intra-sample_ro1-dlpfc.rda""","""$launchDir/data/lindex_intra-sample_ro1-dlpfc.rda""","""$launchDir/data/true-proportions_intra-sample_ro1-dlpfc.rda""","deconrnaseq"
43,"Br3942_ant","k2","counts_adj","""$launchDir/data/sce_intra-sample_ro1-dlpfc.rda""","""$launchDir/data/ypb_intra-sample_ro1-dlpfc.rda""","""$launchDir/data/lindex_intra-sample_ro1-dlpfc.rda""","""$launchDir/data/true-proportions_intra-sample_ro1-dlpfc.rda""","deconrnaseq"
44,"Br3942_ant","k2","counts_adj","""$launchDir/data/sce_intra-sample_ro1-dlpfc.rda""","""$launchDir/data/ypb_intra-sample_ro1-dlpfc.rda""","""$launchDir/data/lindex_intra-sample_ro1-dlpfc.rda""","""$launchDir/data/true-proportions_intra-sample_ro1-dlpfc.rda""","deconrnaseq"
45,"Br3942_ant","k2","counts_adj","""$launchDir/data/sce_intra-sample_ro1-dlpfc.rda""","""$launchDir/data/ypb_intra-sample_ro1-dlpfc.rda""","""$launchDir/data/lindex_intra-sample_ro1-dlpfc.rda""","""$launchDir/data/true-proportions_intra-sample_ro1-dlpfc.rda""","deconrnaseq"
46,"Br3942_ant","k2","counts_adj","""$launchDir/data/sce_intra-sample_ro1-dlpfc.rda""","""$launchDir/data/ypb_intra-sample_ro1-dlpfc.rda""","""$launchDir/data/lindex_intra-sample_ro1-dlpfc.rda""","""$launchDir/data/true-proportions_intra-sample_ro1-dlpfc.rda""","deconrnaseq"
47,"Br3942_ant","k2","counts_adj","""$launchDir/data/sce_intra-sample_ro1-dlpfc.rda""","""$launchDir/data/ypb_intra-sample_ro1-dlpfc.rda""","""$launchDir/data/lindex_intra-sample_ro1-dlpfc.rda""","""$launchDir/data/true-proportions_intra-sample_ro1-dlpfc.rda""","deconrnaseq"
48,"Br3942_ant","k2","counts_adj","""$launchDir/data/sce_intra-sample_ro1-dlpfc.rda""","""$launchDir/data/ypb_intra-sample_ro1-dlpfc.rda""","""$launchDir/data/lindex_intra-sample_ro1-dlpfc.rda""","""$launchDir/data/true-proportions_intra-sample_ro1-dlpfc.rda""","deconrnaseq"
49,"Br3942_ant","k2","counts_adj","""$launchDir/data/sce_intra-sample_ro1-dlpfc.rda""","""$launchDir/data/ypb_intra-sample_ro1-dlpfc.rda""","""$launchDir/data/lindex_intra-sample_ro1-dlpfc.rda""","""$launchDir/data/true-proportions_intra-sample_ro1-dlpfc.rda""","deconrnaseq"
50,"Br3942_ant","k2","counts_adj","""$launchDir/data/sce_intra-sample_ro1-dlpfc.rda""","""$launchDir/data/ypb_intra-sample_ro1-dlpfc.rda""","""$launchDir/data/lindex_intra-sample_ro1-dlpfc.rda""","""$launchDir/data/true-proportions_intra-sample_ro1-dlpfc.rda""","deconrnaseq"
51,"Br3942_ant","k2","counts_adj","""$launchDir/data/sce_intra-sample_ro1-dlpfc.rda""","""$launchDir/data/ypb_intra-sample_ro1-dlpfc.rda""","""$launchDir/data/lindex_intra-sample_ro1-dlpfc.rda""","""$launchDir/data/true-proportions_intra-sample_ro1-dlpfc.rda""","deconrnaseq"
52,"Br3942_ant","k2","counts_adj","""$launchDir/data/sce_intra-sample_ro1-dlpfc.rda""","""$launchDir/data/ypb_intra-sample_ro1-dlpfc.rda""","""$launchDir/data/lindex_intra-sample_ro1-dlpfc.rda""","""$launchDir/data/true-proportions_intra-sample_ro1-dlpfc.rda""","deconrnaseq"
53,"Br3942_ant","k2","counts_adj","""$launchDir/data/sce_intra-sample_ro1-dlpfc.rda""","""$launchDir/data/ypb_intra-sample_ro1-dlpfc.rda""","""$launchDir/data/lindex_intra-sample_ro1-dlpfc.rda""","""$launchDir/data/true-proportions_intra-sample_ro1-dlpfc.rda""","deconrnaseq"
54,"Br3942_ant","k2","counts_adj","""$launchDir/data/sce_intra-sample_ro1-dlpfc.rda""","""$launchDir/data/ypb_intra-sample_ro1-dlpfc.rda""","""$launchDir/data/lindex_intra-sample_ro1-dlpfc.rda""","""$launchDir/data/true-proportions_intra-sample_ro1-dlpfc.rda""","deconrnaseq"
55,"Br3942_ant","k2","counts_adj","""$launchDir/data/sce_intra-sample_ro1-dlpfc.rda""","""$launchDir/data/ypb_intra-sample_ro1-dlpfc.rda""","""$launchDir/data/lindex_intra-sample_ro1-dlpfc.rda""","""$launchDir/data/true-proportions_intra-sample_ro1-dlpfc.rda""","deconrnaseq"
56,"Br3942_ant","k2","counts_adj","""$launchDir/data/sce_intra-sample_ro1-dlpfc.rda""","""$launchDir/data/ypb_intra-sample_ro1-dlpfc.rda""","""$launchDir/data/lindex_intra-sample_ro1-dlpfc.rda""","""$launchDir/data/true-proportions_intra-sample_ro1-dlpfc.rda""","deconrnaseq"
57,"Br3942_ant","k2","counts_adj","""$launchDir/data/sce_intra-sample_ro1-dlpfc.rda""","""$launchDir/data/ypb_intra-sample_ro1-dlpfc.rda""","""$launchDir/data/lindex_intra-sample_ro1-dlpfc.rda""","""$launchDir/data/true-proportions_intra-sample_ro1-dlpfc.rda""","deconrnaseq"
58,"Br3942_ant","k2","counts_adj","""$launchDir/data/sce_intra-sample_ro1-dlpfc.rda""","""$launchDir/data/ypb_intra-sample_ro1-dlpfc.rda""","""$launchDir/data/lindex_intra-sample_ro1-dlpfc.rda""","""$launchDir/data/true-proportions_intra-sample_ro1-dlpfc.rda""","deconrnaseq"
59,"Br3942_ant","k2","counts_adj","""$launchDir/data/sce_intra-sample_ro1-dlpfc.rda""","""$launchDir/data/ypb_intra-sample_ro1-dlpfc.rda""","""$launchDir/data/lindex_intra-sample_ro1-dlpfc.rda""","""$launchDir/data/true-proportions_intra-sample_ro1-dlpfc.rda""","deconrnaseq"
60,"Br3942_ant","k2","counts_adj","""$launchDir/data/sce_intra-sample_ro1-dlpfc.rda""","""$launchDir/data/ypb_intra-sample_ro1-dlpfc.rda""","""$launchDir/data/lindex_intra-sample_ro1-dlpfc.rda""","""$launchDir/data/true-proportions_intra-sample_ro1-dlpfc.rda""","deconrnaseq"
61,"Br3942_ant","k2","counts_adj","""$launchDir/data/sce_intra-sample_ro1-dlpfc.rda""","""$launchDir/data/ypb_intra-sample_ro1-dlpfc.rda""","""$launchDir/data/lindex_intra-sample_ro1-dlpfc.rda""","""$launchDir/data/true-proportions_intra-sample_ro1-dlpfc.rda""","deconrnaseq"
62,"Br3942_ant","k2","counts_adj","""$launchDir/data/sce_intra-sample_ro1-dlpfc.rda""","""$launchDir/data/ypb_intra-sample_ro1-dlpfc.rda""","""$launchDir/data/lindex_intra-sample_ro1-dlpfc.rda""","""$launchDir/data/true-proportions_intra-sample_ro1-dlpfc.rda""","deconrnaseq"
63,"Br3942_ant","k2","counts_adj","""$launchDir/data/sce_intra-sample_ro1-dlpfc.rda""","""$launchDir/data/ypb_intra-sample_ro1-dlpfc.rda""","""$launchDir/data/lindex_intra-sample_ro1-dlpfc.rda""","""$launchDir/data/true-proportions_intra-sample_ro1-dlpfc.rda""","deconrnaseq"
64,"Br3942_ant","k2","counts_adj","""$launchDir/data/sce_intra-sample_ro1-dlpfc.rda""","""$launchDir/data/ypb_intra-sample_ro1-dlpfc.rda""","""$launchDir/data/lindex_intra-sample_ro1-dlpfc.rda""","""$launchDir/data/true-proportions_intra-sample_ro1-dlpfc.rda""","deconrnaseq"
65,"Br3942_ant","k2","counts_adj","""$launchDir/data/sce_intra-sample_ro1-dlpfc.rda""","""$launchDir/data/ypb_intra-sample_ro1-dlpfc.rda""","""$launchDir/data/lindex_intra-sample_ro1-dlpfc.rda""","""$launchDir/data/true-proportions_intra-sample_ro1-dlpfc.rda""","deconrnaseq"
66,"Br3942_ant","k2","counts_adj","""$launchDir/data/sce_intra-sample_ro1-dlpfc.rda""","""$launchDir/data/ypb_intra-sample_ro1-dlpfc.rda""","""$launchDir/data/lindex_intra-sample_ro1-dlpfc.rda""","""$launchDir/data/true-proportions_intra-sample_ro1-dlpfc.rda""","deconrnaseq"
67,"Br3942_ant","k2","counts_adj","""$launchDir/data/sce_intra-sample_ro1-dlpfc.rda""","""$launchDir/data/ypb_intra-sample_ro1-dlpfc.rda""","""$launchDir/data/lindex_intra-sample_ro1-dlpfc.rda""","""$launchDir/data/true-proportions_intra-sample_ro1-dlpfc.rda""","deconrnaseq"
68,"Br3942_ant","k2","counts_adj","""$launchDir/data/sce_intra-sample_ro1-dlpfc.rda""","""$launchDir/data/ypb_intra-sample_ro1-dlpfc.rda""","""$launchDir/data/lindex_intra-sample_ro1-dlpfc.rda""","""$launchDir/data/true-proportions_intra-sample_ro1-dlpfc.rda""","deconrnaseq"
69,"Br3942_ant","k2","counts_adj","""$launchDir/data/sce_intra-sample_ro1-dlpfc.rda""","""$launchDir/data/ypb_intra-sample_ro1-dlpfc.rda""","""$launchDir/data/lindex_intra-sample_ro1-dlpfc.rda""","""$launchDir/data/true-proportions_intra-sample_ro1-dlpfc.rda""","deconrnaseq"
70,"Br3942_ant","k2","counts_adj","""$launchDir/data/sce_intra-sample_ro1-dlpfc.rda""","""$launchDir/data/ypb_intra-sample_ro1-dlpfc.rda""","""$launchDir/data/lindex_intra-sample_ro1-dlpfc.rda""","""$launchDir/data/true-proportions_intra-sample_ro1-dlpfc.rda""","deconrnaseq"
71,"Br3942_ant","k2","counts_adj","""$launchDir/data/sce_intra-sample_ro1-dlpfc.rda""","""$launchDir/data/ypb_intra-sample_ro1-dlpfc.rda""","""$launchDir/data/lindex_intra-sample_ro1-dlpfc.rda""","""$launchDir/data/true-proportions_intra-sample_ro1-dlpfc.rda""","deconrnaseq"
72,"Br3942_ant","k2","counts_adj","""$launchDir/data/sce_intra-sample_ro1-dlpfc.rda""","""$launchDir/data/ypb_intra-sample_ro1-dlpfc.rda""","""$launchDir/data/lindex_intra-sample_ro1-dlpfc.rda""","""$launchDir/data/true-proportions_intra-sample_ro1-dlpfc.rda""","deconrnaseq"
73,"Br3942_ant","k2","counts_adj","""$launchDir/data/sce_intra-sample_ro1-dlpfc.rda""","""$launchDir/data/ypb_intra-sample_ro1-dlpfc.rda""","""$launchDir/data/lindex_intra-sample_ro1-dlpfc.rda""","""$launchDir/data/true-proportions_intra-sample_ro1-dlpfc.rda""","deconrnaseq"
74,"Br3942_ant","k2","counts_adj","""$launchDir/data/sce_intra-sample_ro1-dlpfc.rda""","""$launchDir/data/ypb_intra-sample_ro1-dlpfc.rda""","""$launchDir/data/lindex_intra-sample_ro1-dlpfc.rda""","""$launchDir/data/true-proportions_intra-sample_ro1-dlpfc.rda""","deconrnaseq"
75,"Br3942_ant","k2","counts_adj","""$launchDir/data/sce_intra-sample_ro1-dlpfc.rda""","""$launchDir/data/ypb_intra-sample_ro1-dlpfc.rda""","""$launchDir/data/lindex_intra-sample_ro1-dlpfc.rda""","""$launchDir/data/true-proportions_intra-sample_ro1-dlpfc.rda""","deconrnaseq"
76,"Br3942_ant","k2","counts_adj","""$launchDir/data/sce_intra-sample_ro1-dlpfc.rda""","""$launchDir/data/ypb_intra-sample_ro1-dlpfc.rda""","""$launchDir/data/lindex_intra-sample_ro1-dlpfc.rda""","""$launchDir/data/true-proportions_intra-sample_ro1-dlpfc.rda""","deconrnaseq"
77,"Br3942_ant","k2","counts_adj","""$launchDir/data/sce_intra-sample_ro1-dlpfc.rda""","""$launchDir/data/ypb_intra-sample_ro1-dlpfc.rda""","""$launchDir/data/lindex_intra-sample_ro1-dlpfc.rda""","""$launchDir/data/true-proportions_intra-sample_ro1-dlpfc.rda""","deconrnaseq"
78,"Br3942_ant","k2","counts_adj","""$launchDir/data/sce_intra-sample_ro1-dlpfc.rda""","""$launchDir/data/ypb_intra-sample_ro1-dlpfc.rda""","""$launchDir/data/lindex_intra-sample_ro1-dlpfc.rda""","""$launchDir/data/true-proportions_intra-sample_ro1-dlpfc.rda""","deconrnaseq"
79,"Br3942_ant","k2","counts_adj","""$launchDir/data/sce_intra-sample_ro1-dlpfc.rda""","""$launchDir/data/ypb_intra-sample_ro1-dlpfc.rda""","""$launchDir/data/lindex_intra-sample_ro1-dlpfc.rda""","""$launchDir/data/true-proportions_intra-sample_ro1-dlpfc.rda""","deconrnaseq"
80,"Br3942_ant","k2","counts_adj","""$launchDir/data/sce_intra-sample_ro1-dlpfc.rda""","""$launchDir/data/ypb_intra-sample_ro1-dlpfc.rda""","""$launchDir/data/lindex_intra-sample_ro1-dlpfc.rda""","""$launchDir/data/true-proportions_intra-sample_ro1-dlpfc.rda""","deconrnaseq"
81,"Br3942_ant","k2","counts_adj","""$launchDir/data/sce_intra-sample_ro1-dlpfc.rda""","""$launchDir/data/ypb_intra-sample_ro1-dlpfc.rda""","""$launchDir/data/lindex_intra-sample_ro1-dlpfc.rda""","""$launchDir/data/true-proportions_intra-sample_ro1-dlpfc.rda""","deconrnaseq"
82,"Br3942_ant","k2","counts_adj","""$launchDir/data/sce_intra-sample_ro1-dlpfc.rda""","""$launchDir/data/ypb_intra-sample_ro1-dlpfc.rda""","""$launchDir/data/lindex_intra-sample_ro1-dlpfc.rda""","""$launchDir/data/true-proportions_intra-sample_ro1-dlpfc.rda""","deconrnaseq"
83,"Br3942_ant","k2","counts_adj","""$launchDir/data/sce_intra-sample_ro1-dlpfc.rda""","""$launchDir/data/ypb_intra-sample_ro1-dlpfc.rda""","""$launchDir/data/lindex_intra-sample_ro1-dlpfc.rda""","""$launchDir/data/true-proportions_intra-sample_ro1-dlpfc.rda""","deconrnaseq"
84,"Br3942_ant","k2","counts_adj","""$launchDir/data/sce_intra-sample_ro1-dlpfc.rda""","""$launchDir/data/ypb_intra-sample_ro1-dlpfc.rda""","""$launchDir/data/lindex_intra-sample_ro1-dlpfc.rda""","""$launchDir/data/true-proportions_intra-sample_ro1-dlpfc.rda""","deconrnaseq"
85,"Br3942_ant","k2","counts_adj","""$launchDir/data/sce_intra-sample_ro1-dlpfc.rda""","""$launchDir/data/ypb_intra-sample_ro1-dlpfc.rda""","""$launchDir/data/lindex_intra-sample_ro1-dlpfc.rda""","""$launchDir/data/true-proportions_intra-sample_ro1-dlpfc.rda""","deconrnaseq"
86,"Br3942_ant","k2","counts_adj","""$launchDir/data/sce_intra-sample_ro1-dlpfc.rda""","""$launchDir/data/ypb_intra-sample_ro1-dlpfc.rda""","""$launchDir/data/lindex_intra-sample_ro1-dlpfc.rda""","""$launchDir/data/true-proportions_intra-sample_ro1-dlpfc.rda""","deconrnaseq"
87,"Br3942_ant","k2","counts_adj","""$launchDir/data/sce_intra-sample_ro1-dlpfc.rda""","""$launchDir/data/ypb_intra-sample_ro1-dlpfc.rda""","""$launchDir/data/lindex_intra-sample_ro1-dlpfc.rda""","""$launchDir/data/true-proportions_intra-sample_ro1-dlpfc.rda""","deconrnaseq"
88,"Br3942_ant","k2","counts_adj","""$launchDir/data/sce_intra-sample_ro1-dlpfc.rda""","""$launchDir/data/ypb_intra-sample_ro1-dlpfc.rda""","""$launchDir/data/lindex_intra-sample_ro1-dlpfc.rda""","""$launchDir/data/true-proportions_intra-sample_ro1-dlpfc.rda""","deconrnaseq"
89,"Br3942_ant","k2","counts_adj","""$launchDir/data/sce_intra-sample_ro1-dlpfc.rda""","""$launchDir/data/ypb_intra-sample_ro1-dlpfc.rda""","""$launchDir/data/lindex_intra-sample_ro1-dlpfc.rda""","""$launchDir/data/true-proportions_intra-sample_ro1-dlpfc.rda""","deconrnaseq"
90,"Br3942_ant","k2","counts_adj","""$launchDir/data/sce_intra-sample_ro1-dlpfc.rda""","""$launchDir/data/ypb_intra-sample_ro1-dlpfc.rda""","""$launchDir/data/lindex_intra-sample_ro1-dlpfc.rda""","""$launchDir/data/true-proportions_intra-sample_ro1-dlpfc.rda""","deconrnaseq"
91,"Br3942_ant","k2","counts_adj","""$launchDir/data/sce_intra-sample_ro1-dlpfc.rda""","""$launchDir/data/ypb_intra-sample_ro1-dlpfc.rda""","""$launchDir/data/lindex_intra-sample_ro1-dlpfc.rda""","""$launchDir/data/true-proportions_intra-sample_ro1-dlpfc.rda""","deconrnaseq"
92,"Br3942_ant","k2","counts_adj","""$launchDir/data/sce_intra-sample_ro1-dlpfc.rda""","""$launchDir/data/ypb_intra-sample_ro1-dlpfc.rda""","""$launchDir/data/lindex_intra-sample_ro1-dlpfc.rda""","""$launchDir/data/true-proportions_intra-sample_ro1-dlpfc.rda""","deconrnaseq"
93,"Br3942_ant","k2","counts_adj","""$launchDir/data/sce_intra-sample_ro1-dlpfc.rda""","""$launchDir/data/ypb_intra-sample_ro1-dlpfc.rda""","""$launchDir/data/lindex_intra-sample_ro1-dlpfc.rda""","""$launchDir/data/true-proportions_intra-sample_ro1-dlpfc.rda""","deconrnaseq"
94,"Br3942_ant","k2","counts_adj","""$launchDir/data/sce_intra-sample_ro1-dlpfc.rda""","""$launchDir/data/ypb_intra-sample_ro1-dlpfc.rda""","""$launchDir/data/lindex_intra-sample_ro1-dlpfc.rda""","""$launchDir/data/true-proportions_intra-sample_ro1-dlpfc.rda""","deconrnaseq"
95,"Br3942_ant","k2","counts_adj","""$launchDir/data/sce_intra-sample_ro1-dlpfc.rda""","""$launchDir/data/ypb_intra-sample_ro1-dlpfc.rda""","""$launchDir/data/lindex_intra-sample_ro1-dlpfc.rda""","""$launchDir/data/true-proportions_intra-sample_ro1-dlpfc.rda""","deconrnaseq"
96,"Br3942_ant","k2","counts_adj","""$launchDir/data/sce_intra-sample_ro1-dlpfc.rda""","""$launchDir/data/ypb_intra-sample_ro1-dlpfc.rda""","""$launchDir/data/lindex_intra-sample_ro1-dlpfc.rda""","""$launchDir/data/true-proportions_intra-sample_ro1-dlpfc.rda""","deconrnaseq"
97,"Br3942_ant","k2","counts_adj","""$launchDir/data/sce_intra-sample_ro1-dlpfc.rda""","""$launchDir/data/ypb_intra-sample_ro1-dlpfc.rda""","""$launchDir/data/lindex_intra-sample_ro1-dlpfc.rda""","""$launchDir/data/true-proportions_intra-sample_ro1-dlpfc.rda""","deconrnaseq"
98,"Br3942_ant","k2","counts_adj","""$launchDir/data/sce_intra-sample_ro1-dlpfc.rda""","""$launchDir/data/ypb_intra-sample_ro1-dlpfc.rda""","""$launchDir/data/lindex_intra-sample_ro1-dlpfc.rda""","""$launchDir/data/true-proportions_intra-sample_ro1-dlpfc.rda""","deconrnaseq"
99,"Br3942_ant","k2","counts_adj","""$launchDir/data/sce_intra-sample_ro1-dlpfc.rda""","""$launchDir/data/ypb_intra-sample_ro1-dlpfc.rda""","""$launchDir/data/lindex_intra-sample_ro1-dlpfc.rda""","""$launchDir/data/true-proportions_intra-sample_ro1-dlpfc.rda""","deconrnaseq"
100,"Br3942_ant","k2","counts_adj","""$launchDir/data/sce_intra-sample_ro1-dlpfc.rda""","""$launchDir/data/ypb_intra-sample_ro1-dlpfc.rda""","""$launchDir/data/lindex_intra-sample_ro1-dlpfc.rda""","""$launchDir/data/true-proportions_intra-sample_ro1-dlpfc.rda""","deconrnaseq"
101,"Br3942_ant","k2","counts_adj","""$launchDir/data/sce_intra-sample_ro1-dlpfc.rda""","""$launchDir/data/ypb_intra-sample_ro1-dlpfc.rda""","""$launchDir/data/lindex_intra-sample_ro1-dlpfc.rda""","""$launchDir/data/true-proportions_intra-sample_ro1-dlpfc.rda""","deconrnaseq"
102,"Br3942_ant","k2","counts_adj","""$launchDir/data/sce_intra-sample_ro1-dlpfc.rda""","""$launchDir/data/ypb_intra-sample_ro1-dlpfc.rda""","""$launchDir/data/lindex_intra-sample_ro1-dlpfc.rda""","""$launchDir/data/true-proportions_intra-sample_ro1-dlpfc.rda""","deconrnaseq"
103,"Br3942_ant","k2","counts_adj","""$launchDir/data/sce_intra-sample_ro1-dlpfc.rda""","""$launchDir/data/ypb_intra-sample_ro1-dlpfc.rda""","""$launchDir/data/lindex_intra-sample_ro1-dlpfc.rda""","""$launchDir/data/true-proportions_intra-sample_ro1-dlpfc.rda""","deconrnaseq"
104,"Br3942_ant","k2","counts_adj","""$launchDir/data/sce_intra-sample_ro1-dlpfc.rda""","""$launchDir/data/ypb_intra-sample_ro1-dlpfc.rda""","""$launchDir/data/lindex_intra-sample_ro1-dlpfc.rda""","""$launchDir/data/true-proportions_intra-sample_ro1-dlpfc.rda""","deconrnaseq"
105,"Br3942_ant","k2","counts_adj","""$launchDir/data/sce_intra-sample_ro1-dlpfc.rda""","""$launchDir/data/ypb_intra-sample_ro1-dlpfc.rda""","""$launchDir/data/lindex_intra-sample_ro1-dlpfc.rda""","""$launchDir/data/true-proportions_intra-sample_ro1-dlpfc.rda""","deconrnaseq"
106,"Br3942_ant","k2","counts_adj","""$launchDir/data/sce_intra-sample_ro1-dlpfc.rda""","""$launchDir/data/ypb_intra-sample_ro1-dlpfc.rda""","""$launchDir/data/lindex_intra-sample_ro1-dlpfc.rda""","""$launchDir/data/true-proportions_intra-sample_ro1-dlpfc.rda""","deconrnaseq"
107,"Br3942_ant","k2","counts_adj","""$launchDir/data/sce_intra-sample_ro1-dlpfc.rda""","""$launchDir/data/ypb_intra-sample_ro1-dlpfc.rda""","""$launchDir/data/lindex_intra-sample_ro1-dlpfc.rda""","""$launchDir/data/true-proportions_intra-sample_ro1-dlpfc.rda""","deconrnaseq"
108,"Br3942_ant","k2","counts_adj","""$launchDir/data/sce_intra-sample_ro1-dlpfc.rda""","""$launchDir/data/ypb_intra-sample_ro1-dlpfc.rda""","""$launchDir/data/lindex_intra-sample_ro1-dlpfc.rda""","""$launchDir/data/true-proportions_intra-sample_ro1-dlpfc.rda""","deconrnaseq"
109,"Br3942_ant","k2","counts_adj","""$launchDir/data/sce_intra-sample_ro1-dlpfc.rda""","""$launchDir/data/ypb_intra-sample_ro1-dlpfc.rda""","""$launchDir/data/lindex_intra-sample_ro1-dlpfc.rda""","""$launchDir/data/true-proportions_intra-sample_ro1-dlpfc.rda""","deconrnaseq"
110,"Br3942_ant","k2","counts_adj","""$launchDir/data/sce_intra-sample_ro1-dlpfc.rda""","""$launchDir/data/ypb_intra-sample_ro1-dlpfc.rda""","""$launchDir/data/lindex_intra-sample_ro1-dlpfc.rda""","""$launchDir/data/true-proportions_intra-sample_ro1-dlpfc.rda""","deconrnaseq"
111,"Br3942_ant","k2","counts_adj","""$launchDir/data/sce_intra-sample_ro1-dlpfc.rda""","""$launchDir/data/ypb_intra-sample_ro1-dlpfc.rda""","""$launchDir/data/lindex_intra-sample_ro1-dlpfc.rda""","""$launchDir/data/true-proportions_intra-sample_ro1-dlpfc.rda""","deconrnaseq"
112,"Br3942_ant","k2","counts_adj","""$launchDir/data/sce_intra-sample_ro1-dlpfc.rda""","""$launchDir/data/ypb_intra-sample_ro1-dlpfc.rda""","""$launchDir/data/lindex_intra-sample_ro1-dlpfc.rda""","""$launchDir/data/true-proportions_intra-sample_ro1-dlpfc.rda""","deconrnaseq"
113,"Br3942_ant","k2","counts_adj","""$launchDir/data/sce_intra-sample_ro1-dlpfc.rda""","""$launchDir/data/ypb_intra-sample_ro1-dlpfc.rda""","""$launchDir/data/lindex_intra-sample_ro1-dlpfc.rda""","""$launchDir/data/true-proportions_intra-sample_ro1-dlpfc.rda""","deconrnaseq"
114,"Br3942_ant","k2","counts_adj","""$launchDir/data/sce_intra-sample_ro1-dlpfc.rda""","""$launchDir/data/ypb_intra-sample_ro1-dlpfc.rda""","""$launchDir/data/lindex_intra-sample_ro1-dlpfc.rda""","""$launchDir/data/true-proportions_intra-sample_ro1-dlpfc.rda""","deconrnaseq"
115,"Br3942_ant","k2","counts_adj","""$launchDir/data/sce_intra-sample_ro1-dlpfc.rda""","""$launchDir/data/ypb_intra-sample_ro1-dlpfc.rda""","""$launchDir/data/lindex_intra-sample_ro1-dlpfc.rda""","""$launchDir/data/true-proportions_intra-sample_ro1-dlpfc.rda""","deconrnaseq"
116,"Br3942_ant","k2","counts_adj","""$launchDir/data/sce_intra-sample_ro1-dlpfc.rda""","""$launchDir/data/ypb_intra-sample_ro1-dlpfc.rda""","""$launchDir/data/lindex_intra-sample_ro1-dlpfc.rda""","""$launchDir/data/true-proportions_intra-sample_ro1-dlpfc.rda""","deconrnaseq"
117,"Br3942_ant","k2","counts_adj","""$launchDir/data/sce_intra-sample_ro1-dlpfc.rda""","""$launchDir/data/ypb_intra-sample_ro1-dlpfc.rda""","""$launchDir/data/lindex_intra-sample_ro1-dlpfc.rda""","""$launchDir/data/true-proportions_intra-sample_ro1-dlpfc.rda""","deconrnaseq"
118,"Br3942_ant","k2","counts_adj","""$launchDir/data/sce_intra-sample_ro1-dlpfc.rda""","""$launchDir/data/ypb_intra-sample_ro1-dlpfc.rda""","""$launchDir/data/lindex_intra-sample_ro1-dlpfc.rda""","""$launchDir/data/true-proportions_intra-sample_ro1-dlpfc.rda""","deconrnaseq"
119,"Br3942_ant","k2","counts_adj","""$launchDir/data/sce_intra-sample_ro1-dlpfc.rda""","""$launchDir/data/ypb_intra-sample_ro1-dlpfc.rda""","""$launchDir/data/lindex_intra-sample_ro1-dlpfc.rda""","""$launchDir/data/true-proportions_intra-sample_ro1-dlpfc.rda""","deconrnaseq"
120,"Br3942_ant","k2","counts_adj","""$launchDir/data/sce_intra-sample_ro1-dlpfc.rda""","""$launchDir/data/ypb_intra-sample_ro1-dlpfc.rda""","""$launchDir/data/lindex_intra-sample_ro1-dlpfc.rda""","""$launchDir/data/true-proportions_intra-sample_ro1-dlpfc.rda""","deconrnaseq"
121,"Br3942_ant","k2","counts_adj","""$launchDir/data/sce_intra-sample_ro1-dlpfc.rda""","""$launchDir/data/ypb_intra-sample_ro1-dlpfc.rda""","""$launchDir/data/lindex_intra-sample_ro1-dlpfc.rda""","""$launchDir/data/true-proportions_intra-sample_ro1-dlpfc.rda""","deconrnaseq"
122,"Br3942_ant","k2","counts_adj","""$launchDir/data/sce_intra-sample_ro1-dlpfc.rda""","""$launchDir/data/ypb_intra-sample_ro1-dlpfc.rda""","""$launchDir/data/lindex_intra-sample_ro1-dlpfc.rda""","""$launchDir/data/true-proportions_intra-sample_ro1-dlpfc.rda""","deconrnaseq"
123,"Br3942_ant","k2","counts_adj","""$launchDir/data/sce_intra-sample_ro1-dlpfc.rda""","""$launchDir/data/ypb_intra-sample_ro1-dlpfc.rda""","""$launchDir/data/lindex_intra-sample_ro1-dlpfc.rda""","""$launchDir/data/true-proportions_intra-sample_ro1-dlpfc.rda""","deconrnaseq"
124,"Br3942_ant","k2","counts_adj","""$launchDir/data/sce_intra-sample_ro1-dlpfc.rda""","""$launchDir/data/ypb_intra-sample_ro1-dlpfc.rda""","""$launchDir/data/lindex_intra-sample_ro1-dlpfc.rda""","""$launchDir/data/true-proportions_intra-sample_ro1-dlpfc.rda""","deconrnaseq"
125,"Br3942_ant","k2","counts_adj","""$launchDir/data/sce_intra-sample_ro1-dlpfc.rda""","""$launchDir/data/ypb_intra-sample_ro1-dlpfc.rda""","""$launchDir/data/lindex_intra-sample_ro1-dlpfc.rda""","""$launchDir/data/true-proportions_intra-sample_ro1-dlpfc.rda""","deconrnaseq"
126,"Br3942_ant","k2","counts_adj","""$launchDir/data/sce_intra-sample_ro1-dlpfc.rda""","""$launchDir/data/ypb_intra-sample_ro1-dlpfc.rda""","""$launchDir/data/lindex_intra-sample_ro1-dlpfc.rda""","""$launchDir/data/true-proportions_intra-sample_ro1-dlpfc.rda""","deconrnaseq"
127,"Br3942_ant","k2","counts_adj","""$launchDir/data/sce_intra-sample_ro1-dlpfc.rda""","""$launchDir/data/ypb_intra-sample_ro1-dlpfc.rda""","""$launchDir/data/lindex_intra-sample_ro1-dlpfc.rda""","""$launchDir/data/true-proportions_intra-sample_ro1-dlpfc.rda""","deconrnaseq"
128,"Br3942_ant","k2","counts_adj","""$launchDir/data/sce_intra-sample_ro1-dlpfc.rda""","""$launchDir/data/ypb_intra-sample_ro1-dlpfc.rda""","""$launchDir/data/lindex_intra-sample_ro1-dlpfc.rda""","""$launchDir/data/true-proportions_intra-sample_ro1-dlpfc.rda""","deconrnaseq"
129,"Br3942_ant","k2","counts_adj","""$launchDir/data/sce_intra-sample_ro1-dlpfc.rda""","""$launchDir/data/ypb_intra-sample_ro1-dlpfc.rda""","""$launchDir/data/lindex_intra-sample_ro1-dlpfc.rda""","""$launchDir/data/true-proportions_intra-sample_ro1-dlpfc.rda""","deconrnaseq"
130,"Br3942_ant","k2","counts_adj","""$launchDir/data/sce_intra-sample_ro1-dlpfc.rda""","""$launchDir/data/ypb_intra-sample_ro1-dlpfc.rda""","""$launchDir/data/lindex_intra-sample_ro1-dlpfc.rda""","""$launchDir/data/true-proportions_intra-sample_ro1-dlpfc.rda""","deconrnaseq"
131,"Br3942_ant","k2","counts_adj","""$launchDir/data/sce_intra-sample_ro1-dlpfc.rda""","""$launchDir/data/ypb_intra-sample_ro1-dlpfc.rda""","""$launchDir/data/lindex_intra-sample_ro1-dlpfc.rda""","""$launchDir/data/true-proportions_intra-sample_ro1-dlpfc.rda""","deconrnaseq"
132,"Br3942_ant","k2","counts_adj","""$launchDir/data/sce_intra-sample_ro1-dlpfc.rda""","""$launchDir/data/ypb_intra-sample_ro1-dlpfc.rda""","""$launchDir/data/lindex_intra-sample_ro1-dlpfc.rda""","""$launchDir/data/true-proportions_intra-sample_ro1-dlpfc.rda""","deconrnaseq"
133,"Br3942_ant","k2","counts_adj","""$launchDir/data/sce_intra-sample_ro1-dlpfc.rda""","""$launchDir/data/ypb_intra-sample_ro1-dlpfc.rda""","""$launchDir/data/lindex_intra-sample_ro1-dlpfc.rda""","""$launchDir/data/true-proportions_intra-sample_ro1-dlpfc.rda""","deconrnaseq"
134,"Br3942_ant","k2","counts_adj","""$launchDir/data/sce_intra-sample_ro1-dlpfc.rda""","""$launchDir/data/ypb_intra-sample_ro1-dlpfc.rda""","""$launchDir/data/lindex_intra-sample_ro1-dlpfc.rda""","""$launchDir/data/true-proportions_intra-sample_ro1-dlpfc.rda""","deconrnaseq"
135,"Br3942_ant","k2","counts_adj","""$launchDir/data/sce_intra-sample_ro1-dlpfc.rda""","""$launchDir/data/ypb_intra-sample_ro1-dlpfc.rda""","""$launchDir/data/lindex_intra-sample_ro1-dlpfc.rda""","""$launchDir/data/true-proportions_intra-sample_ro1-dlpfc.rda""","deconrnaseq"
136,"Br3942_ant","k2","counts_adj","""$launchDir/data/sce_intra-sample_ro1-dlpfc.rda""","""$launchDir/data/ypb_intra-sample_ro1-dlpfc.rda""","""$launchDir/data/lindex_intra-sample_ro1-dlpfc.rda""","""$launchDir/data/true-proportions_intra-sample_ro1-dlpfc.rda""","deconrnaseq"
137,"Br3942_ant","k2","counts_adj","""$launchDir/data/sce_intra-sample_ro1-dlpfc.rda""","""$launchDir/data/ypb_intra-sample_ro1-dlpfc.rda""","""$launchDir/data/lindex_intra-sample_ro1-dlpfc.rda""","""$launchDir/data/true-proportions_intra-sample_ro1-dlpfc.rda""","deconrnaseq"
138,"Br3942_ant","k2","counts_adj","""$launchDir/data/sce_intra-sample_ro1-dlpfc.rda""","""$launchDir/data/ypb_intra-sample_ro1-dlpfc.rda""","""$launchDir/data/lindex_intra-sample_ro1-dlpfc.rda""","""$launchDir/data/true-proportions_intra-sample_ro1-dlpfc.rda""","deconrnaseq"
139,"Br3942_ant","k2","counts_adj","""$launchDir/data/sce_intra-sample_ro1-dlpfc.rda""","""$launchDir/data/ypb_intra-sample_ro1-dlpfc.rda""","""$launchDir/data/lindex_intra-sample_ro1-dlpfc.rda""","""$launchDir/data/true-proportions_intra-sample_ro1-dlpfc.rda""","deconrnaseq"
140,"Br3942_ant","k2","counts_adj","""$launchDir/data/sce_intra-sample_ro1-dlpfc.rda""","""$launchDir/data/ypb_intra-sample_ro1-dlpfc.rda""","""$launchDir/data/lindex_intra-sample_ro1-dlpfc.rda""","""$launchDir/data/true-proportions_intra-sample_ro1-dlpfc.rda""","deconrnaseq"
141,"Br3942_ant","k2","counts_adj","""$launchDir/data/sce_intra-sample_ro1-dlpfc.rda""","""$launchDir/data/ypb_intra-sample_ro1-dlpfc.rda""","""$launchDir/data/lindex_intra-sample_ro1-dlpfc.rda""","""$launchDir/data/true-proportions_intra-sample_ro1-dlpfc.rda""","deconrnaseq"
142,"Br3942_ant","k2","counts_adj","""$launchDir/data/sce_intra-sample_ro1-dlpfc.rda""","""$launchDir/data/ypb_intra-sample_ro1-dlpfc.rda""","""$launchDir/data/lindex_intra-sample_ro1-dlpfc.rda""","""$launchDir/data/true-proportions_intra-sample_ro1-dlpfc.rda""","deconrnaseq"
143,"Br3942_ant","k2","counts_adj","""$launchDir/data/sce_intra-sample_ro1-dlpfc.rda""","""$launchDir/data/ypb_intra-sample_ro1-dlpfc.rda""","""$launchDir/data/lindex_intra-sample_ro1-dlpfc.rda""","""$launchDir/data/true-proportions_intra-sample_ro1-dlpfc.rda""","deconrnaseq"
144,"Br3942_ant","k2","counts_adj","""$launchDir/data/sce_intra-sample_ro1-dlpfc.rda""","""$launchDir/data/ypb_intra-sample_ro1-dlpfc.rda""","""$launchDir/data/lindex_intra-sample_ro1-dlpfc.rda""","""$launchDir/data/true-proportions_intra-sample_ro1-dlpfc.rda""","deconrnaseq"
145,"Br3942_ant","k2","counts_adj","""$launchDir/data/sce_intra-sample_ro1-dlpfc.rda""","""$launchDir/data/ypb_intra-sample_ro1-dlpfc.rda""","""$launchDir/data/lindex_intra-sample_ro1-dlpfc.rda""","""$launchDir/data/true-proportions_intra-sample_ro1-dlpfc.rda""","deconrnaseq"
146,"Br3942_ant","k2","counts_adj","""$launchDir/data/sce_intra-sample_ro1-dlpfc.rda""","""$launchDir/data/ypb_intra-sample_ro1-dlpfc.rda""","""$launchDir/data/lindex_intra-sample_ro1-dlpfc.rda""","""$launchDir/data/true-proportions_intra-sample_ro1-dlpfc.rda""","deconrnaseq"
147,"Br3942_ant","k2","counts_adj","""$launchDir/data/sce_intra-sample_ro1-dlpfc.rda""","""$launchDir/data/ypb_intra-sample_ro1-dlpfc.rda""","""$launchDir/data/lindex_intra-sample_ro1-dlpfc.rda""","""$launchDir/data/true-proportions_intra-sample_ro1-dlpfc.rda""","deconrnaseq"
148,"Br3942_ant","k2","counts_adj","""$launchDir/data/sce_intra-sample_ro1-dlpfc.rda""","""$launchDir/data/ypb_intra-sample_ro1-dlpfc.rda""","""$launchDir/data/lindex_intra-sample_ro1-dlpfc.rda""","""$launchDir/data/true-proportions_intra-sample_ro1-dlpfc.rda""","deconrnaseq"
149,"Br3942_ant","k2","counts_adj","""$launchDir/data/sce_intra-sample_ro1-dlpfc.rda""","""$launchDir/data/ypb_intra-sample_ro1-dlpfc.rda""","""$launchDir/data/lindex_intra-sample_ro1-dlpfc.rda""","""$launchDir/data/true-proportions_intra-sample_ro1-dlpfc.rda""","deconrnaseq"
150,"Br3942_ant","k2","counts_adj","""$launchDir/data/sce_intra-sample_ro1-dlpfc.rda""","""$launchDir/data/ypb_intra-sample_ro1-dlpfc.rda""","""$launchDir/data/lindex_intra-sample_ro1-dlpfc.rda""","""$launchDir/data/true-proportions_intra-sample_ro1-dlpfc.rda""","deconrnaseq"
151,"Br3942_ant","k2","counts_adj","""$launchDir/data/sce_intra-sample_ro1-dlpfc.rda""","""$launchDir/data/ypb_intra-sample_ro1-dlpfc.rda""","""$launchDir/data/lindex_intra-sample_ro1-dlpfc.rda""","""$launchDir/data/true-proportions_intra-sample_ro1-dlpfc.rda""","deconrnaseq"
152,"Br3942_ant","k2","counts_adj","""$launchDir/data/sce_intra-sample_ro1-dlpfc.rda""","""$launchDir/data/ypb_intra-sample_ro1-dlpfc.rda""","""$launchDir/data/lindex_intra-sample_ro1-dlpfc.rda""","""$launchDir/data/true-proportions_intra-sample_ro1-dlpfc.rda""","deconrnaseq"
153,"Br3942_ant","k2","counts_adj","""$launchDir/data/sce_intra-sample_ro1-dlpfc.rda""","""$launchDir/data/ypb_intra-sample_ro1-dlpfc.rda""","""$launchDir/data/lindex_intra-sample_ro1-dlpfc.rda""","""$launchDir/data/true-proportions_intra-sample_ro1-dlpfc.rda""","deconrnaseq"
154,"Br3942_ant","k2","counts_adj","""$launchDir/data/sce_intra-sample_ro1-dlpfc.rda""","""$launchDir/data/ypb_intra-sample_ro1-dlpfc.rda""","""$launchDir/data/lindex_intra-sample_ro1-dlpfc.rda""","""$launchDir/data/true-proportions_intra-sample_ro1-dlpfc.rda""","deconrnaseq"
155,"Br3942_ant","k2","counts_adj","""$launchDir/data/sce_intra-sample_ro1-dlpfc.rda""","""$launchDir/data/ypb_intra-sample_ro1-dlpfc.rda""","""$launchDir/data/lindex_intra-sample_ro1-dlpfc.rda""","""$launchDir/data/true-proportions_intra-sample_ro1-dlpfc.rda""","deconrnaseq"
156,"Br3942_ant","k2","counts_adj","""$launchDir/data/sce_intra-sample_ro1-dlpfc.rda""","""$launchDir/data/ypb_intra-sample_ro1-dlpfc.rda""","""$launchDir/data/lindex_intra-sample_ro1-dlpfc.rda""","""$launchDir/data/true-proportions_intra-sample_ro1-dlpfc.rda""","deconrnaseq"
157,"Br3942_ant","k2","counts_adj","""$launchDir/data/sce_intra-sample_ro1-dlpfc.rda""","""$launchDir/data/ypb_intra-sample_ro1-dlpfc.rda""","""$launchDir/data/lindex_intra-sample_ro1-dlpfc.rda""","""$launchDir/data/true-proportions_intra-sample_ro1-dlpfc.rda""","deconrnaseq"
158,"Br3942_ant","k2","counts_adj","""$launchDir/data/sce_intra-sample_ro1-dlpfc.rda""","""$launchDir/data/ypb_intra-sample_ro1-dlpfc.rda""","""$launchDir/data/lindex_intra-sample_ro1-dlpfc.rda""","""$launchDir/data/true-proportions_intra-sample_ro1-dlpfc.rda""","deconrnaseq"
159,"Br3942_ant","k2","counts_adj","""$launchDir/data/sce_intra-sample_ro1-dlpfc.rda""","""$launchDir/data/ypb_intra-sample_ro1-dlpfc.rda""","""$launchDir/data/lindex_intra-sample_ro1-dlpfc.rda""","""$launchDir/data/true-proportions_intra-sample_ro1-dlpfc.rda""","deconrnaseq"
160,"Br3942_ant","k2","counts_adj","""$launchDir/data/sce_intra-sample_ro1-dlpfc.rda""","""$launchDir/data/ypb_intra-sample_ro1-dlpfc.rda""","""$launchDir/data/lindex_intra-sample_ro1-dlpfc.rda""","""$launchDir/data/true-proportions_intra-sample_ro1-dlpfc.rda""","deconrnaseq"
161,"Br3942_ant","k2","counts_adj","""$launchDir/data/sce_intra-sample_ro1-dlpfc.rda""","""$launchDir/data/ypb_intra-sample_ro1-dlpfc.rda""","""$launchDir/data/lindex_intra-sample_ro1-dlpfc.rda""","""$launchDir/data/true-proportions_intra-sample_ro1-dlpfc.rda""","deconrnaseq"
162,"Br3942_ant","k2","counts_adj","""$launchDir/data/sce_intra-sample_ro1-dlpfc.rda""","""$launchDir/data/ypb_intra-sample_ro1-dlpfc.rda""","""$launchDir/data/lindex_intra-sample_ro1-dlpfc.rda""","""$launchDir/data/true-proportions_intra-sample_ro1-dlpfc.rda""","deconrnaseq"
163,"Br3942_ant","k2","counts_adj","""$launchDir/data/sce_intra-sample_ro1-dlpfc.rda""","""$launchDir/data/ypb_intra-sample_ro1-dlpfc.rda""","""$launchDir/data/lindex_intra-sample_ro1-dlpfc.rda""","""$launchDir/data/true-proportions_intra-sample_ro1-dlpfc.rda""","deconrnaseq"
164,"Br3942_ant","k2","counts_adj","""$launchDir/data/sce_intra-sample_ro1-dlpfc.rda""","""$launchDir/data/ypb_intra-sample_ro1-dlpfc.rda""","""$launchDir/data/lindex_intra-sample_ro1-dlpfc.rda""","""$launchDir/data/true-proportions_intra-sample_ro1-dlpfc.rda""","deconrnaseq"
165,"Br3942_ant","k2","counts_adj","""$launchDir/data/sce_intra-sample_ro1-dlpfc.rda""","""$launchDir/data/ypb_intra-sample_ro1-dlpfc.rda""","""$launchDir/data/lindex_intra-sample_ro1-dlpfc.rda""","""$launchDir/data/true-proportions_intra-sample_ro1-dlpfc.rda""","deconrnaseq"
166,"Br3942_ant","k2","counts_adj","""$launchDir/data/sce_intra-sample_ro1-dlpfc.rda""","""$launchDir/data/ypb_intra-sample_ro1-dlpfc.rda""","""$launchDir/data/lindex_intra-sample_ro1-dlpfc.rda""","""$launchDir/data/true-proportions_intra-sample_ro1-dlpfc.rda""","deconrnaseq"
167,"Br3942_ant","k2","counts_adj","""$launchDir/data/sce_intra-sample_ro1-dlpfc.rda""","""$launchDir/data/ypb_intra-sample_ro1-dlpfc.rda""","""$launchDir/data/lindex_intra-sample_ro1-dlpfc.rda""","""$launchDir/data/true-proportions_intra-sample_ro1-dlpfc.rda""","deconrnaseq"
168,"Br3942_ant","k2","counts_adj","""$launchDir/data/sce_intra-sample_ro1-dlpfc.rda""","""$launchDir/data/ypb_intra-sample_ro1-dlpfc.rda""","""$launchDir/data/lindex_intra-sample_ro1-dlpfc.rda""","""$launchDir/data/true-proportions_intra-sample_ro1-dlpfc.rda""","deconrnaseq"
169,"Br3942_ant","k2","counts_adj","""$launchDir/data/sce_intra-sample_ro1-dlpfc.rda""","""$launchDir/data/ypb_intra-sample_ro1-dlpfc.rda""","""$launchDir/data/lindex_intra-sample_ro1-dlpfc.rda""","""$launchDir/data/true-proportions_intra-sample_ro1-dlpfc.rda""","deconrnaseq"
170,"Br3942_ant","k2","counts_adj","""$launchDir/data/sce_intra-sample_ro1-dlpfc.rda""","""$launchDir/data/ypb_intra-sample_ro1-dlpfc.rda""","""$launchDir/data/lindex_intra-sample_ro1-dlpfc.rda""","""$launchDir/data/true-proportions_intra-sample_ro1-dlpfc.rda""","deconrnaseq"
171,"Br3942_ant","k2","counts_adj","""$launchDir/data/sce_intra-sample_ro1-dlpfc.rda""","""$launchDir/data/ypb_intra-sample_ro1-dlpfc.rda""","""$launchDir/data/lindex_intra-sample_ro1-dlpfc.rda""","""$launchDir/data/true-proportions_intra-sample_ro1-dlpfc.rda""","deconrnaseq"
172,"Br3942_ant","k2","counts_adj","""$launchDir/data/sce_intra-sample_ro1-dlpfc.rda""","""$launchDir/data/ypb_intra-sample_ro1-dlpfc.rda""","""$launchDir/data/lindex_intra-sample_ro1-dlpfc.rda""","""$launchDir/data/true-proportions_intra-sample_ro1-dlpfc.rda""","deconrnaseq"
173,"Br3942_ant","k2","counts_adj","""$launchDir/data/sce_intra-sample_ro1-dlpfc.rda""","""$launchDir/data/ypb_intra-sample_ro1-dlpfc.rda""","""$launchDir/data/lindex_intra-sample_ro1-dlpfc.rda""","""$launchDir/data/true-proportions_intra-sample_ro1-dlpfc.rda""","deconrnaseq"
174,"Br3942_ant","k2","counts_adj","""$launchDir/data/sce_intra-sample_ro1-dlpfc.rda""","""$launchDir/data/ypb_intra-sample_ro1-dlpfc.rda""","""$launchDir/data/lindex_intra-sample_ro1-dlpfc.rda""","""$launchDir/data/true-proportions_intra-sample_ro1-dlpfc.rda""","deconrnaseq"
175,"Br3942_ant","k2","counts_adj","""$launchDir/data/sce_intra-sample_ro1-dlpfc.rda""","""$launchDir/data/ypb_intra-sample_ro1-dlpfc.rda""","""$launchDir/data/lindex_intra-sample_ro1-dlpfc.rda""","""$launchDir/data/true-proportions_intra-sample_ro1-dlpfc.rda""","deconrnaseq"
176,"Br3942_ant","k2","counts_adj","""$launchDir/data/sce_intra-sample_ro1-dlpfc.rda""","""$launchDir/data/ypb_intra-sample_ro1-dlpfc.rda""","""$launchDir/data/lindex_intra-sample_ro1-dlpfc.rda""","""$launchDir/data/true-proportions_intra-sample_ro1-dlpfc.rda""","deconrnaseq"
177,"Br3942_ant","k2","counts_adj","""$launchDir/data/sce_intra-sample_ro1-dlpfc.rda""","""$launchDir/data/ypb_intra-sample_ro1-dlpfc.rda""","""$launchDir/data/lindex_intra-sample_ro1-dlpfc.rda""","""$launchDir/data/true-proportions_intra-sample_ro1-dlpfc.rda""","deconrnaseq"
178,"Br3942_ant","k2","counts_adj","""$launchDir/data/sce_intra-sample_ro1-dlpfc.rda""","""$launchDir/data/ypb_intra-sample_ro1-dlpfc.rda""","""$launchDir/data/lindex_intra-sample_ro1-dlpfc.rda""","""$launchDir/data/true-proportions_intra-sample_ro1-dlpfc.rda""","deconrnaseq"
179,"Br3942_ant","k2","counts_adj","""$launchDir/data/sce_intra-sample_ro1-dlpfc.rda""","""$launchDir/data/ypb_intra-sample_ro1-dlpfc.rda""","""$launchDir/data/lindex_intra-sample_ro1-dlpfc.rda""","""$launchDir/data/true-proportions_intra-sample_ro1-dlpfc.rda""","deconrnaseq"
180,"Br3942_ant","k2","counts_adj","""$launchDir/data/sce_intra-sample_ro1-dlpfc.rda""","""$launchDir/data/ypb_intra-sample_ro1-dlpfc.rda""","""$launchDir/data/lindex_intra-sample_ro1-dlpfc.rda""","""$launchDir/data/true-proportions_intra-sample_ro1-dlpfc.rda""","deconrnaseq"
181,"Br3942_ant","k2","counts_adj","""$launchDir/data/sce_intra-sample_ro1-dlpfc.rda""","""$launchDir/data/ypb_intra-sample_ro1-dlpfc.rda""","""$launchDir/data/lindex_intra-sample_ro1-dlpfc.rda""","""$launchDir/data/true-proportions_intra-sample_ro1-dlpfc.rda""","deconrnaseq"
182,"Br3942_ant","k2","counts_adj","""$launchDir/data/sce_intra-sample_ro1-dlpfc.rda""","""$launchDir/data/ypb_intra-sample_ro1-dlpfc.rda""","""$launchDir/data/lindex_intra-sample_ro1-dlpfc.rda""","""$launchDir/data/true-proportions_intra-sample_ro1-dlpfc.rda""","deconrnaseq"
183,"Br3942_ant","k2","counts_adj","""$launchDir/data/sce_intra-sample_ro1-dlpfc.rda""","""$launchDir/data/ypb_intra-sample_ro1-dlpfc.rda""","""$launchDir/data/lindex_intra-sample_ro1-dlpfc.rda""","""$launchDir/data/true-proportions_intra-sample_ro1-dlpfc.rda""","deconrnaseq"
184,"Br3942_ant","k2","counts_adj","""$launchDir/data/sce_intra-sample_ro1-dlpfc.rda""","""$launchDir/data/ypb_intra-sample_ro1-dlpfc.rda""","""$launchDir/data/lindex_intra-sample_ro1-dlpfc.rda""","""$launchDir/data/true-proportions_intra-sample_ro1-dlpfc.rda""","deconrnaseq"
185,"Br3942_ant","k2","counts_adj","""$launchDir/data/sce_intra-sample_ro1-dlpfc.rda""","""$launchDir/data/ypb_intra-sample_ro1-dlpfc.rda""","""$launchDir/data/lindex_intra-sample_ro1-dlpfc.rda""","""$launchDir/data/true-proportions_intra-sample_ro1-dlpfc.rda""","deconrnaseq"
186,"Br3942_ant","k2","counts_adj","""$launchDir/data/sce_intra-sample_ro1-dlpfc.rda""","""$launchDir/data/ypb_intra-sample_ro1-dlpfc.rda""","""$launchDir/data/lindex_intra-sample_ro1-dlpfc.rda""","""$launchDir/data/true-proportions_intra-sample_ro1-dlpfc.rda""","deconrnaseq"
187,"Br3942_ant","k2","counts_adj","""$launchDir/data/sce_intra-sample_ro1-dlpfc.rda""","""$launchDir/data/ypb_intra-sample_ro1-dlpfc.rda""","""$launchDir/data/lindex_intra-sample_ro1-dlpfc.rda""","""$launchDir/data/true-proportions_intra-sample_ro1-dlpfc.rda""","deconrnaseq"
188,"Br3942_ant","k2","counts_adj","""$launchDir/data/sce_intra-sample_ro1-dlpfc.rda""","""$launchDir/data/ypb_intra-sample_ro1-dlpfc.rda""","""$launchDir/data/lindex_intra-sample_ro1-dlpfc.rda""","""$launchDir/data/true-proportions_intra-sample_ro1-dlpfc.rda""","deconrnaseq"
189,"Br3942_ant","k2","counts_adj","""$launchDir/data/sce_intra-sample_ro1-dlpfc.rda""","""$launchDir/data/ypb_intra-sample_ro1-dlpfc.rda""","""$launchDir/data/lindex_intra-sample_ro1-dlpfc.rda""","""$launchDir/data/true-proportions_intra-sample_ro1-dlpfc.rda""","deconrnaseq"
190,"Br3942_ant","k2","counts_adj","""$launchDir/data/sce_intra-sample_ro1-dlpfc.rda""","""$launchDir/data/ypb_intra-sample_ro1-dlpfc.rda""","""$launchDir/data/lindex_intra-sample_ro1-dlpfc.rda""","""$launchDir/data/true-proportions_intra-sample_ro1-dlpfc.rda""","deconrnaseq"
191,"Br3942_ant","k2","counts_adj","""$launchDir/data/sce_intra-sample_ro1-dlpfc.rda""","""$launchDir/data/ypb_intra-sample_ro1-dlpfc.rda""","""$launchDir/data/lindex_intra-sample_ro1-dlpfc.rda""","""$launchDir/data/true-proportions_intra-sample_ro1-dlpfc.rda""","deconrnaseq"
192,"Br3942_ant","k2","counts_adj","""$launchDir/data/sce_intra-sample_ro1-dlpfc.rda""","""$launchDir/data/ypb_intra-sample_ro1-dlpfc.rda""","""$launchDir/data/lindex_intra-sample_ro1-dlpfc.rda""","""$launchDir/data/true-proportions_intra-sample_ro1-dlpfc.rda""","deconrnaseq"
193,"Br3942_ant","k2","counts_adj","""$launchDir/data/sce_intra-sample_ro1-dlpfc.rda""","""$launchDir/data/ypb_intra-sample_ro1-dlpfc.rda""","""$launchDir/data/lindex_intra-sample_ro1-dlpfc.rda""","""$launchDir/data/true-proportions_intra-sample_ro1-dlpfc.rda""","deconrnaseq"
194,"Br3942_ant","k2","counts_adj","""$launchDir/data/sce_intra-sample_ro1-dlpfc.rda""","""$launchDir/data/ypb_intra-sample_ro1-dlpfc.rda""","""$launchDir/data/lindex_intra-sample_ro1-dlpfc.rda""","""$launchDir/data/true-proportions_intra-sample_ro1-dlpfc.rda""","deconrnaseq"
195,"Br3942_ant","k2","counts_adj","""$launchDir/data/sce_intra-sample_ro1-dlpfc.rda""","""$launchDir/data/ypb_intra-sample_ro1-dlpfc.rda""","""$launchDir/data/lindex_intra-sample_ro1-dlpfc.rda""","""$launchDir/data/true-proportions_intra-sample_ro1-dlpfc.rda""","deconrnaseq"
196,"Br3942_ant","k2","counts_adj","""$launchDir/data/sce_intra-sample_ro1-dlpfc.rda""","""$launchDir/data/ypb_intra-sample_ro1-dlpfc.rda""","""$launchDir/data/lindex_intra-sample_ro1-dlpfc.rda""","""$launchDir/data/true-proportions_intra-sample_ro1-dlpfc.rda""","deconrnaseq"
197,"Br3942_ant","k2","counts_adj","""$launchDir/data/sce_intra-sample_ro1-dlpfc.rda""","""$launchDir/data/ypb_intra-sample_ro1-dlpfc.rda""","""$launchDir/data/lindex_intra-sample_ro1-dlpfc.rda""","""$launchDir/data/true-proportions_intra-sample_ro1-dlpfc.rda""","deconrnaseq"
198,"Br3942_ant","k2","counts_adj","""$launchDir/data/sce_intra-sample_ro1-dlpfc.rda""","""$launchDir/data/ypb_intra-sample_ro1-dlpfc.rda""","""$launchDir/data/lindex_intra-sample_ro1-dlpfc.rda""","""$launchDir/data/true-proportions_intra-sample_ro1-dlpfc.rda""","deconrnaseq"
199,"Br3942_ant","k2","counts_adj","""$launchDir/data/sce_intra-sample_ro1-dlpfc.rda""","""$launchDir/data/ypb_intra-sample_ro1-dlpfc.rda""","""$launchDir/data/lindex_intra-sample_ro1-dlpfc.rda""","""$launchDir/data/true-proportions_intra-sample_ro1-dlpfc.rda""","deconrnaseq"
200,"Br3942_ant","k2","counts_adj","""$launchDir/data/sce_intra-sample_ro1-dlpfc.rda""","""$launchDir/data/ypb_intra-sample_ro1-dlpfc.rda""","""$launchDir/data/lindex_intra-sample_ro1-dlpfc.rda""","""$launchDir/data/true-proportions_intra-sample_ro1-dlpfc.rda""","deconrnaseq"
