"sce_filepath","bulk_filepath","li_filepath","iterations_index","num_cells","num_genes","deconvolution_method","method_arguments","assay_name","type_labels","celltype_variable","prop.pred.type1","prop.pred.type2","time.run.sec","timestamp","prop.true.type1","prop.true.type2","rmse.types","bias.type1","bias.type2","rmse.type1","rmse.type2","rmse.nnls","rmse.music"
"sce_intra-sample_ro1-dlpfc.rda","ypb_inter-sample_ro1-dlpfc.rda","lindex_intra-sample_ro1-dlpfc.rda",3,1164,40,"nnls",NA,"counts_adj","glial;neuron","k2",0.140671517835469,0.859328482164531,0.0885417461395264,1677171565.63253,0.351892748577516,0.648107251422484,5.55111512312578e-17,0.211221230742047,-0.211221230742047,0.211221230742047,0.211221230742047,0.217262337083653,0.218458435786549
"sce_intra-sample_ro1-dlpfc.rda","ypb_inter-sample_ro1-dlpfc.rda","lindex_intra-sample_ro1-dlpfc.rda",6,1164,40,"nnls",NA,"counts_adj","glial;neuron","k2",0.146747514473672,0.853252485526328,0.132095098495483,1677171566.01675,0.351892748577516,0.648107251422484,0,0.205145234103844,-0.205145234103844,0.211221230742047,0.211221230742047,0.217262337083653,0.218458435786549
"sce_intra-sample_ro1-dlpfc.rda","ypb_inter-sample_ro1-dlpfc.rda","lindex_intra-sample_ro1-dlpfc.rda",8,1164,40,"nnls",NA,"counts_adj","glial;neuron","k2",0.132333187125758,0.867666812874242,0.099398136138916,1677171566.16106,0.351892748577516,0.648107251422484,4.16333634234434e-17,0.219559561451758,-0.219559561451758,0.211221230742047,0.211221230742047,0.217262337083653,0.218458435786549
"sce_intra-sample_ro1-dlpfc.rda","ypb_inter-sample_ro1-dlpfc.rda","lindex_intra-sample_ro1-dlpfc.rda",11,1164,40,"nnls",NA,"counts_adj","glial;neuron","k2",0.145665532110131,0.854334467889869,0.0993278026580811,1677171567.00905,0.351892748577516,0.648107251422484,2.77555756156289e-17,0.206227216467385,-0.206227216467385,0.211221230742047,0.211221230742047,0.217262337083653,0.218458435786549
"sce_intra-sample_ro1-dlpfc.rda","ypb_inter-sample_ro1-dlpfc.rda","lindex_intra-sample_ro1-dlpfc.rda",10,1164,40,"nnls",NA,"counts_adj","glial;neuron","k2",0.127958167520989,0.872041832479011,0.107913255691528,1677171567.03323,0.351892748577516,0.648107251422484,1.38777878078145e-17,0.223934581056527,-0.223934581056527,0.211221230742047,0.211221230742047,0.217262337083653,0.218458435786549
"sce_intra-sample_ro1-dlpfc.rda","ypb_inter-sample_ro1-dlpfc.rda","lindex_intra-sample_ro1-dlpfc.rda",1,1164,40,"nnls",NA,"counts_adj","glial;neuron","k2",0.129936823114677,0.870063176885323,0.110966444015503,1677171567.01378,0.351892748577516,0.648107251422484,4.16333634234434e-17,0.221955925462839,-0.221955925462839,0.211221230742047,0.211221230742047,0.217262337083653,0.218458435786549
"sce_intra-sample_ro1-dlpfc.rda","ypb_inter-sample_ro1-dlpfc.rda","lindex_intra-sample_ro1-dlpfc.rda",7,1164,40,"nnls",NA,"counts_adj","glial;neuron","k2",0.145228264393393,0.854771735606607,0.189543485641479,1677171567.56178,0.351892748577516,0.648107251422484,1.38777878078145e-17,0.206664484184123,-0.206664484184123,0.211221230742047,0.211221230742047,0.217262337083653,0.218458435786549
"sce_intra-sample_ro1-dlpfc.rda","ypb_inter-sample_ro1-dlpfc.rda","lindex_intra-sample_ro1-dlpfc.rda",14,1164,40,"nnls",NA,"counts_adj","glial;neuron","k2",0.151388504317733,0.848611495682267,0.122003555297852,1677171567.77047,0.351892748577516,0.648107251422484,1.38777878078145e-17,0.200504244259783,-0.200504244259783,0.211221230742047,0.211221230742047,0.217262337083653,0.218458435786549
"sce_intra-sample_ro1-dlpfc.rda","ypb_inter-sample_ro1-dlpfc.rda","lindex_intra-sample_ro1-dlpfc.rda",2,1164,40,"nnls",NA,"counts_adj","glial;neuron","k2",0.131558860499369,0.868441139500631,0.169102430343628,1677171567.67529,0.351892748577516,0.648107251422484,5.55111512312578e-17,0.220333888078147,-0.220333888078147,0.211221230742047,0.211221230742047,0.217262337083653,0.218458435786549
"sce_intra-sample_ro1-dlpfc.rda","ypb_inter-sample_ro1-dlpfc.rda","lindex_intra-sample_ro1-dlpfc.rda",9,1164,40,"nnls",NA,"counts_adj","glial;neuron","k2",0.146264087046297,0.853735912953703,0.114871501922607,1677171567.71819,0.351892748577516,0.648107251422484,2.77555756156289e-17,0.205628661531219,-0.205628661531219,0.211221230742047,0.211221230742047,0.217262337083653,0.218458435786549
"sce_intra-sample_ro1-dlpfc.rda","ypb_inter-sample_ro1-dlpfc.rda","lindex_intra-sample_ro1-dlpfc.rda",5,1164,40,"nnls",NA,"counts_adj","glial;neuron","k2",0.134090997282819,0.865909002717181,0.135918140411377,1677171567.81249,0.351892748577516,0.648107251422484,4.16333634234434e-17,0.217801751294697,-0.217801751294697,0.211221230742047,0.211221230742047,0.217262337083653,0.218458435786549
"sce_intra-sample_ro1-dlpfc.rda","ypb_inter-sample_ro1-dlpfc.rda","lindex_intra-sample_ro1-dlpfc.rda",12,1164,40,"nnls",NA,"counts_adj","glial;neuron","k2",0.137675932301351,0.862324067698649,0.277902603149414,1677171568.17322,0.351892748577516,0.648107251422484,2.77555756156289e-17,0.214216816276165,-0.214216816276165,0.211221230742047,0.211221230742047,0.217262337083653,0.218458435786549
"sce_intra-sample_ro1-dlpfc.rda","ypb_inter-sample_ro1-dlpfc.rda","lindex_intra-sample_ro1-dlpfc.rda",4,1164,40,"nnls",NA,"counts_adj","glial;neuron","k2",0.158179923547676,0.841820076452324,0.107800006866455,1677171580.11992,0.351892748577516,0.648107251422484,1.38777878078145e-17,0.19371282502984,-0.19371282502984,0.211221230742047,0.211221230742047,0.217262337083653,0.218458435786549
"sce_intra-sample_ro1-dlpfc.rda","ypb_inter-sample_ro1-dlpfc.rda","lindex_intra-sample_ro1-dlpfc.rda",13,1164,40,"nnls",NA,"counts_adj","glial;neuron","k2",0.135430822816515,0.864569177183485,0.130604028701782,1677171580.32054,0.351892748577516,0.648107251422484,1.38777878078145e-17,0.216461925761001,-0.216461925761001,0.211221230742047,0.211221230742047,0.217262337083653,0.218458435786549
"sce_intra-sample_ro1-dlpfc.rda","ypb_inter-sample_ro1-dlpfc.rda","lindex_intra-sample_ro1-dlpfc.rda",15,1164,40,"nnls",NA,"counts_adj","glial;neuron","k2",0.118432375764343,0.881567624235657,0.121945858001709,1677171580.63802,0.351892748577516,0.648107251422484,0,0.233460372813173,-0.233460372813173,0.211221230742047,0.211221230742047,0.217262337083653,0.218458435786549
"sce_intra-sample_ro1-dlpfc.rda","ypb_inter-sample_ro1-dlpfc.rda","lindex_intra-sample_ro1-dlpfc.rda",18,1164,40,"nnls",NA,"counts_adj","glial;neuron","k2",0.130872925475615,0.869127074524385,0.149015188217163,1677171582.18739,0.351892748577516,0.648107251422484,4.16333634234434e-17,0.221019823101901,-0.221019823101901,0.211221230742047,0.211221230742047,0.217262337083653,0.218458435786549
"sce_intra-sample_ro1-dlpfc.rda","ypb_inter-sample_ro1-dlpfc.rda","lindex_intra-sample_ro1-dlpfc.rda",22,1164,40,"nnls",NA,"counts_adj","glial;neuron","k2",0.133213717053131,0.866786282946869,0.160580396652222,1677171582.54094,0.351892748577516,0.648107251422484,2.77555756156289e-17,0.218679031524385,-0.218679031524385,0.211221230742047,0.211221230742047,0.217262337083653,0.218458435786549
"sce_intra-sample_ro1-dlpfc.rda","ypb_inter-sample_ro1-dlpfc.rda","lindex_intra-sample_ro1-dlpfc.rda",17,1164,40,"nnls",NA,"counts_adj","glial;neuron","k2",0.137055136982904,0.862944863017096,0.225131750106812,1677171582.54472,0.351892748577516,0.648107251422484,0,0.214837611594612,-0.214837611594612,0.211221230742047,0.211221230742047,0.217262337083653,0.218458435786549
"sce_intra-sample_ro1-dlpfc.rda","ypb_inter-sample_ro1-dlpfc.rda","lindex_intra-sample_ro1-dlpfc.rda",19,1164,40,"nnls",NA,"counts_adj","glial;neuron","k2",0.15907095258444,0.84092904741556,0.0984935760498047,1677171583.17284,0.351892748577516,0.648107251422484,4.16333634234434e-17,0.192821795993076,-0.192821795993076,0.211221230742047,0.211221230742047,0.217262337083653,0.218458435786549
"sce_intra-sample_ro1-dlpfc.rda","ypb_inter-sample_ro1-dlpfc.rda","lindex_intra-sample_ro1-dlpfc.rda",24,1164,40,"nnls",NA,"counts_adj","glial;neuron","k2",0.130702577776679,0.869297422223321,0.107203722000122,1677171583.20085,0.351892748577516,0.648107251422484,4.16333634234434e-17,0.221190170800837,-0.221190170800837,0.211221230742047,0.211221230742047,0.217262337083653,0.218458435786549
"sce_intra-sample_ro1-dlpfc.rda","ypb_inter-sample_ro1-dlpfc.rda","lindex_intra-sample_ro1-dlpfc.rda",16,1164,40,"nnls",NA,"counts_adj","glial;neuron","k2",0.12946025110598,0.87053974889402,0.155563831329346,1677171584.41003,0.351892748577516,0.648107251422484,4.16333634234434e-17,0.222432497471536,-0.222432497471536,0.211221230742047,0.211221230742047,0.217262337083653,0.218458435786549
"sce_intra-sample_ro1-dlpfc.rda","ypb_inter-sample_ro1-dlpfc.rda","lindex_intra-sample_ro1-dlpfc.rda",20,1164,40,"nnls",NA,"counts_adj","glial;neuron","k2",0.132053710783881,0.867946289216119,0.111088752746582,1677171584.18362,0.351892748577516,0.648107251422484,0,0.219839037793635,-0.219839037793635,0.211221230742047,0.211221230742047,0.217262337083653,0.218458435786549
"sce_intra-sample_ro1-dlpfc.rda","ypb_inter-sample_ro1-dlpfc.rda","lindex_intra-sample_ro1-dlpfc.rda",23,1164,40,"nnls",NA,"counts_adj","glial;neuron","k2",0.145354298231101,0.854645701768899,0.106455087661743,1677171585.36175,0.351892748577516,0.648107251422484,4.16333634234434e-17,0.206538450346415,-0.206538450346415,0.211221230742047,0.211221230742047,0.217262337083653,0.218458435786549
"sce_intra-sample_ro1-dlpfc.rda","ypb_inter-sample_ro1-dlpfc.rda","lindex_intra-sample_ro1-dlpfc.rda",21,1164,40,"nnls",NA,"counts_adj","glial;neuron","k2",0.123177640156636,0.876822359843363,0.090653657913208,1677171585.4286,0.351892748577516,0.648107251422484,5.27355936696949e-16,0.22871510842088,-0.228715108420879,0.211221230742047,0.211221230742047,0.217262337083653,0.218458435786549
"sce_intra-sample_ro1-dlpfc.rda","ypb_inter-sample_ro1-dlpfc.rda","lindex_intra-sample_ro1-dlpfc.rda",27,1164,40,"nnls",NA,"counts_adj","glial;neuron","k2",0.132838366533663,0.867161633466337,0.0856654644012451,1677171594.59923,0.351892748577516,0.648107251422484,2.77555756156289e-17,0.219054382043853,-0.219054382043853,0.211221230742047,0.211221230742047,0.217262337083653,0.218458435786549
"sce_intra-sample_ro1-dlpfc.rda","ypb_inter-sample_ro1-dlpfc.rda","lindex_intra-sample_ro1-dlpfc.rda",25,1164,40,"nnls",NA,"counts_adj","glial;neuron","k2",0.144670994023594,0.855329005976405,0.0827109813690186,1677171594.61643,0.351892748577516,0.648107251422484,4.9960036108132e-16,0.207221754553922,-0.207221754553921,0.211221230742047,0.211221230742047,0.217262337083653,0.218458435786549
"sce_intra-sample_ro1-dlpfc.rda","ypb_inter-sample_ro1-dlpfc.rda","lindex_intra-sample_ro1-dlpfc.rda",26,1164,40,"nnls",NA,"counts_adj","glial;neuron","k2",0.137995921311437,0.862004078688563,0.0834441184997559,1677171595.11469,0.351892748577516,0.648107251422484,2.77555756156289e-17,0.213896827266079,-0.213896827266079,0.211221230742047,0.211221230742047,0.217262337083653,0.218458435786549
"sce_intra-sample_ro1-dlpfc.rda","ypb_inter-sample_ro1-dlpfc.rda","lindex_intra-sample_ro1-dlpfc.rda",30,1164,40,"nnls",NA,"counts_adj","glial;neuron","k2",0.143922143102225,0.856077856897775,0.110604047775269,1677171596.43412,0.351892748577516,0.648107251422484,0,0.207970605475291,-0.207970605475291,0.211221230742047,0.211221230742047,0.217262337083653,0.218458435786549
"sce_intra-sample_ro1-dlpfc.rda","ypb_inter-sample_ro1-dlpfc.rda","lindex_intra-sample_ro1-dlpfc.rda",29,1164,40,"nnls",NA,"counts_adj","glial;neuron","k2",0.164537418911115,0.835462581088885,0.102415084838867,1677171596.51946,0.351892748577516,0.648107251422484,0,0.187355329666401,-0.187355329666401,0.211221230742047,0.211221230742047,0.217262337083653,0.218458435786549
"sce_intra-sample_ro1-dlpfc.rda","ypb_inter-sample_ro1-dlpfc.rda","lindex_intra-sample_ro1-dlpfc.rda",33,1164,40,"nnls",NA,"counts_adj","glial;neuron","k2",0.146117865581643,0.853882134418357,0.17528510093689,1677171597.19594,0.351892748577516,0.648107251422484,1.38777878078145e-17,0.205774882995873,-0.205774882995873,0.211221230742047,0.211221230742047,0.217262337083653,0.218458435786549
"sce_intra-sample_ro1-dlpfc.rda","ypb_inter-sample_ro1-dlpfc.rda","lindex_intra-sample_ro1-dlpfc.rda",28,1164,40,"nnls",NA,"counts_adj","glial;neuron","k2",0.135798647589889,0.864201352410111,0.108771085739136,1677171596.92215,0.351892748577516,0.648107251422484,4.16333634234434e-17,0.216094100987627,-0.216094100987627,0.211221230742047,0.211221230742047,0.217262337083653,0.218458435786549
"sce_intra-sample_ro1-dlpfc.rda","ypb_inter-sample_ro1-dlpfc.rda","lindex_intra-sample_ro1-dlpfc.rda",31,1164,40,"nnls",NA,"counts_adj","glial;neuron","k2",0.139748081442564,0.860251918557436,0.155143260955811,1677171597.30431,0.351892748577516,0.648107251422484,2.77555756156289e-17,0.212144667134952,-0.212144667134952,0.211221230742047,0.211221230742047,0.217262337083653,0.218458435786549
"sce_intra-sample_ro1-dlpfc.rda","ypb_inter-sample_ro1-dlpfc.rda","lindex_intra-sample_ro1-dlpfc.rda",34,1164,40,"nnls",NA,"counts_adj","glial;neuron","k2",0.142513419079148,0.857486580920852,0.0993325710296631,1677171598.2632,0.351892748577516,0.648107251422484,5.55111512312578e-17,0.209379329498368,-0.209379329498368,0.211221230742047,0.211221230742047,0.217262337083653,0.218458435786549
"sce_intra-sample_ro1-dlpfc.rda","ypb_inter-sample_ro1-dlpfc.rda","lindex_intra-sample_ro1-dlpfc.rda",32,1164,40,"nnls",NA,"counts_adj","glial;neuron","k2",0.137564703885599,0.862435296114401,0.104627370834351,1677171598.33128,0.351892748577516,0.648107251422484,5.55111512312578e-17,0.214328044691917,-0.214328044691917,0.211221230742047,0.211221230742047,0.217262337083653,0.218458435786549
"sce_intra-sample_ro1-dlpfc.rda","ypb_inter-sample_ro1-dlpfc.rda","lindex_intra-sample_ro1-dlpfc.rda",36,1164,40,"nnls",NA,"counts_adj","glial;neuron","k2",0.123908606662711,0.876091393337289,0.114540100097656,1677171599.77092,0.351892748577516,0.648107251422484,1.38777878078145e-17,0.227984141914805,-0.227984141914805,0.211221230742047,0.211221230742047,0.217262337083653,0.218458435786549
"sce_intra-sample_ro1-dlpfc.rda","ypb_inter-sample_ro1-dlpfc.rda","lindex_intra-sample_ro1-dlpfc.rda",35,1164,40,"nnls",NA,"counts_adj","glial;neuron","k2",0.136920888337929,0.863079111662071,0.118698835372925,1677171598.32281,0.351892748577516,0.648107251422484,4.16333634234434e-17,0.214971860239587,-0.214971860239587,0.211221230742047,0.211221230742047,0.217262337083653,0.218458435786549
"sce_intra-sample_ro1-dlpfc.rda","ypb_inter-sample_ro1-dlpfc.rda","lindex_intra-sample_ro1-dlpfc.rda",39,1164,40,"nnls",NA,"counts_adj","glial;neuron","k2",0.131018822591159,0.868981177408841,0.0851113796234131,1677171607.0157,0.351892748577516,0.648107251422484,5.55111512312578e-17,0.220873925986357,-0.220873925986357,0.211221230742047,0.211221230742047,0.217262337083653,0.218458435786549
"sce_intra-sample_ro1-dlpfc.rda","ypb_inter-sample_ro1-dlpfc.rda","lindex_intra-sample_ro1-dlpfc.rda",38,1164,40,"nnls",NA,"counts_adj","glial;neuron","k2",0.137801062067875,0.862198937932125,0.109575510025024,1677171607.31217,0.351892748577516,0.648107251422484,2.77555756156289e-17,0.214091686509641,-0.214091686509641,0.211221230742047,0.211221230742047,0.217262337083653,0.218458435786549
"sce_intra-sample_ro1-dlpfc.rda","ypb_inter-sample_ro1-dlpfc.rda","lindex_intra-sample_ro1-dlpfc.rda",37,1164,40,"nnls",NA,"counts_adj","glial;neuron","k2",0.131965021833394,0.868034978166606,0.104980230331421,1677171607.45547,0.351892748577516,0.648107251422484,1.38777878078145e-17,0.219927726744122,-0.219927726744122,0.211221230742047,0.211221230742047,0.217262337083653,0.218458435786549
"sce_intra-sample_ro1-dlpfc.rda","ypb_inter-sample_ro1-dlpfc.rda","lindex_intra-sample_ro1-dlpfc.rda",44,1164,40,"nnls",NA,"counts_adj","glial;neuron","k2",0.127263250652251,0.872736749347749,0.093336820602417,1677171608.79932,0.351892748577516,0.648107251422484,1.38777878078145e-17,0.224629497925265,-0.224629497925265,0.211221230742047,0.211221230742047,0.217262337083653,0.218458435786549
"sce_intra-sample_ro1-dlpfc.rda","ypb_inter-sample_ro1-dlpfc.rda","lindex_intra-sample_ro1-dlpfc.rda",43,1164,40,"nnls",NA,"counts_adj","glial;neuron","k2",0.109119144814126,0.890880855185874,0.0910797119140625,1677171608.72638,0.351892748577516,0.648107251422484,2.77555756156289e-17,0.24277360376339,-0.24277360376339,0.211221230742047,0.211221230742047,0.217262337083653,0.218458435786549
"sce_intra-sample_ro1-dlpfc.rda","ypb_inter-sample_ro1-dlpfc.rda","lindex_intra-sample_ro1-dlpfc.rda",41,1164,40,"nnls",NA,"counts_adj","glial;neuron","k2",0.11506738718761,0.88493261281239,0.0922472476959229,1677171609.64073,0.351892748577516,0.648107251422484,2.77555756156289e-17,0.236825361389906,-0.236825361389906,0.211221230742047,0.211221230742047,0.217262337083653,0.218458435786549
"sce_intra-sample_ro1-dlpfc.rda","ypb_inter-sample_ro1-dlpfc.rda","lindex_intra-sample_ro1-dlpfc.rda",40,1164,40,"nnls",NA,"counts_adj","glial;neuron","k2",0.129606522164736,0.870393477835264,0.0963461399078369,1677171609.74604,0.351892748577516,0.648107251422484,2.77555756156289e-17,0.22228622641278,-0.22228622641278,0.211221230742047,0.211221230742047,0.217262337083653,0.218458435786549
"sce_intra-sample_ro1-dlpfc.rda","ypb_inter-sample_ro1-dlpfc.rda","lindex_intra-sample_ro1-dlpfc.rda",49,1164,40,"nnls",NA,"counts_adj","glial;neuron","k2",0.138386575721157,0.861613424278843,0.0959699153900146,1677171610.51344,0.351892748577516,0.648107251422484,1.38777878078145e-17,0.213506172856359,-0.213506172856359,0.211221230742047,0.211221230742047,0.217262337083653,0.218458435786549
"sce_intra-sample_ro1-dlpfc.rda","ypb_inter-sample_ro1-dlpfc.rda","lindex_intra-sample_ro1-dlpfc.rda",46,1164,40,"nnls",NA,"counts_adj","glial;neuron","k2",0.132984917366288,0.867015082633712,0.177738189697266,1677171609.83717,0.351892748577516,0.648107251422484,4.16333634234434e-17,0.218907831211228,-0.218907831211228,0.211221230742047,0.211221230742047,0.217262337083653,0.218458435786549
"sce_intra-sample_ro1-dlpfc.rda","ypb_inter-sample_ro1-dlpfc.rda","lindex_intra-sample_ro1-dlpfc.rda",48,1164,40,"nnls",NA,"counts_adj","glial;neuron","k2",0.146092627935805,0.853907372064195,0.104964256286621,1677171610.88219,0.351892748577516,0.648107251422484,4.16333634234434e-17,0.205800120641711,-0.205800120641711,0.211221230742047,0.211221230742047,0.217262337083653,0.218458435786549
"sce_intra-sample_ro1-dlpfc.rda","ypb_inter-sample_ro1-dlpfc.rda","lindex_intra-sample_ro1-dlpfc.rda",42,1164,40,"nnls",NA,"counts_adj","glial;neuron","k2",0.133793694974866,0.866206305025134,0.108157157897949,1677171610.9605,0.351892748577516,0.648107251422484,4.16333634234434e-17,0.21809905360265,-0.21809905360265,0.211221230742047,0.211221230742047,0.217262337083653,0.218458435786549
"sce_intra-sample_ro1-dlpfc.rda","ypb_inter-sample_ro1-dlpfc.rda","lindex_intra-sample_ro1-dlpfc.rda",51,1164,40,"nnls",NA,"counts_adj","glial;neuron","k2",0.132880223224655,0.867119776775345,0.0989468097686768,1677171618.91406,0.351892748577516,0.648107251422484,1.38777878078145e-17,0.219012525352861,-0.219012525352861,0.211221230742047,0.211221230742047,0.217262337083653,0.218458435786549
"sce_intra-sample_ro1-dlpfc.rda","ypb_inter-sample_ro1-dlpfc.rda","lindex_intra-sample_ro1-dlpfc.rda",47,1164,40,"nnls",NA,"counts_adj","glial;neuron","k2",0.111945049206802,0.888054950793198,0.0946886539459229,1677171612.46446,0.351892748577516,0.648107251422484,5.55111512312578e-17,0.239947699370714,-0.239947699370714,0.211221230742047,0.211221230742047,0.217262337083653,0.218458435786549
"sce_intra-sample_ro1-dlpfc.rda","ypb_inter-sample_ro1-dlpfc.rda","lindex_intra-sample_ro1-dlpfc.rda",50,1164,40,"nnls",NA,"counts_adj","glial;neuron","k2",0.125790152249329,0.874209847750671,0.0853967666625977,1677171619.48296,0.351892748577516,0.648107251422484,2.77555756156289e-17,0.226102596328187,-0.226102596328187,0.211221230742047,0.211221230742047,0.217262337083653,0.218458435786549
"sce_intra-sample_ro1-dlpfc.rda","ypb_inter-sample_ro1-dlpfc.rda","lindex_intra-sample_ro1-dlpfc.rda",45,1164,40,"nnls",NA,"counts_adj","glial;neuron","k2",0.146106904336747,0.853893095663253,0.0875430107116699,1677171619.56156,0.351892748577516,0.648107251422484,2.77555756156289e-17,0.205785844240769,-0.205785844240769,0.211221230742047,0.211221230742047,0.217262337083653,0.218458435786549
"sce_intra-sample_ro1-dlpfc.rda","ypb_inter-sample_ro1-dlpfc.rda","lindex_intra-sample_ro1-dlpfc.rda",55,1164,40,"nnls",NA,"counts_adj","glial;neuron","k2",0.151012365415543,0.848987634584457,0.089719295501709,1677171620.86881,0.351892748577516,0.648107251422484,1.38777878078145e-17,0.200880383161973,-0.200880383161973,0.211221230742047,0.211221230742047,0.217262337083653,0.218458435786549
"sce_intra-sample_ro1-dlpfc.rda","ypb_inter-sample_ro1-dlpfc.rda","lindex_intra-sample_ro1-dlpfc.rda",56,1164,40,"nnls",NA,"counts_adj","glial;neuron","k2",0.128199660524371,0.871800339475629,0.0856976509094238,1677171620.83717,0.351892748577516,0.648107251422484,4.16333634234434e-17,0.223693088053145,-0.223693088053145,0.211221230742047,0.211221230742047,0.217262337083653,0.218458435786549
"sce_intra-sample_ro1-dlpfc.rda","ypb_inter-sample_ro1-dlpfc.rda","lindex_intra-sample_ro1-dlpfc.rda",53,1164,40,"nnls",NA,"counts_adj","glial;neuron","k2",0.123020102837615,0.876979897162385,0.101652145385742,1677171621.84431,0.351892748577516,0.648107251422484,2.77555756156289e-17,0.228872645739901,-0.228872645739901,0.211221230742047,0.211221230742047,0.217262337083653,0.218458435786549
"sce_intra-sample_ro1-dlpfc.rda","ypb_inter-sample_ro1-dlpfc.rda","lindex_intra-sample_ro1-dlpfc.rda",52,1164,40,"nnls",NA,"counts_adj","glial;neuron","k2",0.12582844644283,0.87417155355717,0.115112781524658,1677171622.17465,0.351892748577516,0.648107251422484,1.38777878078145e-17,0.226064302134686,-0.226064302134686,0.211221230742047,0.211221230742047,0.217262337083653,0.218458435786549
"sce_intra-sample_ro1-dlpfc.rda","ypb_inter-sample_ro1-dlpfc.rda","lindex_intra-sample_ro1-dlpfc.rda",57,1164,40,"nnls",NA,"counts_adj","glial;neuron","k2",0.138576232018115,0.861423767981885,0.126533508300781,1677171622.22588,0.351892748577516,0.648107251422484,1.38777878078145e-17,0.213316516559401,-0.213316516559401,0.211221230742047,0.211221230742047,0.217262337083653,0.218458435786549
"sce_intra-sample_ro1-dlpfc.rda","ypb_inter-sample_ro1-dlpfc.rda","lindex_intra-sample_ro1-dlpfc.rda",54,1164,40,"nnls",NA,"counts_adj","glial;neuron","k2",0.136107915922705,0.863892084077295,0.118723392486572,1677171622.4598,0.351892748577516,0.648107251422484,2.77555756156289e-17,0.215784832654811,-0.215784832654811,0.211221230742047,0.211221230742047,0.217262337083653,0.218458435786549
"sce_intra-sample_ro1-dlpfc.rda","ypb_inter-sample_ro1-dlpfc.rda","lindex_intra-sample_ro1-dlpfc.rda",59,1164,40,"nnls",NA,"counts_adj","glial;neuron","k2",0.138671446807849,0.861328553192151,0.097750186920166,1677171623.09211,0.351892748577516,0.648107251422484,4.16333634234434e-17,0.213221301769667,-0.213221301769667,0.211221230742047,0.211221230742047,0.217262337083653,0.218458435786549
"sce_intra-sample_ro1-dlpfc.rda","ypb_inter-sample_ro1-dlpfc.rda","lindex_intra-sample_ro1-dlpfc.rda",60,1164,40,"nnls",NA,"counts_adj","glial;neuron","k2",0.110750531196295,0.889249468803705,0.11975359916687,1677171623.29354,0.351892748577516,0.648107251422484,1.38777878078145e-17,0.241142217381221,-0.241142217381221,0.211221230742047,0.211221230742047,0.217262337083653,0.218458435786549
"sce_intra-sample_ro1-dlpfc.rda","ypb_inter-sample_ro1-dlpfc.rda","lindex_intra-sample_ro1-dlpfc.rda",64,1164,40,"nnls",NA,"counts_adj","glial;neuron","k2",0.137251207170601,0.862748792829399,0.0913045406341553,1677171624.83372,0.351892748577516,0.648107251422484,4.16333634234434e-17,0.214641541406915,-0.214641541406915,0.211221230742047,0.211221230742047,0.217262337083653,0.218458435786549
"sce_intra-sample_ro1-dlpfc.rda","ypb_inter-sample_ro1-dlpfc.rda","lindex_intra-sample_ro1-dlpfc.rda",58,1164,40,"nnls",NA,"counts_adj","glial;neuron","k2",0.144452365499758,0.855547634500242,0.0943212509155273,1677171631.03437,0.351892748577516,0.648107251422484,4.16333634234434e-17,0.207440383077758,-0.207440383077758,0.211221230742047,0.211221230742047,0.217262337083653,0.218458435786549
"sce_intra-sample_ro1-dlpfc.rda","ypb_inter-sample_ro1-dlpfc.rda","lindex_intra-sample_ro1-dlpfc.rda",63,1164,40,"nnls",NA,"counts_adj","glial;neuron","k2",0.131767155914085,0.868232844085915,0.122559547424316,1677171631.32914,0.351892748577516,0.648107251422484,5.55111512312578e-17,0.220125592663431,-0.220125592663431,0.211221230742047,0.211221230742047,0.217262337083653,0.218458435786549
"sce_intra-sample_ro1-dlpfc.rda","ypb_inter-sample_ro1-dlpfc.rda","lindex_intra-sample_ro1-dlpfc.rda",61,1164,40,"nnls",NA,"counts_adj","glial;neuron","k2",0.133351130394655,0.866648869605345,0.102376699447632,1677171631.49262,0.351892748577516,0.648107251422484,1.38777878078145e-17,0.218541618182861,-0.218541618182861,0.211221230742047,0.211221230742047,0.217262337083653,0.218458435786549
"sce_intra-sample_ro1-dlpfc.rda","ypb_inter-sample_ro1-dlpfc.rda","lindex_intra-sample_ro1-dlpfc.rda",72,1164,40,"nnls",NA,"counts_adj","glial;neuron","k2",0.137327832417036,0.862672167582964,0.0953283309936523,1677171633.08777,0.351892748577516,0.648107251422484,5.55111512312578e-17,0.21456491616048,-0.21456491616048,0.211221230742047,0.211221230742047,0.217262337083653,0.218458435786549
"sce_intra-sample_ro1-dlpfc.rda","ypb_inter-sample_ro1-dlpfc.rda","lindex_intra-sample_ro1-dlpfc.rda",62,1164,40,"nnls",NA,"counts_adj","glial;neuron","k2",0.124096369854069,0.875903630145931,0.0896785259246826,1677171633.28543,0.351892748577516,0.648107251422484,4.16333634234434e-17,0.227796378723447,-0.227796378723447,0.211221230742047,0.211221230742047,0.217262337083653,0.218458435786549
"sce_intra-sample_ro1-dlpfc.rda","ypb_inter-sample_ro1-dlpfc.rda","lindex_intra-sample_ro1-dlpfc.rda",65,1164,40,"nnls",NA,"counts_adj","glial;neuron","k2",0.148534305673915,0.851465694326085,0.198188543319702,1677171634.22052,0.351892748577516,0.648107251422484,2.77555756156289e-17,0.203358442903601,-0.203358442903601,0.211221230742047,0.211221230742047,0.217262337083653,0.218458435786549
"sce_intra-sample_ro1-dlpfc.rda","ypb_inter-sample_ro1-dlpfc.rda","lindex_intra-sample_ro1-dlpfc.rda",75,1164,40,"nnls",NA,"counts_adj","glial;neuron","k2",0.123042391591497,0.876957608408503,0.0993552207946777,1677171633.96466,0.351892748577516,0.648107251422484,2.77555756156289e-17,0.228850356986019,-0.228850356986019,0.211221230742047,0.211221230742047,0.217262337083653,0.218458435786549
"sce_intra-sample_ro1-dlpfc.rda","ypb_inter-sample_ro1-dlpfc.rda","lindex_intra-sample_ro1-dlpfc.rda",76,1164,40,"nnls",NA,"counts_adj","glial;neuron","k2",0.132468900110074,0.867531099889926,0.0856978893280029,1677171634.50227,0.351892748577516,0.648107251422484,0,0.219423848467442,-0.219423848467442,0.211221230742047,0.211221230742047,0.217262337083653,0.218458435786549
"sce_intra-sample_ro1-dlpfc.rda","ypb_inter-sample_ro1-dlpfc.rda","lindex_intra-sample_ro1-dlpfc.rda",69,1164,40,"nnls",NA,"counts_adj","glial;neuron","k2",0.149556075071948,0.850443924928052,0.0956356525421143,1677171636.1916,0.351892748577516,0.648107251422484,2.77555756156289e-17,0.202336673505568,-0.202336673505568,0.211221230742047,0.211221230742047,0.217262337083653,0.218458435786549
"sce_intra-sample_ro1-dlpfc.rda","ypb_inter-sample_ro1-dlpfc.rda","lindex_intra-sample_ro1-dlpfc.rda",68,1164,40,"nnls",NA,"counts_adj","glial;neuron","k2",0.136947206548781,0.863052793451219,0.138698101043701,1677171634.54633,0.351892748577516,0.648107251422484,2.77555756156289e-17,0.214945542028735,-0.214945542028735,0.211221230742047,0.211221230742047,0.217262337083653,0.218458435786549
"sce_intra-sample_ro1-dlpfc.rda","ypb_inter-sample_ro1-dlpfc.rda","lindex_intra-sample_ro1-dlpfc.rda",74,1164,40,"nnls",NA,"counts_adj","glial;neuron","k2",0.128483345323518,0.871516654676482,0.0974435806274414,1677171636.97423,0.351892748577516,0.648107251422484,4.16333634234434e-17,0.223409403253998,-0.223409403253998,0.211221230742047,0.211221230742047,0.217262337083653,0.218458435786549
"sce_intra-sample_ro1-dlpfc.rda","ypb_inter-sample_ro1-dlpfc.rda","lindex_intra-sample_ro1-dlpfc.rda",70,1164,40,"nnls",NA,"counts_adj","glial;neuron","k2",0.130282275374418,0.869717724625582,0.100272655487061,1677171637.06854,0.351892748577516,0.648107251422484,5.55111512312578e-17,0.221610473203098,-0.221610473203098,0.211221230742047,0.211221230742047,0.217262337083653,0.218458435786549
"sce_intra-sample_ro1-dlpfc.rda","ypb_inter-sample_ro1-dlpfc.rda","lindex_intra-sample_ro1-dlpfc.rda",66,1164,40,"nnls",NA,"counts_adj","glial;neuron","k2",0.128797008671502,0.871202991328498,0.0984258651733398,1677171643.31186,0.351892748577516,0.648107251422484,2.77555756156289e-17,0.223095739906014,-0.223095739906014,0.211221230742047,0.211221230742047,0.217262337083653,0.218458435786549
"sce_intra-sample_ro1-dlpfc.rda","ypb_inter-sample_ro1-dlpfc.rda","lindex_intra-sample_ro1-dlpfc.rda",67,1164,40,"nnls",NA,"counts_adj","glial;neuron","k2",0.132027425767174,0.867972574232826,0.104818105697632,1677171643.44973,0.351892748577516,0.648107251422484,1.38777878078145e-17,0.219865322810342,-0.219865322810342,0.211221230742047,0.211221230742047,0.217262337083653,0.218458435786549
"sce_intra-sample_ro1-dlpfc.rda","ypb_inter-sample_ro1-dlpfc.rda","lindex_intra-sample_ro1-dlpfc.rda",71,1164,40,"nnls",NA,"counts_adj","glial;neuron","k2",0.134637320480022,0.865362679519978,0.0942661762237549,1677171643.92609,0.351892748577516,0.648107251422484,1.38777878078145e-17,0.217255428097494,-0.217255428097494,0.211221230742047,0.211221230742047,0.217262337083653,0.218458435786549
"sce_intra-sample_ro1-dlpfc.rda","ypb_inter-sample_ro1-dlpfc.rda","lindex_intra-sample_ro1-dlpfc.rda",73,1164,40,"nnls",NA,"counts_adj","glial;neuron","k2",0.129882450207845,0.870117549792155,0.0920310020446777,1677171645.31187,0.351892748577516,0.648107251422484,0,0.222010298369671,-0.222010298369671,0.211221230742047,0.211221230742047,0.217262337083653,0.218458435786549
"sce_intra-sample_ro1-dlpfc.rda","ypb_inter-sample_ro1-dlpfc.rda","lindex_intra-sample_ro1-dlpfc.rda",85,1164,40,"nnls",NA,"counts_adj","glial;neuron","k2",0.13774394026401,0.86225605973599,0.128887414932251,1677171645.40762,0.351892748577516,0.648107251422484,5.55111512312578e-17,0.214148808313506,-0.214148808313506,0.211221230742047,0.211221230742047,0.217262337083653,0.218458435786549
"sce_intra-sample_ro1-dlpfc.rda","ypb_inter-sample_ro1-dlpfc.rda","lindex_intra-sample_ro1-dlpfc.rda",77,1164,40,"nnls",NA,"counts_adj","glial;neuron","k2",0.133789692249471,0.866210307750529,0.102347135543823,1677171646.15462,0.351892748577516,0.648107251422484,4.16333634234434e-17,0.218103056328045,-0.218103056328045,0.211221230742047,0.211221230742047,0.217262337083653,0.218458435786549
"sce_intra-sample_ro1-dlpfc.rda","ypb_inter-sample_ro1-dlpfc.rda","lindex_intra-sample_ro1-dlpfc.rda",80,1164,40,"nnls",NA,"counts_adj","glial;neuron","k2",0.12223191125477,0.87776808874523,0.105748176574707,1677171646.51492,0.351892748577516,0.648107251422484,0,0.229660837322746,-0.229660837322746,0.211221230742047,0.211221230742047,0.217262337083653,0.218458435786549
"sce_intra-sample_ro1-dlpfc.rda","ypb_inter-sample_ro1-dlpfc.rda","lindex_intra-sample_ro1-dlpfc.rda",82,1164,40,"nnls",NA,"counts_adj","glial;neuron","k2",0.147683950415498,0.852316049584502,0.106109857559204,1677171646.5582,0.351892748577516,0.648107251422484,1.38777878078145e-17,0.204208798162018,-0.204208798162018,0.211221230742047,0.211221230742047,0.217262337083653,0.218458435786549
"sce_intra-sample_ro1-dlpfc.rda","ypb_inter-sample_ro1-dlpfc.rda","lindex_intra-sample_ro1-dlpfc.rda",78,1164,40,"nnls",NA,"counts_adj","glial;neuron","k2",0.140485773275023,0.859514226724977,0.145900011062622,1677171646.74022,0.351892748577516,0.648107251422484,1.38777878078145e-17,0.211406975302493,-0.211406975302493,0.211221230742047,0.211221230742047,0.217262337083653,0.218458435786549
"sce_intra-sample_ro1-dlpfc.rda","ypb_inter-sample_ro1-dlpfc.rda","lindex_intra-sample_ro1-dlpfc.rda",81,1164,40,"nnls",NA,"counts_adj","glial;neuron","k2",0.134728434340508,0.865271565659492,0.0906550884246826,1677171648.62035,0.351892748577516,0.648107251422484,1.38777878078145e-17,0.217164314237008,-0.217164314237008,0.211221230742047,0.211221230742047,0.217262337083653,0.218458435786549
"sce_intra-sample_ro1-dlpfc.rda","ypb_inter-sample_ro1-dlpfc.rda","lindex_intra-sample_ro1-dlpfc.rda",83,1164,40,"nnls",NA,"counts_adj","glial;neuron","k2",0.13547368027582,0.86452631972418,0.0932271480560303,1677171649.2162,0.351892748577516,0.648107251422484,1.38777878078145e-17,0.216419068301696,-0.216419068301696,0.211221230742047,0.211221230742047,0.217262337083653,0.218458435786549
"sce_intra-sample_ro1-dlpfc.rda","ypb_inter-sample_ro1-dlpfc.rda","lindex_intra-sample_ro1-dlpfc.rda",87,1164,40,"nnls",NA,"counts_adj","glial;neuron","k2",0.137772071242079,0.862227928757921,0.137478828430176,1677171649.49533,0.351892748577516,0.648107251422484,4.16333634234434e-17,0.214120677335437,-0.214120677335437,0.211221230742047,0.211221230742047,0.217262337083653,0.218458435786549
"sce_intra-sample_ro1-dlpfc.rda","ypb_inter-sample_ro1-dlpfc.rda","lindex_intra-sample_ro1-dlpfc.rda",79,1164,40,"nnls",NA,"counts_adj","glial;neuron","k2",0.148186392097101,0.851813607902899,0.0770092010498047,1677171655.7572,0.351892748577516,0.648107251422484,5.55111512312578e-17,0.203706356480415,-0.203706356480415,0.211221230742047,0.211221230742047,0.217262337083653,0.218458435786549
"sce_intra-sample_ro1-dlpfc.rda","ypb_inter-sample_ro1-dlpfc.rda","lindex_intra-sample_ro1-dlpfc.rda",84,1164,40,"nnls",NA,"counts_adj","glial;neuron","k2",0.139772741642595,0.860227258357405,0.0916435718536377,1677171655.57313,0.351892748577516,0.648107251422484,2.77555756156289e-17,0.212120006934921,-0.212120006934921,0.211221230742047,0.211221230742047,0.217262337083653,0.218458435786549
"sce_intra-sample_ro1-dlpfc.rda","ypb_inter-sample_ro1-dlpfc.rda","lindex_intra-sample_ro1-dlpfc.rda",91,1164,40,"nnls",NA,"counts_adj","glial;neuron","k2",0.130906730529967,0.869093269470033,0.170895099639893,1677171655.82277,0.351892748577516,0.648107251422484,4.16333634234434e-17,0.220986018047549,-0.220986018047549,0.211221230742047,0.211221230742047,0.217262337083653,0.218458435786549
"sce_intra-sample_ro1-dlpfc.rda","ypb_inter-sample_ro1-dlpfc.rda","lindex_intra-sample_ro1-dlpfc.rda",86,1164,40,"nnls",NA,"counts_adj","glial;neuron","k2",0.152065918943553,0.847934081056447,0.0954370498657227,1677171657.63784,0.351892748577516,0.648107251422484,4.16333634234434e-17,0.199826829633963,-0.199826829633963,0.211221230742047,0.211221230742047,0.217262337083653,0.218458435786549
"sce_intra-sample_ro1-dlpfc.rda","ypb_inter-sample_ro1-dlpfc.rda","lindex_intra-sample_ro1-dlpfc.rda",96,1164,40,"nnls",NA,"counts_adj","glial;neuron","k2",0.125775795468479,0.87422420453152,0.153698921203613,1677171657.91313,0.351892748577516,0.648107251422484,4.9960036108132e-16,0.226116953109037,-0.226116953109036,0.211221230742047,0.211221230742047,0.217262337083653,0.218458435786549
"sce_intra-sample_ro1-dlpfc.rda","ypb_inter-sample_ro1-dlpfc.rda","lindex_intra-sample_ro1-dlpfc.rda",92,1164,40,"nnls",NA,"counts_adj","glial;neuron","k2",0.117079939509962,0.882920060490038,0.124857902526855,1677171658.29514,0.351892748577516,0.648107251422484,2.77555756156289e-17,0.234812809067554,-0.234812809067554,0.211221230742047,0.211221230742047,0.217262337083653,0.218458435786549
"sce_intra-sample_ro1-dlpfc.rda","ypb_inter-sample_ro1-dlpfc.rda","lindex_intra-sample_ro1-dlpfc.rda",88,1164,40,"nnls",NA,"counts_adj","glial;neuron","k2",0.13588875186572,0.86411124813428,0.0937962532043457,1677171658.74892,0.351892748577516,0.648107251422484,4.16333634234434e-17,0.216003996711796,-0.216003996711796,0.211221230742047,0.211221230742047,0.217262337083653,0.218458435786549
"sce_intra-sample_ro1-dlpfc.rda","ypb_inter-sample_ro1-dlpfc.rda","lindex_intra-sample_ro1-dlpfc.rda",89,1164,40,"nnls",NA,"counts_adj","glial;neuron","k2",0.110104302932889,0.889895697067111,0.0948984622955322,1677171658.66904,0.351892748577516,0.648107251422484,1.38777878078145e-17,0.241788445644627,-0.241788445644627,0.211221230742047,0.211221230742047,0.217262337083653,0.218458435786549
"sce_intra-sample_ro1-dlpfc.rda","ypb_inter-sample_ro1-dlpfc.rda","lindex_intra-sample_ro1-dlpfc.rda",90,1164,40,"nnls",NA,"counts_adj","glial;neuron","k2",0.146079121383735,0.853920878616265,0.0971629619598389,1677171661.25464,0.351892748577516,0.648107251422484,4.16333634234434e-17,0.205813627193781,-0.205813627193781,0.211221230742047,0.211221230742047,0.217262337083653,0.218458435786549
"sce_intra-sample_ro1-dlpfc.rda","ypb_inter-sample_ro1-dlpfc.rda","lindex_intra-sample_ro1-dlpfc.rda",93,1164,40,"nnls",NA,"counts_adj","glial;neuron","k2",0.153544874451173,0.846455125548827,0.151082754135132,1677171658.86871,0.351892748577516,0.648107251422484,4.16333634234434e-17,0.198347874126343,-0.198347874126343,0.211221230742047,0.211221230742047,0.217262337083653,0.218458435786549
"sce_intra-sample_ro1-dlpfc.rda","ypb_inter-sample_ro1-dlpfc.rda","lindex_intra-sample_ro1-dlpfc.rda",94,1164,40,"nnls",NA,"counts_adj","glial;neuron","k2",0.13905115830725,0.86094884169275,0.144220113754272,1677171661.49326,0.351892748577516,0.648107251422484,2.77555756156289e-17,0.212841590270266,-0.212841590270266,0.211221230742047,0.211221230742047,0.217262337083653,0.218458435786549
"sce_intra-sample_ro1-dlpfc.rda","ypb_inter-sample_ro1-dlpfc.rda","lindex_intra-sample_ro1-dlpfc.rda",98,1164,40,"nnls",NA,"counts_adj","glial;neuron","k2",0.118594246466907,0.881405753533093,0.0836856365203857,1677171667.95773,0.351892748577516,0.648107251422484,1.38777878078145e-17,0.233298502110609,-0.233298502110609,0.211221230742047,0.211221230742047,0.217262337083653,0.218458435786549
"sce_intra-sample_ro1-dlpfc.rda","ypb_inter-sample_ro1-dlpfc.rda","lindex_intra-sample_ro1-dlpfc.rda",4,1164,40,"music",NA,"counts_adj","glial;neuron","k2",0.153070853951845,0.846929146048155,2.33203411102295,1677171661.74758,0.351892748577516,0.648107251422484,5.55111512312578e-17,0.198821894625671,-0.198821894625671,0.211221230742047,0.211221230742047,0.217262337083653,0.218458435786549
"sce_intra-sample_ro1-dlpfc.rda","ypb_inter-sample_ro1-dlpfc.rda","lindex_intra-sample_ro1-dlpfc.rda",97,1164,40,"nnls",NA,"counts_adj","glial;neuron","k2",0.12861161317821,0.87138838682179,0.0858232975006104,1677171667.99866,0.351892748577516,0.648107251422484,4.16333634234434e-17,0.223281135399306,-0.223281135399306,0.211221230742047,0.211221230742047,0.217262337083653,0.218458435786549
"sce_intra-sample_ro1-dlpfc.rda","ypb_inter-sample_ro1-dlpfc.rda","lindex_intra-sample_ro1-dlpfc.rda",99,1164,40,"nnls",NA,"counts_adj","glial;neuron","k2",0.131453174415944,0.868546825584056,0.208957195281982,1677171668.17625,0.351892748577516,0.648107251422484,0,0.220439574161572,-0.220439574161572,0.211221230742047,0.211221230742047,0.217262337083653,0.218458435786549
"sce_intra-sample_ro1-dlpfc.rda","ypb_inter-sample_ro1-dlpfc.rda","lindex_intra-sample_ro1-dlpfc.rda",95,1164,40,"nnls",NA,"counts_adj","glial;neuron","k2",0.12662812883579,0.87337187116421,0.0919497013092041,1677171670.332,0.351892748577516,0.648107251422484,2.77555756156289e-17,0.225264619741726,-0.225264619741726,0.211221230742047,0.211221230742047,0.217262337083653,0.218458435786549
"sce_intra-sample_ro1-dlpfc.rda","ypb_inter-sample_ro1-dlpfc.rda","lindex_intra-sample_ro1-dlpfc.rda",100,1164,40,"nnls",NA,"counts_adj","glial;neuron","k2",0.121023715664962,0.878976284335038,0.153908491134644,1677171671.08417,0.351892748577516,0.648107251422484,0,0.230869032912554,-0.230869032912554,0.211221230742047,0.211221230742047,0.217262337083653,0.218458435786549
"sce_intra-sample_ro1-dlpfc.rda","ypb_inter-sample_ro1-dlpfc.rda","lindex_intra-sample_ro1-dlpfc.rda",5,1164,40,"music",NA,"counts_adj","glial;neuron","k2",0.127193244287853,0.872806755712147,2.64297461509705,1677171670.15033,0.351892748577516,0.648107251422484,0,0.224699504289663,-0.224699504289663,0.211221230742047,0.211221230742047,0.217262337083653,0.218458435786549
"sce_intra-sample_ro1-dlpfc.rda","ypb_inter-sample_ro1-dlpfc.rda","lindex_intra-sample_ro1-dlpfc.rda",10,1164,40,"music",NA,"counts_adj","glial;neuron","k2",0.127869181181118,0.872130818818882,2.50049948692322,1677171669.89132,0.351892748577516,0.648107251422484,2.77555756156289e-17,0.224023567396398,-0.224023567396398,0.211221230742047,0.211221230742047,0.217262337083653,0.218458435786549
"sce_intra-sample_ro1-dlpfc.rda","ypb_inter-sample_ro1-dlpfc.rda","lindex_intra-sample_ro1-dlpfc.rda",2,1164,40,"music",NA,"counts_adj","glial;neuron","k2",0.124954822679894,0.875045177320106,2.57833886146545,1677171670.67118,0.351892748577516,0.648107251422484,2.77555756156289e-17,0.226937925897622,-0.226937925897622,0.211221230742047,0.211221230742047,0.217262337083653,0.218458435786549
"sce_intra-sample_ro1-dlpfc.rda","ypb_inter-sample_ro1-dlpfc.rda","lindex_intra-sample_ro1-dlpfc.rda",1,1164,40,"music",NA,"counts_adj","glial;neuron","k2",0.128603586528529,0.871396413471471,2.38024997711182,1677171673.96848,0.351892748577516,0.648107251422484,2.77555756156289e-17,0.223289162048987,-0.223289162048987,0.211221230742047,0.211221230742047,0.217262337083653,0.218458435786549
"sce_intra-sample_ro1-dlpfc.rda","ypb_inter-sample_ro1-dlpfc.rda","lindex_intra-sample_ro1-dlpfc.rda",8,1164,40,"music",NA,"counts_adj","glial;neuron","k2",0.131661230976347,0.868338769023653,2.68640875816345,1677171670.77892,0.351892748577516,0.648107251422484,1.38777878078145e-17,0.220231517601169,-0.220231517601169,0.211221230742047,0.211221230742047,0.217262337083653,0.218458435786549
"sce_intra-sample_ro1-dlpfc.rda","ypb_inter-sample_ro1-dlpfc.rda","lindex_intra-sample_ro1-dlpfc.rda",13,1164,40,"music",NA,"counts_adj","glial;neuron","k2",0.129239353750565,0.870760646249435,2.37058758735657,1677171674.02663,0.351892748577516,0.648107251422484,0,0.222653394826951,-0.222653394826951,0.211221230742047,0.211221230742047,0.217262337083653,0.218458435786549
"sce_intra-sample_ro1-dlpfc.rda","ypb_inter-sample_ro1-dlpfc.rda","lindex_intra-sample_ro1-dlpfc.rda",7,1164,40,"music",NA,"counts_adj","glial;neuron","k2",0.156207248467504,0.843792751532496,2.62511277198792,1677171675.9719,0.351892748577516,0.648107251422484,2.77555756156289e-17,0.195685500110012,-0.195685500110012,0.211221230742047,0.211221230742047,0.217262337083653,0.218458435786549
"sce_intra-sample_ro1-dlpfc.rda","ypb_inter-sample_ro1-dlpfc.rda","lindex_intra-sample_ro1-dlpfc.rda",3,1164,40,"music",NA,"counts_adj","glial;neuron","k2",0.142335538373014,0.857664461626986,2.50381302833557,1677171680.41417,0.351892748577516,0.648107251422484,5.55111512312578e-17,0.209557210204502,-0.209557210204502,0.211221230742047,0.211221230742047,0.217262337083653,0.218458435786549
"sce_intra-sample_ro1-dlpfc.rda","ypb_inter-sample_ro1-dlpfc.rda","lindex_intra-sample_ro1-dlpfc.rda",6,1164,40,"music",NA,"counts_adj","glial;neuron","k2",0.154354436597623,0.845645563402377,2.4824526309967,1677171680.41184,0.351892748577516,0.648107251422484,5.55111512312578e-17,0.197538311979893,-0.197538311979893,0.211221230742047,0.211221230742047,0.217262337083653,0.218458435786549
"sce_intra-sample_ro1-dlpfc.rda","ypb_inter-sample_ro1-dlpfc.rda","lindex_intra-sample_ro1-dlpfc.rda",14,1164,40,"music",NA,"counts_adj","glial;neuron","k2",0.135079574904813,0.864920425095187,2.6486668586731,1677171680.80653,0.351892748577516,0.648107251422484,4.16333634234434e-17,0.216813173672703,-0.216813173672703,0.211221230742047,0.211221230742047,0.217262337083653,0.218458435786549
"sce_intra-sample_ro1-dlpfc.rda","ypb_inter-sample_ro1-dlpfc.rda","lindex_intra-sample_ro1-dlpfc.rda",9,1164,40,"music",NA,"counts_adj","glial;neuron","k2",0.134979543587617,0.865020456412383,2.56138753890991,1677171682.27165,0.351892748577516,0.648107251422484,2.77555756156289e-17,0.216913204989899,-0.216913204989899,0.211221230742047,0.211221230742047,0.217262337083653,0.218458435786549
"sce_intra-sample_ro1-dlpfc.rda","ypb_inter-sample_ro1-dlpfc.rda","lindex_intra-sample_ro1-dlpfc.rda",11,1164,40,"music",NA,"counts_adj","glial;neuron","k2",0.146446494319268,0.853553505680732,2.83086156845093,1677171683.56039,0.351892748577516,0.648107251422484,4.16333634234434e-17,0.205446254258248,-0.205446254258248,0.211221230742047,0.211221230742047,0.217262337083653,0.218458435786549
"sce_intra-sample_ro1-dlpfc.rda","ypb_inter-sample_ro1-dlpfc.rda","lindex_intra-sample_ro1-dlpfc.rda",12,1164,40,"music",NA,"counts_adj","glial;neuron","k2",0.134613684030876,0.865386315969124,2.58619928359985,1677171685.44919,0.351892748577516,0.648107251422484,4.16333634234434e-17,0.21727906454664,-0.21727906454664,0.211221230742047,0.211221230742047,0.217262337083653,0.218458435786549
"sce_intra-sample_ro1-dlpfc.rda","ypb_inter-sample_ro1-dlpfc.rda","lindex_intra-sample_ro1-dlpfc.rda",15,1164,40,"music",NA,"counts_adj","glial;neuron","k2",0.11948582081152,0.88051417918848,2.8048152923584,1677171684.8815,0.351892748577516,0.648107251422484,5.55111512312578e-17,0.232406927765996,-0.232406927765996,0.211221230742047,0.211221230742047,0.217262337083653,0.218458435786549
"sce_intra-sample_ro1-dlpfc.rda","ypb_inter-sample_ro1-dlpfc.rda","lindex_intra-sample_ro1-dlpfc.rda",17,1164,40,"music",NA,"counts_adj","glial;neuron","k2",0.146385161582625,0.853614838417375,2.74548578262329,1677171685.33158,0.351892748577516,0.648107251422484,5.55111512312578e-17,0.205507586994891,-0.205507586994891,0.211221230742047,0.211221230742047,0.217262337083653,0.218458435786549
"sce_intra-sample_ro1-dlpfc.rda","ypb_inter-sample_ro1-dlpfc.rda","lindex_intra-sample_ro1-dlpfc.rda",19,1164,40,"music",NA,"counts_adj","glial;neuron","k2",0.158290481793933,0.841709518206067,2.63237810134888,1677171685.74849,0.351892748577516,0.648107251422484,2.77555756156289e-17,0.193602266783583,-0.193602266783583,0.211221230742047,0.211221230742047,0.217262337083653,0.218458435786549
"sce_intra-sample_ro1-dlpfc.rda","ypb_inter-sample_ro1-dlpfc.rda","lindex_intra-sample_ro1-dlpfc.rda",24,1164,40,"music",NA,"counts_adj","glial;neuron","k2",0.130235923395345,0.869764076604655,2.3431510925293,1677171689.26217,0.351892748577516,0.648107251422484,0,0.221656825182171,-0.221656825182171,0.211221230742047,0.211221230742047,0.217262337083653,0.218458435786549
"sce_intra-sample_ro1-dlpfc.rda","ypb_inter-sample_ro1-dlpfc.rda","lindex_intra-sample_ro1-dlpfc.rda",16,1164,40,"music",NA,"counts_adj","glial;neuron","k2",0.134249433568677,0.865750566431323,2.3963737487793,1677171689.67786,0.351892748577516,0.648107251422484,4.16333634234434e-17,0.217643315008839,-0.217643315008839,0.211221230742047,0.211221230742047,0.217262337083653,0.218458435786549
"sce_intra-sample_ro1-dlpfc.rda","ypb_inter-sample_ro1-dlpfc.rda","lindex_intra-sample_ro1-dlpfc.rda",21,1164,40,"music",NA,"counts_adj","glial;neuron","k2",0.124225320841033,0.875774679158967,2.53713989257812,1677171690.93939,0.351892748577516,0.648107251422484,2.77555756156289e-17,0.227667427736483,-0.227667427736483,0.211221230742047,0.211221230742047,0.217262337083653,0.218458435786549
"sce_intra-sample_ro1-dlpfc.rda","ypb_inter-sample_ro1-dlpfc.rda","lindex_intra-sample_ro1-dlpfc.rda",20,1164,40,"music",NA,"counts_adj","glial;neuron","k2",0.13773327562311,0.86226672437689,2.40318536758423,1677171695.25509,0.351892748577516,0.648107251422484,2.77555756156289e-17,0.214159472954406,-0.214159472954406,0.211221230742047,0.211221230742047,0.217262337083653,0.218458435786549
"sce_intra-sample_ro1-dlpfc.rda","ypb_inter-sample_ro1-dlpfc.rda","lindex_intra-sample_ro1-dlpfc.rda",27,1164,40,"music",NA,"counts_adj","glial;neuron","k2",0.133942843453619,0.866057156546381,2.4401216506958,1677171695.75572,0.351892748577516,0.648107251422484,0,0.217949905123897,-0.217949905123897,0.211221230742047,0.211221230742047,0.217262337083653,0.218458435786549
"sce_intra-sample_ro1-dlpfc.rda","ypb_inter-sample_ro1-dlpfc.rda","lindex_intra-sample_ro1-dlpfc.rda",23,1164,40,"music",NA,"counts_adj","glial;neuron","k2",0.13354561013748,0.86645438986252,2.66978549957275,1677171697.2147,0.351892748577516,0.648107251422484,2.77555756156289e-17,0.218347138440036,-0.218347138440036,0.211221230742047,0.211221230742047,0.217262337083653,0.218458435786549
"sce_intra-sample_ro1-dlpfc.rda","ypb_inter-sample_ro1-dlpfc.rda","lindex_intra-sample_ro1-dlpfc.rda",18,1164,40,"music",NA,"counts_adj","glial;neuron","k2",0.124869730816217,0.875130269183783,2.8107590675354,1677171695.68533,0.351892748577516,0.648107251422484,2.77555756156289e-17,0.227023017761299,-0.227023017761299,0.211221230742047,0.211221230742047,0.217262337083653,0.218458435786549
"sce_intra-sample_ro1-dlpfc.rda","ypb_inter-sample_ro1-dlpfc.rda","lindex_intra-sample_ro1-dlpfc.rda",30,1164,40,"music",NA,"counts_adj","glial;neuron","k2",0.13659650297563,0.86340349702437,2.49695563316345,1677171699.73957,0.351892748577516,0.648107251422484,1.38777878078145e-17,0.215296245601886,-0.215296245601886,0.211221230742047,0.211221230742047,0.217262337083653,0.218458435786549
"sce_intra-sample_ro1-dlpfc.rda","ypb_inter-sample_ro1-dlpfc.rda","lindex_intra-sample_ro1-dlpfc.rda",22,1164,40,"music",NA,"counts_adj","glial;neuron","k2",0.132621742892781,0.867378257107219,2.47814583778381,1677171698.65557,0.351892748577516,0.648107251422484,0,0.219271005684735,-0.219271005684735,0.211221230742047,0.211221230742047,0.217262337083653,0.218458435786549
"sce_intra-sample_ro1-dlpfc.rda","ypb_inter-sample_ro1-dlpfc.rda","lindex_intra-sample_ro1-dlpfc.rda",37,1164,40,"music",NA,"counts_adj","glial;neuron","k2",0.133010259904376,0.866989740095623,2.54239439964294,1677171700.04183,0.351892748577516,0.648107251422484,5.13478148889135e-16,0.21888248867314,-0.218882488673139,0.211221230742047,0.211221230742047,0.217262337083653,0.218458435786549
"sce_intra-sample_ro1-dlpfc.rda","ypb_inter-sample_ro1-dlpfc.rda","lindex_intra-sample_ro1-dlpfc.rda",26,1164,40,"music",NA,"counts_adj","glial;neuron","k2",0.138133443915068,0.861866556084932,2.47034907341003,1677171700.14094,0.351892748577516,0.648107251422484,2.77555756156289e-17,0.213759304662448,-0.213759304662448,0.211221230742047,0.211221230742047,0.217262337083653,0.218458435786549
"sce_intra-sample_ro1-dlpfc.rda","ypb_inter-sample_ro1-dlpfc.rda","lindex_intra-sample_ro1-dlpfc.rda",28,1164,40,"music",NA,"counts_adj","glial;neuron","k2",0.133910006863244,0.866089993136756,2.47260141372681,1677171700.32257,0.351892748577516,0.648107251422484,0,0.217982741714272,-0.217982741714272,0.211221230742047,0.211221230742047,0.217262337083653,0.218458435786549
"sce_intra-sample_ro1-dlpfc.rda","ypb_inter-sample_ro1-dlpfc.rda","lindex_intra-sample_ro1-dlpfc.rda",29,1164,40,"music",NA,"counts_adj","glial;neuron","k2",0.158157985181219,0.841842014818781,2.3276379108429,1677171704.09059,0.351892748577516,0.648107251422484,4.16333634234434e-17,0.193734763396297,-0.193734763396297,0.211221230742047,0.211221230742047,0.217262337083653,0.218458435786549
"sce_intra-sample_ro1-dlpfc.rda","ypb_inter-sample_ro1-dlpfc.rda","lindex_intra-sample_ro1-dlpfc.rda",25,1164,40,"music",NA,"counts_adj","glial;neuron","k2",0.151359630452866,0.848640369547134,2.50041508674622,1677171704.68586,0.351892748577516,0.648107251422484,5.55111512312578e-17,0.20053311812465,-0.20053311812465,0.211221230742047,0.211221230742047,0.217262337083653,0.218458435786549
"sce_intra-sample_ro1-dlpfc.rda","ypb_inter-sample_ro1-dlpfc.rda","lindex_intra-sample_ro1-dlpfc.rda",38,1164,40,"music",NA,"counts_adj","glial;neuron","k2",0.132417299314889,0.867582700685111,2.47790145874023,1677171710.25015,0.351892748577516,0.648107251422484,2.77555756156289e-17,0.219475449262627,-0.219475449262627,0.211221230742047,0.211221230742047,0.217262337083653,0.218458435786549
"sce_intra-sample_ro1-dlpfc.rda","ypb_inter-sample_ro1-dlpfc.rda","lindex_intra-sample_ro1-dlpfc.rda",35,1164,40,"music",NA,"counts_adj","glial;neuron","k2",0.151939632081068,0.848060367918932,2.47348427772522,1677171705.5111,0.351892748577516,0.648107251422484,1.38777878078145e-17,0.199953116496448,-0.199953116496448,0.211221230742047,0.211221230742047,0.217262337083653,0.218458435786549
"sce_intra-sample_ro1-dlpfc.rda","ypb_inter-sample_ro1-dlpfc.rda","lindex_intra-sample_ro1-dlpfc.rda",33,1164,40,"music",NA,"counts_adj","glial;neuron","k2",0.14063442126481,0.85936557873519,2.3751494884491,1677171709.75329,0.351892748577516,0.648107251422484,1.38777878078145e-17,0.211258327312706,-0.211258327312706,0.211221230742047,0.211221230742047,0.217262337083653,0.218458435786549
"sce_intra-sample_ro1-dlpfc.rda","ypb_inter-sample_ro1-dlpfc.rda","lindex_intra-sample_ro1-dlpfc.rda",31,1164,40,"music",NA,"counts_adj","glial;neuron","k2",0.138365278444394,0.861634721555606,2.84480476379395,1677171710.31362,0.351892748577516,0.648107251422484,0,0.213527470133122,-0.213527470133122,0.211221230742047,0.211221230742047,0.217262337083653,0.218458435786549
"sce_intra-sample_ro1-dlpfc.rda","ypb_inter-sample_ro1-dlpfc.rda","lindex_intra-sample_ro1-dlpfc.rda",32,1164,40,"music",NA,"counts_adj","glial;neuron","k2",0.149241351421146,0.850758648578854,2.71700763702393,1677171712.87496,0.351892748577516,0.648107251422484,4.16333634234434e-17,0.20265139715637,-0.20265139715637,0.211221230742047,0.211221230742047,0.217262337083653,0.218458435786549
"sce_intra-sample_ro1-dlpfc.rda","ypb_inter-sample_ro1-dlpfc.rda","lindex_intra-sample_ro1-dlpfc.rda",34,1164,40,"music",NA,"counts_adj","glial;neuron","k2",0.141490936536838,0.858509063463162,2.92652773857117,1677171712.79535,0.351892748577516,0.648107251422484,1.38777878078145e-17,0.210401812040678,-0.210401812040678,0.211221230742047,0.211221230742047,0.217262337083653,0.218458435786549
"sce_intra-sample_ro1-dlpfc.rda","ypb_inter-sample_ro1-dlpfc.rda","lindex_intra-sample_ro1-dlpfc.rda",42,1164,40,"music",NA,"counts_adj","glial;neuron","k2",0.129534258254581,0.870465741745419,2.86674761772156,1677171715.25789,0.351892748577516,0.648107251422484,1.38777878078145e-17,0.222358490322935,-0.222358490322935,0.211221230742047,0.211221230742047,0.217262337083653,0.218458435786549
"sce_intra-sample_ro1-dlpfc.rda","ypb_inter-sample_ro1-dlpfc.rda","lindex_intra-sample_ro1-dlpfc.rda",39,1164,40,"music",NA,"counts_adj","glial;neuron","k2",0.132905180181765,0.867094819818235,2.64187717437744,1677171714.25832,0.351892748577516,0.648107251422484,2.77555756156289e-17,0.218987568395751,-0.218987568395751,0.211221230742047,0.211221230742047,0.217262337083653,0.218458435786549
"sce_intra-sample_ro1-dlpfc.rda","ypb_inter-sample_ro1-dlpfc.rda","lindex_intra-sample_ro1-dlpfc.rda",41,1164,40,"music",NA,"counts_adj","glial;neuron","k2",0.119193642713017,0.880806357286984,3.01100993156433,1677171715.01861,0.351892748577516,0.648107251422484,4.57966997657877e-16,0.232699105864499,-0.2326991058645,0.211221230742047,0.211221230742047,0.217262337083653,0.218458435786549
"sce_intra-sample_ro1-dlpfc.rda","ypb_inter-sample_ro1-dlpfc.rda","lindex_intra-sample_ro1-dlpfc.rda",36,1164,40,"music",NA,"counts_adj","glial;neuron","k2",0.123898373350537,0.876101626649463,2.83315229415894,1677171715.4728,0.351892748577516,0.648107251422484,2.77555756156289e-17,0.227994375226979,-0.227994375226979,0.211221230742047,0.211221230742047,0.217262337083653,0.218458435786549
"sce_intra-sample_ro1-dlpfc.rda","ypb_inter-sample_ro1-dlpfc.rda","lindex_intra-sample_ro1-dlpfc.rda",44,1164,40,"music",NA,"counts_adj","glial;neuron","k2",0.125917252270611,0.874082747729389,2.42728686332703,1677171719.52009,0.351892748577516,0.648107251422484,2.77555756156289e-17,0.225975496306905,-0.225975496306905,0.211221230742047,0.211221230742047,0.217262337083653,0.218458435786549
"sce_intra-sample_ro1-dlpfc.rda","ypb_inter-sample_ro1-dlpfc.rda","lindex_intra-sample_ro1-dlpfc.rda",43,1164,40,"music",NA,"counts_adj","glial;neuron","k2",0.106195664286554,0.893804335713446,2.38326334953308,1677171720.17315,0.351892748577516,0.648107251422484,4.16333634234434e-17,0.245697084290962,-0.245697084290962,0.211221230742047,0.211221230742047,0.217262337083653,0.218458435786549
"sce_intra-sample_ro1-dlpfc.rda","ypb_inter-sample_ro1-dlpfc.rda","lindex_intra-sample_ro1-dlpfc.rda",55,1164,40,"music",NA,"counts_adj","glial;neuron","k2",0.135271783052527,0.864728216947473,2.94619250297546,1677171721.546,0.351892748577516,0.648107251422484,1.38777878078145e-17,0.216620965524989,-0.216620965524989,0.211221230742047,0.211221230742047,0.217262337083653,0.218458435786549
"sce_intra-sample_ro1-dlpfc.rda","ypb_inter-sample_ro1-dlpfc.rda","lindex_intra-sample_ro1-dlpfc.rda",45,1164,40,"music",NA,"counts_adj","glial;neuron","k2",0.136009542776548,0.863990457223452,2.61711263656616,1677171725.01897,0.351892748577516,0.648107251422484,1.38777878078145e-17,0.215883205800968,-0.215883205800968,0.211221230742047,0.211221230742047,0.217262337083653,0.218458435786549
"sce_intra-sample_ro1-dlpfc.rda","ypb_inter-sample_ro1-dlpfc.rda","lindex_intra-sample_ro1-dlpfc.rda",46,1164,40,"music",NA,"counts_adj","glial;neuron","k2",0.137267251501272,0.862732748498728,2.6130850315094,1677171726.65817,0.351892748577516,0.648107251422484,0,0.214625497076244,-0.214625497076244,0.211221230742047,0.211221230742047,0.217262337083653,0.218458435786549
"sce_intra-sample_ro1-dlpfc.rda","ypb_inter-sample_ro1-dlpfc.rda","lindex_intra-sample_ro1-dlpfc.rda",57,1164,40,"music",NA,"counts_adj","glial;neuron","k2",0.148027854060713,0.851972145939287,2.64614796638489,1677171726.8641,0.351892748577516,0.648107251422484,0,0.203864894516803,-0.203864894516803,0.211221230742047,0.211221230742047,0.217262337083653,0.218458435786549
"sce_intra-sample_ro1-dlpfc.rda","ypb_inter-sample_ro1-dlpfc.rda","lindex_intra-sample_ro1-dlpfc.rda",50,1164,40,"music",NA,"counts_adj","glial;neuron","k2",0.129959860765083,0.870040139234917,2.73318862915039,1677171728.33889,0.351892748577516,0.648107251422484,4.16333634234434e-17,0.221932887812433,-0.221932887812433,0.211221230742047,0.211221230742047,0.217262337083653,0.218458435786549
"sce_intra-sample_ro1-dlpfc.rda","ypb_inter-sample_ro1-dlpfc.rda","lindex_intra-sample_ro1-dlpfc.rda",40,1164,40,"music",NA,"counts_adj","glial;neuron","k2",0.134805541146169,0.865194458853831,2.70577096939087,1677171728.57791,0.351892748577516,0.648107251422484,5.55111512312578e-17,0.217087207431347,-0.217087207431347,0.211221230742047,0.211221230742047,0.217262337083653,0.218458435786549
"sce_intra-sample_ro1-dlpfc.rda","ypb_inter-sample_ro1-dlpfc.rda","lindex_intra-sample_ro1-dlpfc.rda",51,1164,40,"music",NA,"counts_adj","glial;neuron","k2",0.129389004471976,0.870610995528024,2.78879952430725,1677171730.80201,0.351892748577516,0.648107251422484,2.77555756156289e-17,0.22250374410554,-0.22250374410554,0.211221230742047,0.211221230742047,0.217262337083653,0.218458435786549
"sce_intra-sample_ro1-dlpfc.rda","ypb_inter-sample_ro1-dlpfc.rda","lindex_intra-sample_ro1-dlpfc.rda",47,1164,40,"music",NA,"counts_adj","glial;neuron","k2",0.109766125259529,0.890233874740471,2.67408752441406,1677171730.14798,0.351892748577516,0.648107251422484,2.77555756156289e-17,0.242126623317987,-0.242126623317987,0.211221230742047,0.211221230742047,0.217262337083653,0.218458435786549
"sce_intra-sample_ro1-dlpfc.rda","ypb_inter-sample_ro1-dlpfc.rda","lindex_intra-sample_ro1-dlpfc.rda",49,1164,40,"music",NA,"counts_adj","glial;neuron","k2",0.136147370988094,0.863852629011906,2.63759541511536,1677171731.08561,0.351892748577516,0.648107251422484,4.16333634234434e-17,0.215745377589422,-0.215745377589422,0.211221230742047,0.211221230742047,0.217262337083653,0.218458435786549
"sce_intra-sample_ro1-dlpfc.rda","ypb_inter-sample_ro1-dlpfc.rda","lindex_intra-sample_ro1-dlpfc.rda",48,1164,40,"music",NA,"counts_adj","glial;neuron","k2",0.141204212894785,0.858795787105215,2.6595618724823,1677171731.59659,0.351892748577516,0.648107251422484,4.16333634234434e-17,0.210688535682731,-0.210688535682731,0.211221230742047,0.211221230742047,0.217262337083653,0.218458435786549
"sce_intra-sample_ro1-dlpfc.rda","ypb_inter-sample_ro1-dlpfc.rda","lindex_intra-sample_ro1-dlpfc.rda",60,1164,40,"music",NA,"counts_adj","glial;neuron","k2",0.113356092242718,0.886643907757282,2.47268629074097,1677171735.81677,0.351892748577516,0.648107251422484,4.16333634234434e-17,0.238536656334798,-0.238536656334798,0.211221230742047,0.211221230742047,0.217262337083653,0.218458435786549
"sce_intra-sample_ro1-dlpfc.rda","ypb_inter-sample_ro1-dlpfc.rda","lindex_intra-sample_ro1-dlpfc.rda",53,1164,40,"music",NA,"counts_adj","glial;neuron","k2",0.128941964446979,0.871058035553022,2.92447543144226,1677171735.78371,0.351892748577516,0.648107251422484,4.57966997657877e-16,0.222950784130537,-0.222950784130538,0.211221230742047,0.211221230742047,0.217262337083653,0.218458435786549
"sce_intra-sample_ro1-dlpfc.rda","ypb_inter-sample_ro1-dlpfc.rda","lindex_intra-sample_ro1-dlpfc.rda",56,1164,40,"music",NA,"counts_adj","glial;neuron","k2",0.135839993482442,0.864160006517558,2.52282667160034,1677171738.78012,0.351892748577516,0.648107251422484,4.16333634234434e-17,0.216052755095074,-0.216052755095074,0.211221230742047,0.211221230742047,0.217262337083653,0.218458435786549
"sce_intra-sample_ro1-dlpfc.rda","ypb_inter-sample_ro1-dlpfc.rda","lindex_intra-sample_ro1-dlpfc.rda",65,1164,40,"music",NA,"counts_adj","glial;neuron","k2",0.154064654106897,0.845935345893103,2.51125001907349,1677171740.87709,0.351892748577516,0.648107251422484,1.38777878078145e-17,0.197828094470619,-0.197828094470619,0.211221230742047,0.211221230742047,0.217262337083653,0.218458435786549
"sce_intra-sample_ro1-dlpfc.rda","ypb_inter-sample_ro1-dlpfc.rda","lindex_intra-sample_ro1-dlpfc.rda",52,1164,40,"music",NA,"counts_adj","glial;neuron","k2",0.124658941713753,0.875341058286247,2.43747210502625,1677171741.99862,0.351892748577516,0.648107251422484,4.16333634234434e-17,0.227233806863763,-0.227233806863763,0.211221230742047,0.211221230742047,0.217262337083653,0.218458435786549
"sce_intra-sample_ro1-dlpfc.rda","ypb_inter-sample_ro1-dlpfc.rda","lindex_intra-sample_ro1-dlpfc.rda",59,1164,40,"music",NA,"counts_adj","glial;neuron","k2",0.128326248090374,0.871673751909626,2.40866374969482,1677171742.04478,0.351892748577516,0.648107251422484,1.38777878078145e-17,0.223566500487142,-0.223566500487142,0.211221230742047,0.211221230742047,0.217262337083653,0.218458435786549
"sce_intra-sample_ro1-dlpfc.rda","ypb_inter-sample_ro1-dlpfc.rda","lindex_intra-sample_ro1-dlpfc.rda",61,1164,40,"music",NA,"counts_adj","glial;neuron","k2",0.132311602673318,0.867688397326682,2.55028247833252,1677171743.4197,0.351892748577516,0.648107251422484,1.38777878078145e-17,0.219581145904198,-0.219581145904198,0.211221230742047,0.211221230742047,0.217262337083653,0.218458435786549
"sce_intra-sample_ro1-dlpfc.rda","ypb_inter-sample_ro1-dlpfc.rda","lindex_intra-sample_ro1-dlpfc.rda",54,1164,40,"music",NA,"counts_adj","glial;neuron","k2",0.131865548972067,0.868134451027933,2.60451769828796,1677171743.86983,0.351892748577516,0.648107251422484,4.16333634234434e-17,0.220027199605449,-0.220027199605449,0.211221230742047,0.211221230742047,0.217262337083653,0.218458435786549
"sce_intra-sample_ro1-dlpfc.rda","ypb_inter-sample_ro1-dlpfc.rda","lindex_intra-sample_ro1-dlpfc.rda",63,1164,40,"music",NA,"counts_adj","glial;neuron","k2",0.136260383398001,0.863739616601999,2.49747824668884,1677171745.28228,0.351892748577516,0.648107251422484,0,0.215632365179515,-0.215632365179515,0.211221230742047,0.211221230742047,0.217262337083653,0.218458435786549
"sce_intra-sample_ro1-dlpfc.rda","ypb_inter-sample_ro1-dlpfc.rda","lindex_intra-sample_ro1-dlpfc.rda",64,1164,40,"music",NA,"counts_adj","glial;neuron","k2",0.134556475731098,0.865443524268902,2.59703755378723,1677171745.83787,0.351892748577516,0.648107251422484,1.38777878078145e-17,0.217336272846418,-0.217336272846418,0.211221230742047,0.211221230742047,0.217262337083653,0.218458435786549
"sce_intra-sample_ro1-dlpfc.rda","ypb_inter-sample_ro1-dlpfc.rda","lindex_intra-sample_ro1-dlpfc.rda",58,1164,40,"music",NA,"counts_adj","glial;neuron","k2",0.129084429772243,0.870915570227757,2.50877523422241,1677171746.19211,0.351892748577516,0.648107251422484,2.77555756156289e-17,0.222808318805273,-0.222808318805273,0.211221230742047,0.211221230742047,0.217262337083653,0.218458435786549
"sce_intra-sample_ro1-dlpfc.rda","ypb_inter-sample_ro1-dlpfc.rda","lindex_intra-sample_ro1-dlpfc.rda",75,1164,40,"music",NA,"counts_adj","glial;neuron","k2",0.124710301826327,0.875289698173673,2.68449664115906,1677171746.42383,0.351892748577516,0.648107251422484,4.16333634234434e-17,0.227182446751189,-0.227182446751189,0.211221230742047,0.211221230742047,0.217262337083653,0.218458435786549
"sce_intra-sample_ro1-dlpfc.rda","ypb_inter-sample_ro1-dlpfc.rda","lindex_intra-sample_ro1-dlpfc.rda",70,1164,40,"music",NA,"counts_adj","glial;neuron","k2",0.132423919675529,0.867576080324471,2.40704846382141,1677171750.85132,0.351892748577516,0.648107251422484,4.16333634234434e-17,0.219468828901987,-0.219468828901987,0.211221230742047,0.211221230742047,0.217262337083653,0.218458435786549
"sce_intra-sample_ro1-dlpfc.rda","ypb_inter-sample_ro1-dlpfc.rda","lindex_intra-sample_ro1-dlpfc.rda",62,1164,40,"music",NA,"counts_adj","glial;neuron","k2",0.121879388030717,0.878120611969283,3.00779151916504,1677171750.55256,0.351892748577516,0.648107251422484,0,0.230013360546799,-0.230013360546799,0.211221230742047,0.211221230742047,0.217262337083653,0.218458435786549
"sce_intra-sample_ro1-dlpfc.rda","ypb_inter-sample_ro1-dlpfc.rda","lindex_intra-sample_ro1-dlpfc.rda",72,1164,40,"music",NA,"counts_adj","glial;neuron","k2",0.136492430808759,0.86350756919124,2.56022906303406,1677171753.13956,0.351892748577516,0.648107251422484,4.9960036108132e-16,0.215400317768757,-0.215400317768756,0.211221230742047,0.211221230742047,0.217262337083653,0.218458435786549
"sce_intra-sample_ro1-dlpfc.rda","ypb_inter-sample_ro1-dlpfc.rda","lindex_intra-sample_ro1-dlpfc.rda",69,1164,40,"music",NA,"counts_adj","glial;neuron","k2",0.151903395433032,0.848096604566968,2.43187046051025,1677171756.2698,0.351892748577516,0.648107251422484,2.77555756156289e-17,0.199989353144484,-0.199989353144484,0.211221230742047,0.211221230742047,0.217262337083653,0.218458435786549
"sce_intra-sample_ro1-dlpfc.rda","ypb_inter-sample_ro1-dlpfc.rda","lindex_intra-sample_ro1-dlpfc.rda",67,1164,40,"music",NA,"counts_adj","glial;neuron","k2",0.129147136638511,0.870852863361489,2.53958654403687,1677171755.33603,0.351892748577516,0.648107251422484,1.38777878078145e-17,0.222745611939005,-0.222745611939005,0.211221230742047,0.211221230742047,0.217262337083653,0.218458435786549
"sce_intra-sample_ro1-dlpfc.rda","ypb_inter-sample_ro1-dlpfc.rda","lindex_intra-sample_ro1-dlpfc.rda",79,1164,40,"music",NA,"counts_adj","glial;neuron","k2",0.131423930744438,0.868576069255562,2.55090594291687,1677171757.82042,0.351892748577516,0.648107251422484,4.16333634234434e-17,0.220468817833078,-0.220468817833078,0.211221230742047,0.211221230742047,0.217262337083653,0.218458435786549
"sce_intra-sample_ro1-dlpfc.rda","ypb_inter-sample_ro1-dlpfc.rda","lindex_intra-sample_ro1-dlpfc.rda",76,1164,40,"music",NA,"counts_adj","glial;neuron","k2",0.126590788779604,0.873409211220396,2.49121570587158,1677171756.65033,0.351892748577516,0.648107251422484,0,0.225301959797912,-0.225301959797912,0.211221230742047,0.211221230742047,0.217262337083653,0.218458435786549
"sce_intra-sample_ro1-dlpfc.rda","ypb_inter-sample_ro1-dlpfc.rda","lindex_intra-sample_ro1-dlpfc.rda",68,1164,40,"music",NA,"counts_adj","glial;neuron","k2",0.143271656885638,0.856728343114362,2.64180374145508,1677171758.49245,0.351892748577516,0.648107251422484,4.16333634234434e-17,0.208621091691878,-0.208621091691878,0.211221230742047,0.211221230742047,0.217262337083653,0.218458435786549
"sce_intra-sample_ro1-dlpfc.rda","ypb_inter-sample_ro1-dlpfc.rda","lindex_intra-sample_ro1-dlpfc.rda",81,1164,40,"music",NA,"counts_adj","glial;neuron","k2",0.121874799495502,0.878125200504498,2.48358178138733,1677171759.96191,0.351892748577516,0.648107251422484,0,0.230017949082014,-0.230017949082014,0.211221230742047,0.211221230742047,0.217262337083653,0.218458435786549
"sce_intra-sample_ro1-dlpfc.rda","ypb_inter-sample_ro1-dlpfc.rda","lindex_intra-sample_ro1-dlpfc.rda",66,1164,40,"music",NA,"counts_adj","glial;neuron","k2",0.132126543012992,0.867873456987008,2.46687769889832,1677171760.6414,0.351892748577516,0.648107251422484,1.38777878078145e-17,0.219766205564524,-0.219766205564524,0.211221230742047,0.211221230742047,0.217262337083653,0.218458435786549
"sce_intra-sample_ro1-dlpfc.rda","ypb_inter-sample_ro1-dlpfc.rda","lindex_intra-sample_ro1-dlpfc.rda",78,1164,40,"music",NA,"counts_adj","glial;neuron","k2",0.136960247229397,0.863039752770603,2.5646653175354,1677171760.82887,0.351892748577516,0.648107251422484,4.16333634234434e-17,0.214932501348119,-0.214932501348119,0.211221230742047,0.211221230742047,0.217262337083653,0.218458435786549
"sce_intra-sample_ro1-dlpfc.rda","ypb_inter-sample_ro1-dlpfc.rda","lindex_intra-sample_ro1-dlpfc.rda",71,1164,40,"music",NA,"counts_adj","glial;neuron","k2",0.131644209900373,0.868355790099627,2.54667782783508,1677171761.10858,0.351892748577516,0.648107251422484,0,0.220248538677143,-0.220248538677143,0.211221230742047,0.211221230742047,0.217262337083653,0.218458435786549
"sce_intra-sample_ro1-dlpfc.rda","ypb_inter-sample_ro1-dlpfc.rda","lindex_intra-sample_ro1-dlpfc.rda",73,1164,40,"music",NA,"counts_adj","glial;neuron","k2",0.123866267023798,0.876133732976202,2.36033391952515,1677171765.96199,0.351892748577516,0.648107251422484,2.77555756156289e-17,0.228026481553718,-0.228026481553718,0.211221230742047,0.211221230742047,0.217262337083653,0.218458435786549
"sce_intra-sample_ro1-dlpfc.rda","ypb_inter-sample_ro1-dlpfc.rda","lindex_intra-sample_ro1-dlpfc.rda",74,1164,40,"music",NA,"counts_adj","glial;neuron","k2",0.121886493929252,0.878113506070748,2.97209930419922,1677171765.59679,0.351892748577516,0.648107251422484,2.77555756156289e-17,0.230006254648264,-0.230006254648264,0.211221230742047,0.211221230742047,0.217262337083653,0.218458435786549
"sce_intra-sample_ro1-dlpfc.rda","ypb_inter-sample_ro1-dlpfc.rda","lindex_intra-sample_ro1-dlpfc.rda",82,1164,40,"music",NA,"counts_adj","glial;neuron","k2",0.147512809965725,0.852487190034275,2.55841541290283,1677171767.65755,0.351892748577516,0.648107251422484,4.16333634234434e-17,0.204379938611791,-0.204379938611791,0.211221230742047,0.211221230742047,0.217262337083653,0.218458435786549
"sce_intra-sample_ro1-dlpfc.rda","ypb_inter-sample_ro1-dlpfc.rda","lindex_intra-sample_ro1-dlpfc.rda",77,1164,40,"music",NA,"counts_adj","glial;neuron","k2",0.139881574633251,0.860118425366749,2.49556469917297,1677171770.57906,0.351892748577516,0.648107251422484,4.16333634234434e-17,0.212011173944265,-0.212011173944265,0.211221230742047,0.211221230742047,0.217262337083653,0.218458435786549
"sce_intra-sample_ro1-dlpfc.rda","ypb_inter-sample_ro1-dlpfc.rda","lindex_intra-sample_ro1-dlpfc.rda",80,1164,40,"music",NA,"counts_adj","glial;neuron","k2",0.127028961531961,0.872971038468039,2.53639388084412,1677171770.07531,0.351892748577516,0.648107251422484,1.38777878078145e-17,0.224863787045555,-0.224863787045555,0.211221230742047,0.211221230742047,0.217262337083653,0.218458435786549
"sce_intra-sample_ro1-dlpfc.rda","ypb_inter-sample_ro1-dlpfc.rda","lindex_intra-sample_ro1-dlpfc.rda",88,1164,40,"music",NA,"counts_adj","glial;neuron","k2",0.129242555057856,0.870757444942144,2.4988124370575,1677171771.01033,0.351892748577516,0.648107251422484,1.38777878078145e-17,0.22265019351966,-0.22265019351966,0.211221230742047,0.211221230742047,0.217262337083653,0.218458435786549
"sce_intra-sample_ro1-dlpfc.rda","ypb_inter-sample_ro1-dlpfc.rda","lindex_intra-sample_ro1-dlpfc.rda",84,1164,40,"music",NA,"counts_adj","glial;neuron","k2",0.126063259264853,0.873936740735147,2.60967469215393,1677171772.723,0.351892748577516,0.648107251422484,0,0.225829489312663,-0.225829489312663,0.211221230742047,0.211221230742047,0.217262337083653,0.218458435786549
"sce_intra-sample_ro1-dlpfc.rda","ypb_inter-sample_ro1-dlpfc.rda","lindex_intra-sample_ro1-dlpfc.rda",83,1164,40,"music",NA,"counts_adj","glial;neuron","k2",0.127750212866409,0.872249787133591,2.64363193511963,1677171773.1463,0.351892748577516,0.648107251422484,1.38777878078145e-17,0.224142535711107,-0.224142535711107,0.211221230742047,0.211221230742047,0.217262337083653,0.218458435786549
"sce_intra-sample_ro1-dlpfc.rda","ypb_inter-sample_ro1-dlpfc.rda","lindex_intra-sample_ro1-dlpfc.rda",85,1164,40,"music",NA,"counts_adj","glial;neuron","k2",0.14147410641419,0.85852589358581,2.51475715637207,1677171774.50742,0.351892748577516,0.648107251422484,2.77555756156289e-17,0.210418642163326,-0.210418642163326,0.211221230742047,0.211221230742047,0.217262337083653,0.218458435786549
"sce_intra-sample_ro1-dlpfc.rda","ypb_inter-sample_ro1-dlpfc.rda","lindex_intra-sample_ro1-dlpfc.rda",89,1164,40,"music",NA,"counts_adj","glial;neuron","k2",0.104960624286473,0.895039375713527,2.43951749801636,1677171775.31515,0.351892748577516,0.648107251422484,2.77555756156289e-17,0.246932124291043,-0.246932124291043,0.211221230742047,0.211221230742047,0.217262337083653,0.218458435786549
"sce_intra-sample_ro1-dlpfc.rda","ypb_inter-sample_ro1-dlpfc.rda","lindex_intra-sample_ro1-dlpfc.rda",87,1164,40,"music",NA,"counts_adj","glial;neuron","k2",0.12785674859472,0.87214325140528,2.6302695274353,1677171775.681,0.351892748577516,0.648107251422484,1.38777878078145e-17,0.224035999982796,-0.224035999982796,0.211221230742047,0.211221230742047,0.217262337083653,0.218458435786549
"sce_intra-sample_ro1-dlpfc.rda","ypb_inter-sample_ro1-dlpfc.rda","lindex_intra-sample_ro1-dlpfc.rda",86,1164,40,"music",NA,"counts_adj","glial;neuron","k2",0.147747626197445,0.852252373802555,2.84635782241821,1677171775.51929,0.351892748577516,0.648107251422484,1.38777878078145e-17,0.204145122380071,-0.204145122380071,0.211221230742047,0.211221230742047,0.217262337083653,0.218458435786549
"sce_intra-sample_ro1-dlpfc.rda","ypb_inter-sample_ro1-dlpfc.rda","lindex_intra-sample_ro1-dlpfc.rda",94,1164,40,"music",NA,"counts_adj","glial;neuron","k2",0.141424950150991,0.858575049849009,2.52256464958191,1677171780.2316,0.351892748577516,0.648107251422484,2.77555756156289e-17,0.210467798426525,-0.210467798426525,0.211221230742047,0.211221230742047,0.217262337083653,0.218458435786549
"sce_intra-sample_ro1-dlpfc.rda","ypb_inter-sample_ro1-dlpfc.rda","lindex_intra-sample_ro1-dlpfc.rda",90,1164,40,"music",NA,"counts_adj","glial;neuron","k2",0.133066854998111,0.866933145001889,2.4741837978363,1677171781.0039,0.351892748577516,0.648107251422484,2.77555756156289e-17,0.218825893579405,-0.218825893579405,0.211221230742047,0.211221230742047,0.217262337083653,0.218458435786549
"sce_intra-sample_ro1-dlpfc.rda","ypb_inter-sample_ro1-dlpfc.rda","lindex_intra-sample_ro1-dlpfc.rda",99,1164,40,"music",NA,"counts_adj","glial;neuron","k2",0.141393174130418,0.858606825869582,2.63008213043213,1677171782.8801,0.351892748577516,0.648107251422484,1.38777878078145e-17,0.210499574447098,-0.210499574447098,0.211221230742047,0.211221230742047,0.217262337083653,0.218458435786549
"sce_intra-sample_ro1-dlpfc.rda","ypb_inter-sample_ro1-dlpfc.rda","lindex_intra-sample_ro1-dlpfc.rda",91,1164,40,"music",NA,"counts_adj","glial;neuron","k2",0.13165979260448,0.86834020739552,2.58427476882935,1677171785.13415,0.351892748577516,0.648107251422484,4.16333634234434e-17,0.220232955973036,-0.220232955973036,0.211221230742047,0.211221230742047,0.217262337083653,0.218458435786549
"sce_intra-sample_ro1-dlpfc.rda","ypb_inter-sample_ro1-dlpfc.rda","lindex_intra-sample_ro1-dlpfc.rda",96,1164,40,"music",NA,"counts_adj","glial;neuron","k2",0.126517782900181,0.873482217099819,2.5688362121582,1677171785.23191,0.351892748577516,0.648107251422484,2.77555756156289e-17,0.225374965677335,-0.225374965677335,0.211221230742047,0.211221230742047,0.217262337083653,0.218458435786549
"sce_intra-sample_ro1-dlpfc.rda","ypb_inter-sample_ro1-dlpfc.rda","lindex_intra-sample_ro1-dlpfc.rda",98,1164,40,"music",NA,"counts_adj","glial;neuron","k2",0.118720178315021,0.881279821684979,2.80005431175232,1677171785.61893,0.351892748577516,0.648107251422484,2.77555756156289e-17,0.233172570262495,-0.233172570262495,0.211221230742047,0.211221230742047,0.217262337083653,0.218458435786549
"sce_intra-sample_ro1-dlpfc.rda","ypb_inter-sample_ro1-dlpfc.rda","lindex_intra-sample_ro1-dlpfc.rda",95,1164,40,"music",NA,"counts_adj","glial;neuron","k2",0.130162662755005,0.869837337244995,2.59635472297668,1677171788.07233,0.351892748577516,0.648107251422484,2.77555756156289e-17,0.221730085822511,-0.221730085822511,0.211221230742047,0.211221230742047,0.217262337083653,0.218458435786549
"sce_intra-sample_ro1-dlpfc.rda","ypb_inter-sample_ro1-dlpfc.rda","lindex_intra-sample_ro1-dlpfc.rda",97,1164,40,"music",NA,"counts_adj","glial;neuron","k2",0.126768723783657,0.873231276216343,2.83847332000732,1677171787.53833,0.351892748577516,0.648107251422484,2.77555756156289e-17,0.225124024793859,-0.225124024793859,0.211221230742047,0.211221230742047,0.217262337083653,0.218458435786549
"sce_intra-sample_ro1-dlpfc.rda","ypb_inter-sample_ro1-dlpfc.rda","lindex_intra-sample_ro1-dlpfc.rda",92,1164,40,"music",NA,"counts_adj","glial;neuron","k2",0.112460256586686,0.887539743413314,2.63742184638977,1677171789.18775,0.351892748577516,0.648107251422484,2.77555756156289e-17,0.23943249199083,-0.23943249199083,0.211221230742047,0.211221230742047,0.217262337083653,0.218458435786549
"sce_intra-sample_ro1-dlpfc.rda","ypb_inter-sample_ro1-dlpfc.rda","lindex_intra-sample_ro1-dlpfc.rda",93,1164,40,"music",NA,"counts_adj","glial;neuron","k2",0.16578119329395,0.83421880670605,2.75370073318481,1677171790.28553,0.351892748577516,0.648107251422484,4.16333634234434e-17,0.186111555283566,-0.186111555283566,0.211221230742047,0.211221230742047,0.217262337083653,0.218458435786549
"sce_intra-sample_ro1-dlpfc.rda","ypb_inter-sample_ro1-dlpfc.rda","lindex_intra-sample_ro1-dlpfc.rda",100,1164,40,"music",NA,"counts_adj","glial;neuron","k2",0.125563797491726,0.874436202508274,2.68279480934143,1677171790.76627,0.351892748577516,0.648107251422484,1.38777878078145e-17,0.22632895108579,-0.22632895108579,0.211221230742047,0.211221230742047,0.217262337083653,0.218458435786549
