"sce_filepath","bulk_filepath","mi_filepath","iterations_index","deconvolution_method","method_arguments","assay_name","type_labels","celltype_variable","prop.pred.type1","prop.pred.type2","time.run.sec","timestamp","prop.true.type1","prop.true.type2","rmse.types","bias.type1","bias.type2","rmse.type1","rmse.type2","rmse.nnls","rmse.music"
"sce_largest-donor.rda","ypb_intra.rda","mindex_intra.rda",10,"nnls",NA,"counts_adj","neuron;glial","k2",0.770527672198384,0.229472327801616,0.0372567176818848,1676931966.53461,0.751074806534824,0.248925193465176,1.38777878078145e-17,-0.0194528656635603,0.0194528656635603,0.0194528656635601,0.01945286566356,0.0131305501809918,0.00968388688601384
"sce_largest-donor.rda","ypb_intra.rda","mindex_intra.rda",3,"nnls",NA,"counts_adj","neuron;glial","k2",0.757006647378741,0.242993352621259,0.0404891967773438,1676931966.54383,0.751074806534824,0.248925193465176,1.38777878078145e-17,-0.00593184084391729,0.00593184084391726,0.0194528656635601,0.01945286566356,0.0131305501809918,0.00968388688601384
"sce_largest-donor.rda","ypb_intra.rda","mindex_intra.rda",2,"nnls",NA,"counts_adj","neuron;glial","k2",0.752272777979516,0.247727222020483,0.0526793003082275,1676931966.93566,0.751074806534824,0.248925193465176,5.13478148889135e-16,-0.00119797144469225,0.00119797144469327,0.0194528656635601,0.01945286566356,0.0131305501809918,0.00968388688601384
"sce_largest-donor.rda","ypb_intra.rda","mindex_intra.rda",5,"nnls",NA,"counts_adj","neuron;glial","k2",0.722721215550289,0.277278784449711,0.0545585155487061,1676931967.24817,0.751074806534824,0.248925193465176,0,0.0283535909845347,-0.0283535909845347,0.0194528656635601,0.01945286566356,0.0131305501809918,0.00968388688601384
"sce_largest-donor.rda","ypb_intra.rda","mindex_intra.rda",11,"nnls",NA,"counts_adj","neuron;glial","k2",0.75730204239012,0.24269795760988,0.0517466068267822,1676931968.25138,0.751074806534824,0.248925193465176,0,-0.00622723585529628,0.00622723585529628,0.0194528656635601,0.01945286566356,0.0131305501809918,0.00968388688601384
"sce_largest-donor.rda","ypb_intra.rda","mindex_intra.rda",7,"nnls",NA,"counts_adj","neuron;glial","k2",0.747405655123968,0.252594344876032,0.0489785671234131,1676931968.28774,0.751074806534824,0.248925193465176,2.77555756156289e-17,0.00366915141085578,-0.00366915141085572,0.0194528656635601,0.01945286566356,0.0131305501809918,0.00968388688601384
"sce_largest-donor.rda","ypb_intra.rda","mindex_intra.rda",6,"nnls",NA,"counts_adj","neuron;glial","k2",0.755280436605838,0.244719563394162,0.0447392463684082,1676931968.44784,0.751074806534824,0.248925193465176,0,-0.00420563007101427,0.00420563007101427,0.0194528656635601,0.01945286566356,0.0131305501809918,0.00968388688601384
"sce_largest-donor.rda","ypb_intra.rda","mindex_intra.rda",1,"nnls",NA,"counts_adj","neuron;glial","k2",0.754842771250691,0.245157228749309,0.120300054550171,1676931968.55124,0.751074806534824,0.248925193465176,0,-0.00376796471586727,0.00376796471586727,0.0194528656635601,0.01945286566356,0.0131305501809918,0.00968388688601384
"sce_largest-donor.rda","ypb_intra.rda","mindex_intra.rda",8,"nnls",NA,"counts_adj","neuron;glial","k2",0.756289005161191,0.243710994838809,0.0389080047607422,1676931970.93652,0.751074806534824,0.248925193465176,1.38777878078145e-17,-0.00521419862636729,0.00521419862636727,0.0194528656635601,0.01945286566356,0.0131305501809918,0.00968388688601384
"sce_largest-donor.rda","ypb_intra.rda","mindex_intra.rda",4,"nnls",NA,"counts_adj","neuron;glial","k2",0.714179329742128,0.285820670257872,0.0509562492370605,1676931971.0495,0.751074806534824,0.248925193465176,2.77555756156289e-17,0.0368954767926957,-0.0368954767926957,0.0194528656635601,0.01945286566356,0.0131305501809918,0.00968388688601384
"sce_largest-donor.rda","ypb_intra.rda","mindex_intra.rda",9,"nnls",NA,"counts_adj","neuron;glial","k2",0.770211535956321,0.229788464043679,0.0519909858703613,1676931971.22671,0.751074806534824,0.248925193465176,1.38777878078145e-17,-0.0191367294214972,0.0191367294214973,0.0194528656635601,0.01945286566356,0.0131305501809918,0.00968388688601384
"sce_largest-donor.rda","ypb_intra.rda","mindex_intra.rda",12,"nnls",NA,"counts_adj","neuron;glial","k2",0.741753925600548,0.258246074399452,0.0540220737457275,1676931971.22486,0.751074806534824,0.248925193465176,0,0.00932088093427574,-0.00932088093427574,0.0194528656635601,0.01945286566356,0.0131305501809918,0.00968388688601384
"sce_largest-donor.rda","ypb_intra.rda","mindex_intra.rda",15,"nnls",NA,"counts_adj","neuron;glial","k2",0.740945614558508,0.259054385441492,0.0520665645599365,1676931982.80732,0.751074806534824,0.248925193465176,2.77555756156289e-17,0.0101291919763157,-0.0101291919763157,0.0194528656635601,0.01945286566356,0.0131305501809918,0.00968388688601384
"sce_largest-donor.rda","ypb_intra.rda","mindex_intra.rda",14,"nnls",NA,"counts_adj","neuron;glial","k2",0.728605928803275,0.271394071196725,0.0701136589050293,1676931983.00728,0.751074806534824,0.248925193465176,0,0.0224688777315487,-0.0224688777315487,0.0194528656635601,0.01945286566356,0.0131305501809918,0.00968388688601384
"sce_largest-donor.rda","ypb_intra.rda","mindex_intra.rda",13,"nnls",NA,"counts_adj","neuron;glial","k2",0.757893882326869,0.242106117673131,0.0679652690887451,1676931984.02855,0.751074806534824,0.248925193465176,2.77555756156289e-17,-0.00681907579204533,0.00681907579204527,0.0194528656635601,0.01945286566356,0.0131305501809918,0.00968388688601384
"sce_largest-donor.rda","ypb_intra.rda","mindex_intra.rda",19,"nnls",NA,"counts_adj","neuron;glial","k2",0.749489724657624,0.250510275342376,0.110780954360962,1676931984.29089,0.751074806534824,0.248925193465176,0,0.00158508187719975,-0.00158508187719975,0.0194528656635601,0.01945286566356,0.0131305501809918,0.00968388688601384
"sce_largest-donor.rda","ypb_intra.rda","mindex_intra.rda",20,"nnls",NA,"counts_adj","neuron;glial","k2",0.754995317045923,0.245004682954077,0.059650182723999,1676931984.54066,0.751074806534824,0.248925193465176,2.77555756156289e-17,-0.00392051051109932,0.00392051051109926,0.0194528656635601,0.01945286566356,0.0131305501809918,0.00968388688601384
"sce_largest-donor.rda","ypb_intra.rda","mindex_intra.rda",18,"nnls",NA,"counts_adj","neuron;glial","k2",0.76511832554985,0.23488167445015,0.0509798526763916,1676931984.58917,0.751074806534824,0.248925193465176,2.77555756156289e-17,-0.0140435190150263,0.0140435190150263,0.0194528656635601,0.01945286566356,0.0131305501809918,0.00968388688601384
"sce_largest-donor.rda","ypb_intra.rda","mindex_intra.rda",17,"nnls",NA,"counts_adj","neuron;glial","k2",0.744824690810386,0.255175309189614,0.0824151039123535,1676931984.68945,0.751074806534824,0.248925193465176,2.77555756156289e-17,0.00625011572443768,-0.00625011572443773,0.0194528656635601,0.01945286566356,0.0131305501809918,0.00968388688601384
"sce_largest-donor.rda","ypb_intra.rda","mindex_intra.rda",16,"nnls",NA,"counts_adj","neuron;glial","k2",0.754781559557165,0.245218440442835,0.0540807247161865,1676931987.29872,0.751074806534824,0.248925193465176,1.38777878078145e-17,-0.00370675302234125,0.00370675302234127,0.0194528656635601,0.01945286566356,0.0131305501809918,0.00968388688601384
"sce_largest-donor.rda","ypb_intra.rda","mindex_intra.rda",22,"nnls",NA,"counts_adj","neuron;glial","k2",0.734756951472961,0.265243048527039,0.0502572059631348,1676931985.68508,0.751074806534824,0.248925193465176,2.77555756156289e-17,0.0163178550618627,-0.0163178550618627,0.0194528656635601,0.01945286566356,0.0131305501809918,0.00968388688601384
"sce_largest-donor.rda","ypb_intra.rda","mindex_intra.rda",21,"nnls",NA,"counts_adj","neuron;glial","k2",0.763522295061155,0.236477704938845,0.0428085327148438,1676931987.47034,0.751074806534824,0.248925193465176,0,-0.0124474885263313,0.0124474885263313,0.0194528656635601,0.01945286566356,0.0131305501809918,0.00968388688601384
"sce_largest-donor.rda","ypb_intra.rda","mindex_intra.rda",24,"nnls",NA,"counts_adj","neuron;glial","k2",0.741225745661173,0.258774254338827,0.0450389385223389,1676931988.78054,0.751074806534824,0.248925193465176,2.77555756156289e-17,0.00984906087365067,-0.00984906087365073,0.0194528656635601,0.01945286566356,0.0131305501809918,0.00968388688601384
"sce_largest-donor.rda","ypb_intra.rda","mindex_intra.rda",23,"nnls",NA,"counts_adj","neuron;glial","k2",0.740626557878707,0.259373442121293,0.0368895530700684,1676931988.95501,0.751074806534824,0.248925193465176,0,0.0104482486561167,-0.0104482486561167,0.0194528656635601,0.01945286566356,0.0131305501809918,0.00968388688601384
"sce_largest-donor.rda","ypb_intra.rda","mindex_intra.rda",26,"nnls",NA,"counts_adj","neuron;glial","k2",0.738055376208151,0.261944623791849,0.0487737655639648,1676931998.58003,0.751074806534824,0.248925193465176,0,0.0130194303266727,-0.0130194303266727,0.0194528656635601,0.01945286566356,0.0131305501809918,0.00968388688601384
"sce_largest-donor.rda","ypb_intra.rda","mindex_intra.rda",25,"nnls",NA,"counts_adj","neuron;glial","k2",0.74237920700366,0.25762079299634,0.0421779155731201,1676931998.76322,0.751074806534824,0.248925193465176,0,0.00869559953116372,-0.00869559953116372,0.0194528656635601,0.01945286566356,0.0131305501809918,0.00968388688601384
"sce_largest-donor.rda","ypb_intra.rda","mindex_intra.rda",27,"nnls",NA,"counts_adj","neuron;glial","k2",0.729185229208721,0.270814770791279,0.0450990200042725,1676931999.76904,0.751074806534824,0.248925193465176,0,0.0218895773261027,-0.0218895773261027,0.0194528656635601,0.01945286566356,0.0131305501809918,0.00968388688601384
"sce_largest-donor.rda","ypb_intra.rda","mindex_intra.rda",31,"nnls",NA,"counts_adj","neuron;glial","k2",0.732221192299806,0.267778807700194,0.0440785884857178,1676932000.21435,0.751074806534824,0.248925193465176,0,0.0188536142350177,-0.0188536142350177,0.0194528656635601,0.01945286566356,0.0131305501809918,0.00968388688601384
"sce_largest-donor.rda","ypb_intra.rda","mindex_intra.rda",28,"nnls",NA,"counts_adj","neuron;glial","k2",0.747272238653902,0.252727761346098,0.0401194095611572,1676932000.35446,0.751074806534824,0.248925193465176,0,0.0038025678809217,-0.0038025678809217,0.0194528656635601,0.01945286566356,0.0131305501809918,0.00968388688601384
"sce_largest-donor.rda","ypb_intra.rda","mindex_intra.rda",29,"nnls",NA,"counts_adj","neuron;glial","k2",0.737987098072103,0.262012901927896,0.0450096130371094,1676932001.519,0.751074806534824,0.248925193465176,4.71844785465692e-16,0.0130877084627207,-0.0130877084627197,0.0194528656635601,0.01945286566356,0.0131305501809918,0.00968388688601384
"sce_largest-donor.rda","ypb_intra.rda","mindex_intra.rda",30,"nnls",NA,"counts_adj","neuron;glial","k2",0.725547051752633,0.274452948247367,0.191309452056885,1676932001.62851,0.751074806534824,0.248925193465176,0,0.0255277547821907,-0.0255277547821907,0.0194528656635601,0.01945286566356,0.0131305501809918,0.00968388688601384
"sce_largest-donor.rda","ypb_intra.rda","mindex_intra.rda",32,"nnls",NA,"counts_adj","neuron;glial","k2",0.760452654183215,0.239547345816785,0.0466339588165283,1676932002.90294,0.751074806534824,0.248925193465176,2.77555756156289e-17,-0.00937784764839122,0.00937784764839128,0.0194528656635601,0.01945286566356,0.0131305501809918,0.00968388688601384
"sce_largest-donor.rda","ypb_intra.rda","mindex_intra.rda",34,"nnls",NA,"counts_adj","neuron;glial","k2",0.739763145510819,0.260236854489181,0.0595889091491699,1676932003.02288,0.751074806534824,0.248925193465176,0,0.0113116610240047,-0.0113116610240047,0.0194528656635601,0.01945286566356,0.0131305501809918,0.00968388688601384
"sce_largest-donor.rda","ypb_intra.rda","mindex_intra.rda",33,"nnls",NA,"counts_adj","neuron;glial","k2",0.764481519028893,0.235518480971107,0.0557966232299805,1676932003.81439,0.751074806534824,0.248925193465176,2.77555756156289e-17,-0.0134067124940693,0.0134067124940693,0.0194528656635601,0.01945286566356,0.0131305501809918,0.00968388688601384
"sce_largest-donor.rda","ypb_intra.rda","mindex_intra.rda",35,"nnls",NA,"counts_adj","neuron;glial","k2",0.744326944759339,0.255673055240661,0.0452477931976318,1676932004.45935,0.751074806534824,0.248925193465176,0,0.0067478617754847,-0.0067478617754847,0.0194528656635601,0.01945286566356,0.0131305501809918,0.00968388688601384
"sce_largest-donor.rda","ypb_intra.rda","mindex_intra.rda",37,"nnls",NA,"counts_adj","neuron;glial","k2",0.724318346870844,0.275681653129156,0.0441591739654541,1676932005.61123,0.751074806534824,0.248925193465176,2.77555756156289e-17,0.0267564596639798,-0.0267564596639797,0.0194528656635601,0.01945286566356,0.0131305501809918,0.00968388688601384
"sce_largest-donor.rda","ypb_intra.rda","mindex_intra.rda",36,"nnls",NA,"counts_adj","neuron;glial","k2",0.722195642331338,0.277804357668662,0.0497560501098633,1676932014.91391,0.751074806534824,0.248925193465176,2.77555756156289e-17,0.0288791642034857,-0.0288791642034857,0.0194528656635601,0.01945286566356,0.0131305501809918,0.00968388688601384
"sce_largest-donor.rda","ypb_intra.rda","mindex_intra.rda",38,"nnls",NA,"counts_adj","neuron;glial","k2",0.764190141929657,0.235809858070343,0.0524506568908691,1676932015.35608,0.751074806534824,0.248925193465176,2.77555756156289e-17,-0.0131153353948332,0.0131153353948333,0.0194528656635601,0.01945286566356,0.0131305501809918,0.00968388688601384
"sce_largest-donor.rda","ypb_intra.rda","mindex_intra.rda",39,"nnls",NA,"counts_adj","neuron;glial","k2",0.740785918473278,0.259214081526722,0.0486361980438232,1676932015.69143,0.751074806534824,0.248925193465176,0,0.0102888880615457,-0.0102888880615457,0.0194528656635601,0.01945286566356,0.0131305501809918,0.00968388688601384
"sce_largest-donor.rda","ypb_intra.rda","mindex_intra.rda",41,"nnls",NA,"counts_adj","neuron;glial","k2",0.75790008800895,0.24209991199105,0.0406863689422607,1676932017.05795,0.751074806534824,0.248925193465176,1.38777878078145e-17,-0.00682528147412631,0.00682528147412628,0.0194528656635601,0.01945286566356,0.0131305501809918,0.00968388688601384
"sce_largest-donor.rda","ypb_intra.rda","mindex_intra.rda",40,"nnls",NA,"counts_adj","neuron;glial","k2",0.740563402712239,0.259436597287761,0.0436379909515381,1676932017.13005,0.751074806534824,0.248925193465176,2.77555756156289e-17,0.0105114038225848,-0.0105114038225847,0.0194528656635601,0.01945286566356,0.0131305501809918,0.00968388688601384
"sce_largest-donor.rda","ypb_intra.rda","mindex_intra.rda",43,"nnls",NA,"counts_adj","neuron;glial","k2",0.725482426737575,0.274517573262425,0.0490455627441406,1676932018.0774,0.751074806534824,0.248925193465176,0,0.0255923797972487,-0.0255923797972487,0.0194528656635601,0.01945286566356,0.0131305501809918,0.00968388688601384
"sce_largest-donor.rda","ypb_intra.rda","mindex_intra.rda",42,"nnls",NA,"counts_adj","neuron;glial","k2",0.750983150765121,0.249016849234879,0.0380454063415527,1676932018.99795,0.751074806534824,0.248925193465176,0,9.16557697027143e-05,-9.16557697027143e-05,0.0194528656635601,0.01945286566356,0.0131305501809918,0.00968388688601384
"sce_largest-donor.rda","ypb_intra.rda","mindex_intra.rda",44,"nnls",NA,"counts_adj","neuron;glial","k2",0.73199325420145,0.26800674579855,0.0472896099090576,1676932021.23298,0.751074806534824,0.248925193465176,0,0.0190815523333737,-0.0190815523333737,0.0194528656635601,0.01945286566356,0.0131305501809918,0.00968388688601384
"sce_largest-donor.rda","ypb_intra.rda","mindex_intra.rda",47,"nnls",NA,"counts_adj","neuron;glial","k2",0.74816142288975,0.25183857711025,0.0431256294250488,1676932021.39769,0.751074806534824,0.248925193465176,2.77555756156289e-17,0.00291338364507376,-0.00291338364507371,0.0194528656635601,0.01945286566356,0.0131305501809918,0.00968388688601384
"sce_largest-donor.rda","ypb_intra.rda","mindex_intra.rda",45,"nnls",NA,"counts_adj","neuron;glial","k2",0.748006823742373,0.251993176257627,0.0524847507476807,1676932021.82088,0.751074806534824,0.248925193465176,2.77555756156289e-17,0.00306798279245069,-0.00306798279245074,0.0194528656635601,0.01945286566356,0.0131305501809918,0.00968388688601384
"sce_largest-donor.rda","ypb_intra.rda","mindex_intra.rda",46,"nnls",NA,"counts_adj","neuron;glial","k2",0.749901329703913,0.250098670296088,0.0755889415740967,1676932022.11463,0.751074806534824,0.248925193465176,4.9960036108132e-16,0.00117347683091074,-0.00117347683091173,0.0194528656635601,0.01945286566356,0.0131305501809918,0.00968388688601384
"sce_largest-donor.rda","ypb_intra.rda","mindex_intra.rda",51,"nnls",NA,"counts_adj","neuron;glial","k2",0.757531576047336,0.242468423952665,0.0570769309997559,1676932022.85511,0.751074806534824,0.248925193465176,4.9960036108132e-16,-0.00645676951251228,0.00645676951251128,0.0194528656635601,0.01945286566356,0.0131305501809918,0.00968388688601384
"sce_largest-donor.rda","ypb_intra.rda","mindex_intra.rda",49,"nnls",NA,"counts_adj","neuron;glial","k2",0.759793099894997,0.240206900105003,0.0497722625732422,1676932032.19777,0.751074806534824,0.248925193465176,0,-0.00871829336017327,0.00871829336017327,0.0194528656635601,0.01945286566356,0.0131305501809918,0.00968388688601384
"sce_largest-donor.rda","ypb_intra.rda","mindex_intra.rda",48,"nnls",NA,"counts_adj","neuron;glial","k2",0.713342855841444,0.286657144158556,0.0505850315093994,1676932031.22612,0.751074806534824,0.248925193465176,2.77555756156289e-17,0.0377319506933798,-0.0377319506933797,0.0194528656635601,0.01945286566356,0.0131305501809918,0.00968388688601384
"sce_largest-donor.rda","ypb_intra.rda","mindex_intra.rda",50,"nnls",NA,"counts_adj","neuron;glial","k2",0.745927142437489,0.254072857562511,0.0416653156280518,1676932032.6743,0.751074806534824,0.248925193465176,2.77555756156289e-17,0.00514766409733469,-0.00514766409733475,0.0194528656635601,0.01945286566356,0.0131305501809918,0.00968388688601384
"sce_largest-donor.rda","ypb_intra.rda","mindex_intra.rda",53,"nnls",NA,"counts_adj","neuron;glial","k2",0.763287453957964,0.236712546042036,0.0408508777618408,1676932033.84561,0.751074806534824,0.248925193465176,2.77555756156289e-17,-0.0122126474231403,0.0122126474231403,0.0194528656635601,0.01945286566356,0.0131305501809918,0.00968388688601384
"sce_largest-donor.rda","ypb_intra.rda","mindex_intra.rda",55,"nnls",NA,"counts_adj","neuron;glial","k2",0.761891897624415,0.238108102375585,0.0407843589782715,1676932033.86867,0.751074806534824,0.248925193465176,0,-0.0108170910895913,0.0108170910895913,0.0194528656635601,0.01945286566356,0.0131305501809918,0.00968388688601384
"sce_largest-donor.rda","ypb_intra.rda","mindex_intra.rda",56,"nnls",NA,"counts_adj","neuron;glial","k2",0.747755413961843,0.252244586038157,0.0616624355316162,1676932033.02301,0.751074806534824,0.248925193465176,0,0.00331939257298075,-0.00331939257298075,0.0194528656635601,0.01945286566356,0.0131305501809918,0.00968388688601384
"sce_largest-donor.rda","ypb_intra.rda","mindex_intra.rda",52,"nnls",NA,"counts_adj","neuron;glial","k2",0.747432209473585,0.252567790526415,0.0448675155639648,1676932035.3173,0.751074806534824,0.248925193465176,0,0.00364259706123871,-0.00364259706123871,0.0194528656635601,0.01945286566356,0.0131305501809918,0.00968388688601384
"sce_largest-donor.rda","ypb_intra.rda","mindex_intra.rda",60,"nnls",NA,"counts_adj","neuron;glial","k2",0.73945846995834,0.26054153004166,0.051830530166626,1676932037.41992,0.751074806534824,0.248925193465176,2.77555756156289e-17,0.0116163365764838,-0.0116163365764837,0.0194528656635601,0.01945286566356,0.0131305501809918,0.00968388688601384
"sce_largest-donor.rda","ypb_intra.rda","mindex_intra.rda",54,"nnls",NA,"counts_adj","neuron;glial","k2",0.717084507177317,0.282915492822683,0.0604610443115234,1676932037.45709,0.751074806534824,0.248925193465176,0,0.0339902993575067,-0.0339902993575067,0.0194528656635601,0.01945286566356,0.0131305501809918,0.00968388688601384
"sce_largest-donor.rda","ypb_intra.rda","mindex_intra.rda",58,"nnls",NA,"counts_adj","neuron;glial","k2",0.75567292093857,0.24432707906143,0.0500621795654297,1676932038.78494,0.751074806534824,0.248925193465176,1.38777878078145e-17,-0.00459811440374625,0.00459811440374627,0.0194528656635601,0.01945286566356,0.0131305501809918,0.00968388688601384
"sce_largest-donor.rda","ypb_intra.rda","mindex_intra.rda",65,"nnls",NA,"counts_adj","neuron;glial","k2",0.753770555411958,0.246229444588042,0.0466539859771729,1676932038.86085,0.751074806534824,0.248925193465176,1.38777878078145e-17,-0.00269574887713431,0.00269574887713428,0.0194528656635601,0.01945286566356,0.0131305501809918,0.00968388688601384
"sce_largest-donor.rda","ypb_intra.rda","mindex_intra.rda",57,"nnls",NA,"counts_adj","neuron;glial","k2",0.754267667097442,0.245732332902558,0.0436372756958008,1676932039.53918,0.751074806534824,0.248925193465176,1.38777878078145e-17,-0.00319286056261825,0.00319286056261828,0.0194528656635601,0.01945286566356,0.0131305501809918,0.00968388688601384
"sce_largest-donor.rda","ypb_intra.rda","mindex_intra.rda",62,"nnls",NA,"counts_adj","neuron;glial","k2",0.751372759357412,0.248627240642588,0.0478813648223877,1676932048.39932,0.751074806534824,0.248925193465176,0,-0.000297952822588265,0.000297952822588265,0.0194528656635601,0.01945286566356,0.0131305501809918,0.00968388688601384
"sce_largest-donor.rda","ypb_intra.rda","mindex_intra.rda",61,"nnls",NA,"counts_adj","neuron;glial","k2",0.746060353535355,0.253939646464645,0.0528881549835205,1676932047.94991,0.751074806534824,0.248925193465176,2.77555756156289e-17,0.00501445299946868,-0.00501445299946873,0.0194528656635601,0.01945286566356,0.0131305501809918,0.00968388688601384
"sce_largest-donor.rda","ypb_intra.rda","mindex_intra.rda",66,"nnls",NA,"counts_adj","neuron;glial","k2",0.758132927045246,0.241867072954754,0.0657248497009277,1676932049.10639,0.751074806534824,0.248925193465176,1.38777878078145e-17,-0.00705812051042232,0.00705812051042229,0.0194528656635601,0.01945286566356,0.0131305501809918,0.00968388688601384
"sce_largest-donor.rda","ypb_intra.rda","mindex_intra.rda",59,"nnls",NA,"counts_adj","neuron;glial","k2",0.756320223258234,0.243679776741766,0.0440299510955811,1676932048.85836,0.751074806534824,0.248925193465176,0,-0.00524541672341028,0.00524541672341028,0.0194528656635601,0.01945286566356,0.0131305501809918,0.00968388688601384
"sce_largest-donor.rda","ypb_intra.rda","mindex_intra.rda",63,"nnls",NA,"counts_adj","neuron;glial","k2",0.737229048066045,0.262770951933955,0.0468173027038574,1676932050.4325,0.751074806534824,0.248925193465176,2.77555756156289e-17,0.0138457584687788,-0.0138457584687787,0.0194528656635601,0.01945286566356,0.0131305501809918,0.00968388688601384
"sce_largest-donor.rda","ypb_intra.rda","mindex_intra.rda",64,"nnls",NA,"counts_adj","neuron;glial","k2",0.755131032100468,0.244868967899532,0.0395472049713135,1676932051.37427,0.751074806534824,0.248925193465176,2.77555756156289e-17,-0.00405622556564422,0.00405622556564428,0.0194528656635601,0.01945286566356,0.0131305501809918,0.00968388688601384
"sce_largest-donor.rda","ypb_intra.rda","mindex_intra.rda",69,"nnls",NA,"counts_adj","neuron;glial","k2",0.748810402558357,0.251189597441643,0.0401566028594971,1676932052.39477,0.751074806534824,0.248925193465176,2.77555756156289e-17,0.00226440397646677,-0.00226440397646671,0.0194528656635601,0.01945286566356,0.0131305501809918,0.00968388688601384
"sce_largest-donor.rda","ypb_intra.rda","mindex_intra.rda",71,"nnls",NA,"counts_adj","neuron;glial","k2",0.75436508452961,0.24563491547039,0.0493881702423096,1676932053.51124,0.751074806534824,0.248925193465176,1.38777878078145e-17,-0.00329027799478632,0.00329027799478629,0.0194528656635601,0.01945286566356,0.0131305501809918,0.00968388688601384
"sce_largest-donor.rda","ypb_intra.rda","mindex_intra.rda",67,"nnls",NA,"counts_adj","neuron;glial","k2",0.744834208982236,0.255165791017763,0.0486032962799072,1676932053.67588,0.751074806534824,0.248925193465176,5.27355936696949e-16,0.00624059755258777,-0.00624059755258671,0.0194528656635601,0.01945286566356,0.0131305501809918,0.00968388688601384
"sce_largest-donor.rda","ypb_intra.rda","mindex_intra.rda",70,"nnls",NA,"counts_adj","neuron;glial","k2",0.747453219358239,0.252546780641761,0.0439078807830811,1676932054.8356,0.751074806534824,0.248925193465176,2.77555756156289e-17,0.00362158717658467,-0.00362158717658473,0.0194528656635601,0.01945286566356,0.0131305501809918,0.00968388688601384
"sce_largest-donor.rda","ypb_intra.rda","mindex_intra.rda",75,"nnls",NA,"counts_adj","neuron;glial","k2",0.745503624625368,0.254496375374632,0.0435554981231689,1676932056.47497,0.751074806534824,0.248925193465176,0,0.00557118190945571,-0.00557118190945571,0.0194528656635601,0.01945286566356,0.0131305501809918,0.00968388688601384
"sce_largest-donor.rda","ypb_intra.rda","mindex_intra.rda",72,"nnls",NA,"counts_adj","neuron;glial","k2",0.762909554864805,0.237090445135194,0.0563313961029053,1676932054.65396,0.751074806534824,0.248925193465176,4.71844785465692e-16,-0.0118347483299813,0.0118347483299823,0.0194528656635601,0.01945286566356,0.0131305501809918,0.00968388688601384
"sce_largest-donor.rda","ypb_intra.rda","mindex_intra.rda",68,"nnls",NA,"counts_adj","neuron;glial","k2",0.759494410180439,0.240505589819561,0.0439114570617676,1676932063.74221,0.751074806534824,0.248925193465176,2.77555756156289e-17,-0.00841960364561523,0.00841960364561528,0.0194528656635601,0.01945286566356,0.0131305501809918,0.00968388688601384
"sce_largest-donor.rda","ypb_intra.rda","mindex_intra.rda",73,"nnls",NA,"counts_adj","neuron;glial","k2",0.754000345674565,0.245999654325435,0.044417142868042,1676932064.3672,0.751074806534824,0.248925193465176,1.38777878078145e-17,-0.00292553913974125,0.00292553913974128,0.0194528656635601,0.01945286566356,0.0131305501809918,0.00968388688601384
"sce_largest-donor.rda","ypb_intra.rda","mindex_intra.rda",77,"nnls",NA,"counts_adj","neuron;glial","k2",0.754397961053057,0.245602038946943,0.0440568923950195,1676932066.33579,0.751074806534824,0.248925193465176,0,-0.00332315451823328,0.00332315451823328,0.0194528656635601,0.01945286566356,0.0131305501809918,0.00968388688601384
"sce_largest-donor.rda","ypb_intra.rda","mindex_intra.rda",76,"nnls",NA,"counts_adj","neuron;glial","k2",0.742223645366681,0.257776354633319,0.0420618057250977,1676932064.6103,0.751074806534824,0.248925193465176,2.77555756156289e-17,0.00885116116814277,-0.00885116116814272,0.0194528656635601,0.01945286566356,0.0131305501809918,0.00968388688601384
"sce_largest-donor.rda","ypb_intra.rda","mindex_intra.rda",74,"nnls",NA,"counts_adj","neuron;glial","k2",0.732838687199869,0.267161312800131,0.040351390838623,1676932066.36386,0.751074806534824,0.248925193465176,0,0.0182361193349547,-0.0182361193349547,0.0194528656635601,0.01945286566356,0.0131305501809918,0.00968388688601384
"sce_largest-donor.rda","ypb_intra.rda","mindex_intra.rda",78,"nnls",NA,"counts_adj","neuron;glial","k2",0.74486392484151,0.25513607515849,0.0516817569732666,1676932067.50435,0.751074806534824,0.248925193465176,0,0.00621088169331374,-0.00621088169331374,0.0194528656635601,0.01945286566356,0.0131305501809918,0.00968388688601384
"sce_largest-donor.rda","ypb_intra.rda","mindex_intra.rda",79,"nnls",NA,"counts_adj","neuron;glial","k2",0.759804224139966,0.240195775860034,0.0433104038238525,1676932068.9921,0.751074806534824,0.248925193465176,2.77555756156289e-17,-0.00872941760514223,0.00872941760514229,0.0194528656635601,0.01945286566356,0.0131305501809918,0.00968388688601384
"sce_largest-donor.rda","ypb_intra.rda","mindex_intra.rda",82,"nnls",NA,"counts_adj","neuron;glial","k2",0.757130533078207,0.242869466921793,0.0454246997833252,1676932069.56156,0.751074806534824,0.248925193465176,0,-0.00605572654338327,0.00605572654338327,0.0194528656635601,0.01945286566356,0.0131305501809918,0.00968388688601384
"sce_largest-donor.rda","ypb_intra.rda","mindex_intra.rda",81,"nnls",NA,"counts_adj","neuron;glial","k2",0.739416618283931,0.260583381716069,0.0494999885559082,1676932069.99436,0.751074806534824,0.248925193465176,0,0.0116581882508927,-0.0116581882508927,0.0194528656635601,0.01945286566356,0.0131305501809918,0.00968388688601384
"sce_largest-donor.rda","ypb_intra.rda","mindex_intra.rda",83,"nnls",NA,"counts_adj","neuron;glial","k2",0.757827628692524,0.242172371307476,0.048513650894165,1676932070.88976,0.751074806534824,0.248925193465176,2.77555756156289e-17,-0.00675282215770023,0.00675282215770029,0.0194528656635601,0.01945286566356,0.0131305501809918,0.00968388688601384
"sce_largest-donor.rda","ypb_intra.rda","mindex_intra.rda",80,"nnls",NA,"counts_adj","neuron;glial","k2",0.752946601927442,0.247053398072558,0.0439012050628662,1676932071.85393,0.751074806534824,0.248925193465176,0,-0.00187179539261828,0.00187179539261828,0.0194528656635601,0.01945286566356,0.0131305501809918,0.00968388688601384
"sce_largest-donor.rda","ypb_intra.rda","mindex_intra.rda",84,"nnls",NA,"counts_adj","neuron;glial","k2",0.747975579088334,0.252024420911666,0.0406985282897949,1676932073.75068,0.751074806534824,0.248925193465176,0,0.00309922744648972,-0.00309922744648972,0.0194528656635601,0.01945286566356,0.0131305501809918,0.00968388688601384
"sce_largest-donor.rda","ypb_intra.rda","mindex_intra.rda",86,"nnls",NA,"counts_adj","neuron;glial","k2",0.742583246919531,0.257416753080469,0.0440599918365479,1676932080.2324,0.751074806534824,0.248925193465176,2.77555756156289e-17,0.00849155961529269,-0.00849155961529274,0.0194528656635601,0.01945286566356,0.0131305501809918,0.00968388688601384
"sce_largest-donor.rda","ypb_intra.rda","mindex_intra.rda",91,"nnls",NA,"counts_adj","neuron;glial","k2",0.738548844653985,0.261451155346015,0.0530619621276855,1676932080.7041,0.751074806534824,0.248925193465176,2.77555756156289e-17,0.0125259618808388,-0.0125259618808387,0.0194528656635601,0.01945286566356,0.0131305501809918,0.00968388688601384
"sce_largest-donor.rda","ypb_intra.rda","mindex_intra.rda",87,"nnls",NA,"counts_adj","neuron;glial","k2",0.73340291345981,0.26659708654019,0.0417032241821289,1676932082.37139,0.751074806534824,0.248925193465176,0,0.0176718930750137,-0.0176718930750137,0.0194528656635601,0.01945286566356,0.0131305501809918,0.00968388688601384
"sce_largest-donor.rda","ypb_intra.rda","mindex_intra.rda",88,"nnls",NA,"counts_adj","neuron;glial","k2",0.741990065805113,0.258009934194887,0.0406424999237061,1676932081.35184,0.751074806534824,0.248925193465176,2.77555756156289e-17,0.00908474072971077,-0.00908474072971072,0.0194528656635601,0.01945286566356,0.0131305501809918,0.00968388688601384
"sce_largest-donor.rda","ypb_intra.rda","mindex_intra.rda",89,"nnls",NA,"counts_adj","neuron;glial","k2",0.752829194248373,0.247170805751627,0.0441622734069824,1676932082.46805,0.751074806534824,0.248925193465176,1.38777878078145e-17,-0.0017543877135493,0.00175438771354927,0.0194528656635601,0.01945286566356,0.0131305501809918,0.00968388688601384
"sce_largest-donor.rda","ypb_intra.rda","mindex_intra.rda",90,"nnls",NA,"counts_adj","neuron;glial","k2",0.736581203068418,0.263418796931582,0.0481021404266357,1676932083.78602,0.751074806534824,0.248925193465176,0,0.0144936034664057,-0.0144936034664057,0.0194528656635601,0.01945286566356,0.0131305501809918,0.00968388688601384
"sce_largest-donor.rda","ypb_intra.rda","mindex_intra.rda",92,"nnls",NA,"counts_adj","neuron;glial","k2",0.759820094368132,0.240179905631868,0.0548946857452393,1676932085.13773,0.751074806534824,0.248925193465176,1.38777878078145e-17,-0.0087452878333083,0.00874528783330827,0.0194528656635601,0.01945286566356,0.0131305501809918,0.00968388688601384
"sce_largest-donor.rda","ypb_intra.rda","mindex_intra.rda",85,"nnls",NA,"counts_adj","neuron;glial","k2",0.73549513662071,0.26450486337929,0.0761570930480957,1676932086.7233,0.751074806534824,0.248925193465176,0,0.0155796699141137,-0.0155796699141137,0.0194528656635601,0.01945286566356,0.0131305501809918,0.00968388688601384
"sce_largest-donor.rda","ypb_intra.rda","mindex_intra.rda",94,"nnls",NA,"counts_adj","neuron;glial","k2",0.757681312624301,0.242318687375699,0.062995433807373,1676932086.73682,0.751074806534824,0.248925193465176,2.77555756156289e-17,-0.00660650608947733,0.00660650608947727,0.0194528656635601,0.01945286566356,0.0131305501809918,0.00968388688601384
"sce_largest-donor.rda","ypb_intra.rda","mindex_intra.rda",99,"nnls",NA,"counts_adj","neuron;glial","k2",0.75511113365099,0.24488886634901,0.0555717945098877,1676932089.15372,0.751074806534824,0.248925193465176,1.38777878078145e-17,-0.00403632711616631,0.00403632711616628,0.0194528656635601,0.01945286566356,0.0131305501809918,0.00968388688601384
"sce_largest-donor.rda","ypb_intra.rda","mindex_intra.rda",96,"nnls",NA,"counts_adj","neuron;glial","k2",0.746099378075178,0.253900621924822,0.0637264251708984,1676932089.31075,0.751074806534824,0.248925193465176,0,0.00497542845964571,-0.00497542845964571,0.0194528656635601,0.01945286566356,0.0131305501809918,0.00968388688601384
"sce_largest-donor.rda","ypb_intra.rda","mindex_intra.rda",95,"nnls",NA,"counts_adj","neuron;glial","k2",0.753975191123395,0.246024808876605,0.0386166572570801,1676932096.18491,0.751074806534824,0.248925193465176,2.77555756156289e-17,-0.00290038458857123,0.00290038458857128,0.0194528656635601,0.01945286566356,0.0131305501809918,0.00968388688601384
"sce_largest-donor.rda","ypb_intra.rda","mindex_intra.rda",98,"nnls",NA,"counts_adj","neuron;glial","k2",0.7489910311393,0.2510089688607,0.0388171672821045,1676932091.46524,0.751074806534824,0.248925193465176,0,0.00208377539552373,-0.00208377539552373,0.0194528656635601,0.01945286566356,0.0131305501809918,0.00968388688601384
"sce_largest-donor.rda","ypb_intra.rda","mindex_intra.rda",1,"music",NA,"counts_adj","neuron;glial","k2",0.759219176518814,0.240780823481186,0.107449769973755,1676932096.73883,0.751074806534824,0.248925193465176,0,-0.00814436998399026,0.00814436998399026,0.0194528656635601,0.01945286566356,0.0131305501809918,0.00968388688601384
"sce_largest-donor.rda","ypb_intra.rda","mindex_intra.rda",93,"nnls",NA,"counts_adj","neuron;glial","k2",0.747213833222395,0.252786166777605,0.0542178153991699,1676932097.41209,0.751074806534824,0.248925193465176,0,0.00386097331242874,-0.00386097331242874,0.0194528656635601,0.01945286566356,0.0131305501809918,0.00968388688601384
"sce_largest-donor.rda","ypb_intra.rda","mindex_intra.rda",100,"nnls",NA,"counts_adj","neuron;glial","k2",0.715199622040456,0.284800377959544,0.0587332248687744,1676932099.18515,0.751074806534824,0.248925193465176,2.77555756156289e-17,0.0358751844943678,-0.0358751844943677,0.0194528656635601,0.01945286566356,0.0131305501809918,0.00968388688601384
"sce_largest-donor.rda","ypb_intra.rda","mindex_intra.rda",2,"music",NA,"counts_adj","neuron;glial","k2",0.751822507955796,0.248177492044204,0.11406135559082,1676932100.03587,0.751074806534824,0.248925193465176,1.38777878078145e-17,-0.000747701420972247,0.000747701420972274,0.0194528656635601,0.01945286566356,0.0131305501809918,0.00968388688601384
"sce_largest-donor.rda","ypb_intra.rda","mindex_intra.rda",3,"music",NA,"counts_adj","neuron;glial","k2",0.756094228497714,0.243905771502286,0.0662186145782471,1676932100.56905,0.751074806534824,0.248925193465176,1.38777878078145e-17,-0.00501942196289029,0.00501942196289026,0.0194528656635601,0.01945286566356,0.0131305501809918,0.00968388688601384
"sce_largest-donor.rda","ypb_intra.rda","mindex_intra.rda",6,"music",NA,"counts_adj","neuron;glial","k2",0.754702137531405,0.245297862468595,0.0688676834106445,1676932103.45056,0.751074806534824,0.248925193465176,1.38777878078145e-17,-0.0036273309965813,0.00362733099658127,0.0194528656635601,0.01945286566356,0.0131305501809918,0.00968388688601384
"sce_largest-donor.rda","ypb_intra.rda","mindex_intra.rda",4,"music",NA,"counts_adj","neuron;glial","k2",0.734428323715793,0.265571676284207,0.0717000961303711,1676932102.50733,0.751074806534824,0.248925193465176,2.77555756156289e-17,0.0166464828190307,-0.0166464828190308,0.0194528656635601,0.01945286566356,0.0131305501809918,0.00968388688601384
"sce_largest-donor.rda","ypb_intra.rda","mindex_intra.rda",13,"music",NA,"counts_adj","neuron;glial","k2",0.758231606004062,0.241768393995938,0.061652660369873,1676932108.02729,0.751074806534824,0.248925193465176,1.38777878078145e-17,-0.00715679946923831,0.00715679946923828,0.0194528656635601,0.01945286566356,0.0131305501809918,0.00968388688601384
"sce_largest-donor.rda","ypb_intra.rda","mindex_intra.rda",97,"nnls",NA,"counts_adj","neuron;glial","k2",0.746013444142662,0.253986555857338,0.0472791194915771,1676932103.93784,0.751074806534824,0.248925193465176,0,0.00506136239216171,-0.00506136239216171,0.0194528656635601,0.01945286566356,0.0131305501809918,0.00968388688601384
"sce_largest-donor.rda","ypb_intra.rda","mindex_intra.rda",7,"music",NA,"counts_adj","neuron;glial","k2",0.747917984135423,0.252082015864577,0.0745971202850342,1676932105.94792,0.751074806534824,0.248925193465176,0,0.00315682239940074,-0.00315682239940074,0.0194528656635601,0.01945286566356,0.0131305501809918,0.00968388688601384
"sce_largest-donor.rda","ypb_intra.rda","mindex_intra.rda",5,"music",NA,"counts_adj","neuron;glial","k2",0.744316953734937,0.255683046265063,0.0694503784179688,1676932105.82156,0.751074806534824,0.248925193465176,0,0.00675785279988672,-0.00675785279988672,0.0194528656635601,0.01945286566356,0.0131305501809918,0.00968388688601384
"sce_largest-donor.rda","ypb_intra.rda","mindex_intra.rda",8,"music",NA,"counts_adj","neuron;glial","k2",0.769243762261611,0.230756237738389,0.0669898986816406,1676932112.60991,0.751074806534824,0.248925193465176,2.77555756156289e-17,-0.0181689557267872,0.0181689557267873,0.0194528656635601,0.01945286566356,0.0131305501809918,0.00968388688601384
"sce_largest-donor.rda","ypb_intra.rda","mindex_intra.rda",12,"music",NA,"counts_adj","neuron;glial","k2",0.744684918451622,0.255315081548378,0.08284592628479,1676932112.90203,0.751074806534824,0.248925193465176,0,0.00638988808320173,-0.00638988808320173,0.0194528656635601,0.01945286566356,0.0131305501809918,0.00968388688601384
"sce_largest-donor.rda","ypb_intra.rda","mindex_intra.rda",14,"music",NA,"counts_adj","neuron;glial","k2",0.731352604848911,0.268647395151089,0.0743710994720459,1676932113.85534,0.751074806534824,0.248925193465176,2.77555756156289e-17,0.0197222016859128,-0.0197222016859127,0.0194528656635601,0.01945286566356,0.0131305501809918,0.00968388688601384
"sce_largest-donor.rda","ypb_intra.rda","mindex_intra.rda",16,"music",NA,"counts_adj","neuron;glial","k2",0.74780217046759,0.25219782953241,0.0713491439819336,1676932115.79373,0.751074806534824,0.248925193465176,0,0.00327263606723371,-0.00327263606723371,0.0194528656635601,0.01945286566356,0.0131305501809918,0.00968388688601384
"sce_largest-donor.rda","ypb_intra.rda","mindex_intra.rda",11,"music",NA,"counts_adj","neuron;glial","k2",0.753642401494419,0.246357598505581,0.0730702877044678,1676932116.69427,0.751074806534824,0.248925193465176,1.38777878078145e-17,-0.00256759495959524,0.00256759495959527,0.0194528656635601,0.01945286566356,0.0131305501809918,0.00968388688601384
"sce_largest-donor.rda","ypb_intra.rda","mindex_intra.rda",18,"music",NA,"counts_adj","neuron;glial","k2",0.766195020199671,0.233804979800329,0.0813183784484863,1676932116.83934,0.751074806534824,0.248925193465176,0,-0.0151202136648473,0.0151202136648473,0.0194528656635601,0.01945286566356,0.0131305501809918,0.00968388688601384
"sce_largest-donor.rda","ypb_intra.rda","mindex_intra.rda",9,"music",NA,"counts_adj","neuron;glial","k2",0.770279276042542,0.229720723957458,0.0733685493469238,1676932119.22464,0.751074806534824,0.248925193465176,1.38777878078145e-17,-0.0192044695077183,0.0192044695077183,0.0194528656635601,0.01945286566356,0.0131305501809918,0.00968388688601384
"sce_largest-donor.rda","ypb_intra.rda","mindex_intra.rda",10,"music",NA,"counts_adj","neuron;glial","k2",0.758876108732053,0.241123891267947,0.0718629360198975,1676932120.25564,0.751074806534824,0.248925193465176,1.38777878078145e-17,-0.0078013021972293,0.00780130219722927,0.0194528656635601,0.01945286566356,0.0131305501809918,0.00968388688601384
"sce_largest-donor.rda","ypb_intra.rda","mindex_intra.rda",22,"music",NA,"counts_adj","neuron;glial","k2",0.742190151267777,0.257809848732223,0.0786168575286865,1676932122.65056,0.751074806534824,0.248925193465176,0,0.00888465526704674,-0.00888465526704674,0.0194528656635601,0.01945286566356,0.0131305501809918,0.00968388688601384
"sce_largest-donor.rda","ypb_intra.rda","mindex_intra.rda",15,"music",NA,"counts_adj","neuron;glial","k2",0.746462040829804,0.253537959170196,0.0669710636138916,1676932120.81496,0.751074806534824,0.248925193465176,2.77555756156289e-17,0.00461276570501967,-0.00461276570501973,0.0194528656635601,0.01945286566356,0.0131305501809918,0.00968388688601384
"sce_largest-donor.rda","ypb_intra.rda","mindex_intra.rda",19,"music",NA,"counts_adj","neuron;glial","k2",0.749051553152067,0.250948446847933,0.060791015625,1676932125.53029,0.751074806534824,0.248925193465176,2.77555756156289e-17,0.00202325338275677,-0.00202325338275672,0.0194528656635601,0.01945286566356,0.0131305501809918,0.00968388688601384
"sce_largest-donor.rda","ypb_intra.rda","mindex_intra.rda",17,"music",NA,"counts_adj","neuron;glial","k2",0.745318715811731,0.254681284188269,0.0831577777862549,1676932123.29515,0.751074806534824,0.248925193465176,2.77555756156289e-17,0.00575609072309269,-0.00575609072309274,0.0194528656635601,0.01945286566356,0.0131305501809918,0.00968388688601384
"sce_largest-donor.rda","ypb_intra.rda","mindex_intra.rda",24,"music",NA,"counts_adj","neuron;glial","k2",0.743146321860826,0.256853678139174,0.0983026027679443,1676932130.12211,0.751074806534824,0.248925193465176,2.77555756156289e-17,0.00792848467399776,-0.0079284846739977,0.0194528656635601,0.01945286566356,0.0131305501809918,0.00968388688601384
"sce_largest-donor.rda","ypb_intra.rda","mindex_intra.rda",23,"music",NA,"counts_adj","neuron;glial","k2",0.739594527336578,0.260405472663422,0.0695958137512207,1676932130.45553,0.751074806534824,0.248925193465176,2.77555756156289e-17,0.0114802791982457,-0.0114802791982457,0.0194528656635601,0.01945286566356,0.0131305501809918,0.00968388688601384
"sce_largest-donor.rda","ypb_intra.rda","mindex_intra.rda",21,"music",NA,"counts_adj","neuron;glial","k2",0.764232550734053,0.235767449265947,0.0762090682983398,1676932132.94493,0.751074806534824,0.248925193465176,2.77555756156289e-17,-0.0131577441992293,0.0131577441992293,0.0194528656635601,0.01945286566356,0.0131305501809918,0.00968388688601384
"sce_largest-donor.rda","ypb_intra.rda","mindex_intra.rda",28,"music",NA,"counts_adj","neuron;glial","k2",0.747501534783408,0.252498465216592,0.069504976272583,1676932135.04505,0.751074806534824,0.248925193465176,0,0.00357327175141575,-0.00357327175141575,0.0194528656635601,0.01945286566356,0.0131305501809918,0.00968388688601384
"sce_largest-donor.rda","ypb_intra.rda","mindex_intra.rda",27,"music",NA,"counts_adj","neuron;glial","k2",0.730004158151201,0.269995841848799,0.0705897808074951,1676932135.57751,0.751074806534824,0.248925193465176,0,0.0210706483836227,-0.0210706483836227,0.0194528656635601,0.01945286566356,0.0131305501809918,0.00968388688601384
"sce_largest-donor.rda","ypb_intra.rda","mindex_intra.rda",20,"music",NA,"counts_adj","neuron;glial","k2",0.753778214434361,0.246221785565639,0.0699772834777832,1676932135.04974,0.751074806534824,0.248925193465176,0,-0.00270340789953727,0.00270340789953727,0.0194528656635601,0.01945286566356,0.0131305501809918,0.00968388688601384
"sce_largest-donor.rda","ypb_intra.rda","mindex_intra.rda",26,"music",NA,"counts_adj","neuron;glial","k2",0.744202227050272,0.255797772949728,0.0733640193939209,1676932138.37695,0.751074806534824,0.248925193465176,2.77555756156289e-17,0.00687257948455178,-0.00687257948455172,0.0194528656635601,0.01945286566356,0.0131305501809918,0.00968388688601384
"sce_largest-donor.rda","ypb_intra.rda","mindex_intra.rda",25,"music",NA,"counts_adj","neuron;glial","k2",0.739065665323959,0.26093433467604,0.0690875053405762,1676932137.12168,0.751074806534824,0.248925193465176,4.9960036108132e-16,0.0120091412108647,-0.0120091412108637,0.0194528656635601,0.01945286566356,0.0131305501809918,0.00968388688601384
"sce_largest-donor.rda","ypb_intra.rda","mindex_intra.rda",30,"music",NA,"counts_adj","neuron;glial","k2",0.734573672083555,0.265426327916445,0.0708963871002197,1676932139.83839,0.751074806534824,0.248925193465176,2.77555756156289e-17,0.0165011344512688,-0.0165011344512687,0.0194528656635601,0.01945286566356,0.0131305501809918,0.00968388688601384
"sce_largest-donor.rda","ypb_intra.rda","mindex_intra.rda",29,"music",NA,"counts_adj","neuron;glial","k2",0.740022841462175,0.259977158537825,0.06561279296875,1676932140.59477,0.751074806534824,0.248925193465176,0,0.0110519650726487,-0.0110519650726487,0.0194528656635601,0.01945286566356,0.0131305501809918,0.00968388688601384
"sce_largest-donor.rda","ypb_intra.rda","mindex_intra.rda",31,"music",NA,"counts_adj","neuron;glial","k2",0.731343333347793,0.268656666652207,0.0607690811157227,1676932141.27191,0.751074806534824,0.248925193465176,0,0.0197314731870307,-0.0197314731870307,0.0194528656635601,0.01945286566356,0.0131305501809918,0.00968388688601384
"sce_largest-donor.rda","ypb_intra.rda","mindex_intra.rda",32,"music",NA,"counts_adj","neuron;glial","k2",0.755853393215628,0.244146606784372,0.0676391124725342,1676932143.21932,0.751074806534824,0.248925193465176,2.77555756156289e-17,-0.00477858668080433,0.00477858668080428,0.0194528656635601,0.01945286566356,0.0131305501809918,0.00968388688601384
"sce_largest-donor.rda","ypb_intra.rda","mindex_intra.rda",33,"music",NA,"counts_adj","neuron;glial","k2",0.761866898048405,0.238133101951595,0.0664358139038086,1676932146.96294,0.751074806534824,0.248925193465176,1.38777878078145e-17,-0.0107920915135813,0.0107920915135813,0.0194528656635601,0.01945286566356,0.0131305501809918,0.00968388688601384
"sce_largest-donor.rda","ypb_intra.rda","mindex_intra.rda",34,"music",NA,"counts_adj","neuron;glial","k2",0.739976929788364,0.260023070211636,0.0663826465606689,1676932149.5304,0.751074806534824,0.248925193465176,2.77555756156289e-17,0.0110978767464597,-0.0110978767464597,0.0194528656635601,0.01945286566356,0.0131305501809918,0.00968388688601384
"sce_largest-donor.rda","ypb_intra.rda","mindex_intra.rda",35,"music",NA,"counts_adj","neuron;glial","k2",0.746701925413617,0.253298074586383,0.0629599094390869,1676932147.41799,0.751074806534824,0.248925193465176,0,0.00437288112120671,-0.00437288112120671,0.0194528656635601,0.01945286566356,0.0131305501809918,0.00968388688601384
"sce_largest-donor.rda","ypb_intra.rda","mindex_intra.rda",39,"music",NA,"counts_adj","neuron;glial","k2",0.741244790977844,0.258755209022156,0.0756974220275879,1676932150.82963,0.751074806534824,0.248925193465176,0,0.00983001555697971,-0.00983001555697971,0.0194528656635601,0.01945286566356,0.0131305501809918,0.00968388688601384
"sce_largest-donor.rda","ypb_intra.rda","mindex_intra.rda",37,"music",NA,"counts_adj","neuron;glial","k2",0.742281729933067,0.257718270066933,0.0671186447143555,1676932151.35594,0.751074806534824,0.248925193465176,2.77555756156289e-17,0.00879307660175677,-0.00879307660175671,0.0194528656635601,0.01945286566356,0.0131305501809918,0.00968388688601384
"sce_largest-donor.rda","ypb_intra.rda","mindex_intra.rda",36,"music",NA,"counts_adj","neuron;glial","k2",0.741905542913008,0.258094457086992,0.0698075294494629,1676932150.86026,0.751074806534824,0.248925193465176,2.77555756156289e-17,0.00916926362181569,-0.00916926362181575,0.0194528656635601,0.01945286566356,0.0131305501809918,0.00968388688601384
"sce_largest-donor.rda","ypb_intra.rda","mindex_intra.rda",38,"music",NA,"counts_adj","neuron;glial","k2",0.770818070780387,0.229181929219614,0.108608245849609,1676932153.36026,0.751074806534824,0.248925193465176,4.9960036108132e-16,-0.0197432642455633,0.0197432642455623,0.0194528656635601,0.01945286566356,0.0131305501809918,0.00968388688601384
"sce_largest-donor.rda","ypb_intra.rda","mindex_intra.rda",40,"music",NA,"counts_adj","neuron;glial","k2",0.735944971496684,0.264055028503316,0.0845024585723877,1676932154.33908,0.751074806534824,0.248925193465176,2.77555756156289e-17,0.0151298350381397,-0.0151298350381397,0.0194528656635601,0.01945286566356,0.0131305501809918,0.00968388688601384
"sce_largest-donor.rda","ypb_intra.rda","mindex_intra.rda",42,"music",NA,"counts_adj","neuron;glial","k2",0.752018008794413,0.247981991205587,0.0763967037200928,1676932156.87167,0.751074806534824,0.248925193465176,2.77555756156289e-17,-0.000943202259589326,0.000943202259589271,0.0194528656635601,0.01945286566356,0.0131305501809918,0.00968388688601384
"sce_largest-donor.rda","ypb_intra.rda","mindex_intra.rda",45,"music",NA,"counts_adj","neuron;glial","k2",0.746570126126261,0.253429873873739,0.0995039939880371,1676932157.51305,0.751074806534824,0.248925193465176,2.77555756156289e-17,0.00450468040856278,-0.00450468040856272,0.0194528656635601,0.01945286566356,0.0131305501809918,0.00968388688601384
"sce_largest-donor.rda","ypb_intra.rda","mindex_intra.rda",48,"music",NA,"counts_adj","neuron;glial","k2",0.736602069304588,0.263397930695412,0.083629846572876,1676932157.99521,0.751074806534824,0.248925193465176,2.77555756156289e-17,0.0144727372302357,-0.0144727372302357,0.0194528656635601,0.01945286566356,0.0131305501809918,0.00968388688601384
"sce_largest-donor.rda","ypb_intra.rda","mindex_intra.rda",44,"music",NA,"counts_adj","neuron;glial","k2",0.741107089429269,0.258892910570731,0.0640537738800049,1676932163.8028,0.751074806534824,0.248925193465176,2.77555756156289e-17,0.00996771710555477,-0.00996771710555472,0.0194528656635601,0.01945286566356,0.0131305501809918,0.00968388688601384
"sce_largest-donor.rda","ypb_intra.rda","mindex_intra.rda",41,"music",NA,"counts_adj","neuron;glial","k2",0.754150907593459,0.245849092406541,0.0681073665618896,1676932160.89209,0.751074806534824,0.248925193465176,1.38777878078145e-17,-0.00307610105863532,0.00307610105863529,0.0194528656635601,0.01945286566356,0.0131305501809918,0.00968388688601384
"sce_largest-donor.rda","ypb_intra.rda","mindex_intra.rda",47,"music",NA,"counts_adj","neuron;glial","k2",0.751469714460939,0.248530285539061,0.0716440677642822,1676932165.04483,0.751074806534824,0.248925193465176,1.38777878078145e-17,-0.000394907926115295,0.000394907926115268,0.0194528656635601,0.01945286566356,0.0131305501809918,0.00968388688601384
"sce_largest-donor.rda","ypb_intra.rda","mindex_intra.rda",53,"music",NA,"counts_adj","neuron;glial","k2",0.760235782860782,0.239764217139218,0.0651898384094238,1676932166.80656,0.751074806534824,0.248925193465176,1.38777878078145e-17,-0.00916097632595825,0.00916097632595828,0.0194528656635601,0.01945286566356,0.0131305501809918,0.00968388688601384
"sce_largest-donor.rda","ypb_intra.rda","mindex_intra.rda",52,"music",NA,"counts_adj","neuron;glial","k2",0.747510510105387,0.252489489894613,0.0658700466156006,1676932167.86626,0.751074806534824,0.248925193465176,2.77555756156289e-17,0.00356429642943668,-0.00356429642943673,0.0194528656635601,0.01945286566356,0.0131305501809918,0.00968388688601384
"sce_largest-donor.rda","ypb_intra.rda","mindex_intra.rda",51,"music",NA,"counts_adj","neuron;glial","k2",0.754118832951285,0.245881167048715,0.0922586917877197,1676932168.28725,0.751074806534824,0.248925193465176,0,-0.00304402641646129,0.00304402641646129,0.0194528656635601,0.01945286566356,0.0131305501809918,0.00968388688601384
"sce_largest-donor.rda","ypb_intra.rda","mindex_intra.rda",49,"music",NA,"counts_adj","neuron;glial","k2",0.762889547159776,0.237110452840224,0.0732004642486572,1676932168.54554,0.751074806534824,0.248925193465176,1.38777878078145e-17,-0.0118147406249522,0.0118147406249523,0.0194528656635601,0.01945286566356,0.0131305501809918,0.00968388688601384
"sce_largest-donor.rda","ypb_intra.rda","mindex_intra.rda",43,"music",NA,"counts_adj","neuron;glial","k2",0.730850858955315,0.269149141044685,0.0684776306152344,1676932171.19765,0.751074806534824,0.248925193465176,0,0.0202239475795087,-0.0202239475795087,0.0194528656635601,0.01945286566356,0.0131305501809918,0.00968388688601384
"sce_largest-donor.rda","ypb_intra.rda","mindex_intra.rda",50,"music",NA,"counts_adj","neuron;glial","k2",0.74293384364267,0.257066156357329,0.0743458271026611,1676932172.33914,0.751074806534824,0.248925193465176,4.9960036108132e-16,0.00814096289215371,-0.00814096289215271,0.0194528656635601,0.01945286566356,0.0131305501809918,0.00968388688601384
"sce_largest-donor.rda","ypb_intra.rda","mindex_intra.rda",56,"music",NA,"counts_adj","neuron;glial","k2",0.750410628230779,0.249589371769221,0.064361572265625,1676932174.08455,0.751074806534824,0.248925193465176,1.38777878078145e-17,0.000664178304044749,-0.000664178304044721,0.0194528656635601,0.01945286566356,0.0131305501809918,0.00968388688601384
"sce_largest-donor.rda","ypb_intra.rda","mindex_intra.rda",46,"music",NA,"counts_adj","neuron;glial","k2",0.75116262214928,0.24883737785072,0.076099157333374,1676932175.20602,0.751074806534824,0.248925193465176,1.38777878078145e-17,-8.78156144562547e-05,8.78156144562825e-05,0.0194528656635601,0.01945286566356,0.0131305501809918,0.00968388688601384
"sce_largest-donor.rda","ypb_intra.rda","mindex_intra.rda",57,"music",NA,"counts_adj","neuron;glial","k2",0.760764931620411,0.239235068379589,0.0633485317230225,1676932175.7142,0.751074806534824,0.248925193465176,1.38777878078145e-17,-0.00969012508558731,0.00969012508558728,0.0194528656635601,0.01945286566356,0.0131305501809918,0.00968388688601384
"sce_largest-donor.rda","ypb_intra.rda","mindex_intra.rda",58,"music",NA,"counts_adj","neuron;glial","k2",0.752072129274911,0.247927870725089,0.0771174430847168,1676932178.52715,0.751074806534824,0.248925193465176,1.38777878078145e-17,-0.000997322740087236,0.000997322740087264,0.0194528656635601,0.01945286566356,0.0131305501809918,0.00968388688601384
"sce_largest-donor.rda","ypb_intra.rda","mindex_intra.rda",61,"music",NA,"counts_adj","neuron;glial","k2",0.746608350024545,0.253391649975455,0.0663955211639404,1676932180.72777,0.751074806534824,0.248925193465176,2.77555756156289e-17,0.00446645651027877,-0.00446645651027872,0.0194528656635601,0.01945286566356,0.0131305501809918,0.00968388688601384
"sce_largest-donor.rda","ypb_intra.rda","mindex_intra.rda",55,"music",NA,"counts_adj","neuron;glial","k2",0.759374478357196,0.240625521642804,0.0674042701721191,1676932182.06742,0.751074806534824,0.248925193465176,1.38777878078145e-17,-0.00829967182237223,0.00829967182237226,0.0194528656635601,0.01945286566356,0.0131305501809918,0.00968388688601384
"sce_largest-donor.rda","ypb_intra.rda","mindex_intra.rda",59,"music",NA,"counts_adj","neuron;glial","k2",0.751347512829056,0.248652487170944,0.0642812252044678,1676932183.56758,0.751074806534824,0.248925193465176,1.38777878078145e-17,-0.000272706294232261,0.000272706294232289,0.0194528656635601,0.01945286566356,0.0131305501809918,0.00968388688601384
"sce_largest-donor.rda","ypb_intra.rda","mindex_intra.rda",60,"music",NA,"counts_adj","neuron;glial","k2",0.746732388184175,0.253267611815825,0.0664098262786865,1676932184.39085,0.751074806534824,0.248925193465176,0,0.00434241835064875,-0.00434241835064875,0.0194528656635601,0.01945286566356,0.0131305501809918,0.00968388688601384
"sce_largest-donor.rda","ypb_intra.rda","mindex_intra.rda",54,"music",NA,"counts_adj","neuron;glial","k2",0.722631525014374,0.277368474985626,0.0680434703826904,1676932184.90763,0.751074806534824,0.248925193465176,0,0.0284432815204497,-0.0284432815204497,0.0194528656635601,0.01945286566356,0.0131305501809918,0.00968388688601384
"sce_largest-donor.rda","ypb_intra.rda","mindex_intra.rda",63,"music",NA,"counts_adj","neuron;glial","k2",0.741058533744283,0.258941466255717,0.123387336730957,1676932185.25547,0.751074806534824,0.248925193465176,0,0.0100162727905407,-0.0100162727905407,0.0194528656635601,0.01945286566356,0.0131305501809918,0.00968388688601384
"sce_largest-donor.rda","ypb_intra.rda","mindex_intra.rda",62,"music",NA,"counts_adj","neuron;glial","k2",0.749331763123396,0.250668236876604,0.0681307315826416,1676932187.51693,0.751074806534824,0.248925193465176,0,0.00174304341142772,-0.00174304341142772,0.0194528656635601,0.01945286566356,0.0131305501809918,0.00968388688601384
"sce_largest-donor.rda","ypb_intra.rda","mindex_intra.rda",70,"music",NA,"counts_adj","neuron;glial","k2",0.748050730588398,0.251949269411602,0.0730459690093994,1676932188.82081,0.751074806534824,0.248925193465176,0,0.00302407594642573,-0.00302407594642573,0.0194528656635601,0.01945286566356,0.0131305501809918,0.00968388688601384
"sce_largest-donor.rda","ypb_intra.rda","mindex_intra.rda",69,"music",NA,"counts_adj","neuron;glial","k2",0.746959983797484,0.253040016202516,0.0832695960998535,1676932190.95633,0.751074806534824,0.248925193465176,2.77555756156289e-17,0.00411482273733976,-0.00411482273733971,0.0194528656635601,0.01945286566356,0.0131305501809918,0.00968388688601384
"sce_largest-donor.rda","ypb_intra.rda","mindex_intra.rda",66,"music",NA,"counts_adj","neuron;glial","k2",0.758143543162375,0.241856456837625,0.120651721954346,1676932191.73959,0.751074806534824,0.248925193465176,1.38777878078145e-17,-0.00706873662755125,0.00706873662755128,0.0194528656635601,0.01945286566356,0.0131305501809918,0.00968388688601384
"sce_largest-donor.rda","ypb_intra.rda","mindex_intra.rda",65,"music",NA,"counts_adj","neuron;glial","k2",0.753662058898941,0.246337941101059,0.0683131217956543,1676932192.87436,0.751074806534824,0.248925193465176,0,-0.00258725236411728,0.00258725236411728,0.0194528656635601,0.01945286566356,0.0131305501809918,0.00968388688601384
"sce_largest-donor.rda","ypb_intra.rda","mindex_intra.rda",64,"music",NA,"counts_adj","neuron;glial","k2",0.754113983279004,0.245886016720996,0.0615918636322021,1676932197.90921,0.751074806534824,0.248925193465176,1.38777878078145e-17,-0.00303917674418031,0.00303917674418028,0.0194528656635601,0.01945286566356,0.0131305501809918,0.00968388688601384
"sce_largest-donor.rda","ypb_intra.rda","mindex_intra.rda",68,"music",NA,"counts_adj","neuron;glial","k2",0.760864716595681,0.239135283404319,0.0780007839202881,1676932196.1065,0.751074806534824,0.248925193465176,0,-0.00978991006085728,0.00978991006085728,0.0194528656635601,0.01945286566356,0.0131305501809918,0.00968388688601384
"sce_largest-donor.rda","ypb_intra.rda","mindex_intra.rda",73,"music",NA,"counts_adj","neuron;glial","k2",0.753010873457769,0.246989126542231,0.0732877254486084,1676932199.36034,0.751074806534824,0.248925193465176,1.38777878078145e-17,-0.00193606692294523,0.00193606692294526,0.0194528656635601,0.01945286566356,0.0131305501809918,0.00968388688601384
"sce_largest-donor.rda","ypb_intra.rda","mindex_intra.rda",76,"music",NA,"counts_adj","neuron;glial","k2",0.744435057762064,0.255564942237936,0.0666048526763916,1676932200.83256,0.751074806534824,0.248925193465176,0,0.00663974877275975,-0.00663974877275975,0.0194528656635601,0.01945286566356,0.0131305501809918,0.00968388688601384
"sce_largest-donor.rda","ypb_intra.rda","mindex_intra.rda",74,"music",NA,"counts_adj","neuron;glial","k2",0.762085818339718,0.237914181660282,0.0699634552001953,1676932201.76128,0.751074806534824,0.248925193465176,0,-0.0110110118048943,0.0110110118048943,0.0194528656635601,0.01945286566356,0.0131305501809918,0.00968388688601384
"sce_largest-donor.rda","ypb_intra.rda","mindex_intra.rda",67,"music",NA,"counts_adj","neuron;glial","k2",0.74661093126811,0.25338906873189,0.0839085578918457,1676932203.34773,0.751074806534824,0.248925193465176,2.77555756156289e-17,0.00446387526671377,-0.00446387526671371,0.0194528656635601,0.01945286566356,0.0131305501809918,0.00968388688601384
"sce_largest-donor.rda","ypb_intra.rda","mindex_intra.rda",78,"music",NA,"counts_adj","neuron;glial","k2",0.743234778072958,0.256765221927042,0.0835335254669189,1676932203.48589,0.751074806534824,0.248925193465176,0,0.00784002846186571,-0.00784002846186571,0.0194528656635601,0.01945286566356,0.0131305501809918,0.00968388688601384
"sce_largest-donor.rda","ypb_intra.rda","mindex_intra.rda",81,"music",NA,"counts_adj","neuron;glial","k2",0.740533137033431,0.259466862966569,0.0684967041015625,1676932205.39418,0.751074806534824,0.248925193465176,2.77555756156289e-17,0.0105416695013927,-0.0105416695013927,0.0194528656635601,0.01945286566356,0.0131305501809918,0.00968388688601384
"sce_largest-donor.rda","ypb_intra.rda","mindex_intra.rda",71,"music",NA,"counts_adj","neuron;glial","k2",0.762878918880905,0.237121081119095,0.0782778263092041,1676932207.24586,0.751074806534824,0.248925193465176,1.38777878078145e-17,-0.0118041123460813,0.0118041123460813,0.0194528656635601,0.01945286566356,0.0131305501809918,0.00968388688601384
"sce_largest-donor.rda","ypb_intra.rda","mindex_intra.rda",79,"music",NA,"counts_adj","neuron;glial","k2",0.759639183008969,0.240360816991031,0.0639615058898926,1676932208.45314,0.751074806534824,0.248925193465176,2.77555756156289e-17,-0.00856437647414532,0.00856437647414526,0.0194528656635601,0.01945286566356,0.0131305501809918,0.00968388688601384
"sce_largest-donor.rda","ypb_intra.rda","mindex_intra.rda",77,"music",NA,"counts_adj","neuron;glial","k2",0.753526413158,0.246473586842,0.0774450302124023,1676932209.71917,0.751074806534824,0.248925193465176,2.77555756156289e-17,-0.00245160662317623,0.00245160662317628,0.0194528656635601,0.01945286566356,0.0131305501809918,0.00968388688601384
"sce_largest-donor.rda","ypb_intra.rda","mindex_intra.rda",75,"music",NA,"counts_adj","neuron;glial","k2",0.745431033302603,0.254568966697397,0.0692431926727295,1676932212.77608,0.751074806534824,0.248925193465176,2.77555756156289e-17,0.00564377323222076,-0.00564377323222071,0.0194528656635601,0.01945286566356,0.0131305501809918,0.00968388688601384
"sce_largest-donor.rda","ypb_intra.rda","mindex_intra.rda",80,"music",NA,"counts_adj","neuron;glial","k2",0.750427598717884,0.249572401282116,0.0841288566589355,1676932214.62424,0.751074806534824,0.248925193465176,0,0.000647207816939721,-0.000647207816939721,0.0194528656635601,0.01945286566356,0.0131305501809918,0.00968388688601384
"sce_largest-donor.rda","ypb_intra.rda","mindex_intra.rda",72,"music",NA,"counts_adj","neuron;glial","k2",0.765341859000135,0.234658140999865,0.108445405960083,1676932209.95348,0.751074806534824,0.248925193465176,1.38777878078145e-17,-0.0142670524653112,0.0142670524653113,0.0194528656635601,0.01945286566356,0.0131305501809918,0.00968388688601384
"sce_largest-donor.rda","ypb_intra.rda","mindex_intra.rda",83,"music",NA,"counts_adj","neuron;glial","k2",0.754613933726244,0.245386066273756,0.0634815692901611,1676932216.00193,0.751074806534824,0.248925193465176,1.38777878078145e-17,-0.00353912719142024,0.00353912719142027,0.0194528656635601,0.01945286566356,0.0131305501809918,0.00968388688601384
"sce_largest-donor.rda","ypb_intra.rda","mindex_intra.rda",82,"music",NA,"counts_adj","neuron;glial","k2",0.756898863506133,0.243101136493867,0.072739839553833,1676932217.40467,0.751074806534824,0.248925193465176,0,-0.00582405697130928,0.00582405697130928,0.0194528656635601,0.01945286566356,0.0131305501809918,0.00968388688601384
"sce_largest-donor.rda","ypb_intra.rda","mindex_intra.rda",84,"music",NA,"counts_adj","neuron;glial","k2",0.742299969102343,0.257700030897657,0.0817310810089111,1676932218.40085,0.751074806534824,0.248925193465176,2.77555756156289e-17,0.00877483743248075,-0.0087748374324807,0.0194528656635601,0.01945286566356,0.0131305501809918,0.00968388688601384
"sce_largest-donor.rda","ypb_intra.rda","mindex_intra.rda",89,"music",NA,"counts_adj","neuron;glial","k2",0.754275881579954,0.245724118420046,0.0604934692382812,1676932220.2259,0.751074806534824,0.248925193465176,2.77555756156289e-17,-0.00320107504513023,0.00320107504513029,0.0194528656635601,0.01945286566356,0.0131305501809918,0.00968388688601384
"sce_largest-donor.rda","ypb_intra.rda","mindex_intra.rda",90,"music",NA,"counts_adj","neuron;glial","k2",0.756908033332665,0.243091966667335,0.0613100528717041,1676932220.24853,0.751074806534824,0.248925193465176,0,-0.00583322679784126,0.00583322679784126,0.0194528656635601,0.01945286566356,0.0131305501809918,0.00968388688601384
"sce_largest-donor.rda","ypb_intra.rda","mindex_intra.rda",92,"music",NA,"counts_adj","neuron;glial","k2",0.7574717269222,0.2425282730778,0.0683748722076416,1676932222.33694,0.751074806534824,0.248925193465176,0,-0.00639692038737627,0.00639692038737627,0.0194528656635601,0.01945286566356,0.0131305501809918,0.00968388688601384
"sce_largest-donor.rda","ypb_intra.rda","mindex_intra.rda",97,"music",NA,"counts_adj","neuron;glial","k2",0.745874769096193,0.254125230903807,0.070537805557251,1676932223.85606,0.751074806534824,0.248925193465176,0,0.00520003743863073,-0.00520003743863073,0.0194528656635601,0.01945286566356,0.0131305501809918,0.00968388688601384
"sce_largest-donor.rda","ypb_intra.rda","mindex_intra.rda",94,"music",NA,"counts_adj","neuron;glial","k2",0.749826634544616,0.250173365455384,0.0827434062957764,1676932225.24027,0.751074806534824,0.248925193465176,2.77555756156289e-17,0.00124817199020777,-0.00124817199020771,0.0194528656635601,0.01945286566356,0.0131305501809918,0.00968388688601384
"sce_largest-donor.rda","ypb_intra.rda","mindex_intra.rda",91,"music",NA,"counts_adj","neuron;glial","k2",0.745653629431585,0.254346370568415,0.0739219188690186,1676932226.27149,0.751074806534824,0.248925193465176,0,0.00542117710323875,-0.00542117710323875,0.0194528656635601,0.01945286566356,0.0131305501809918,0.00968388688601384
"sce_largest-donor.rda","ypb_intra.rda","mindex_intra.rda",88,"music",NA,"counts_adj","neuron;glial","k2",0.749669472303403,0.250330527696597,0.0741839408874512,1676932227.4443,0.751074806534824,0.248925193465176,0,0.00140533423142075,-0.00140533423142075,0.0194528656635601,0.01945286566356,0.0131305501809918,0.00968388688601384
"sce_largest-donor.rda","ypb_intra.rda","mindex_intra.rda",93,"music",NA,"counts_adj","neuron;glial","k2",0.755479162507676,0.244520837492324,0.070324182510376,1676932229.67873,0.751074806534824,0.248925193465176,0,-0.00440435597285227,0.00440435597285227,0.0194528656635601,0.01945286566356,0.0131305501809918,0.00968388688601384
"sce_largest-donor.rda","ypb_intra.rda","mindex_intra.rda",87,"music",NA,"counts_adj","neuron;glial","k2",0.732768955096327,0.267231044903673,0.0642979145050049,1676932231.76472,0.751074806534824,0.248925193465176,0,0.0183058514384967,-0.0183058514384967,0.0194528656635601,0.01945286566356,0.0131305501809918,0.00968388688601384
"sce_largest-donor.rda","ypb_intra.rda","mindex_intra.rda",98,"music",NA,"counts_adj","neuron;glial","k2",0.740482366623985,0.259517633376015,0.104922294616699,1676932232.88712,0.751074806534824,0.248925193465176,2.77555756156289e-17,0.0105924399108387,-0.0105924399108387,0.0194528656635601,0.01945286566356,0.0131305501809918,0.00968388688601384
"sce_largest-donor.rda","ypb_intra.rda","mindex_intra.rda",95,"music",NA,"counts_adj","neuron;glial","k2",0.753396986805241,0.246603013194759,0.0781962871551514,1676932234.38277,0.751074806534824,0.248925193465176,1.38777878078145e-17,-0.00232218027041731,0.00232218027041728,0.0194528656635601,0.01945286566356,0.0131305501809918,0.00968388688601384
"sce_largest-donor.rda","ypb_intra.rda","mindex_intra.rda",86,"music",NA,"counts_adj","neuron;glial","k2",0.744335460225344,0.255664539774656,0.062157154083252,1676932235.73149,0.751074806534824,0.248925193465176,0,0.0067393463094797,-0.0067393463094797,0.0194528656635601,0.01945286566356,0.0131305501809918,0.00968388688601384
"sce_largest-donor.rda","ypb_intra.rda","mindex_intra.rda",96,"music",NA,"counts_adj","neuron;glial","k2",0.747819571508355,0.252180428491645,0.0766699314117432,1676932236.55645,0.751074806534824,0.248925193465176,0,0.00325523502646874,-0.00325523502646874,0.0194528656635601,0.01945286566356,0.0131305501809918,0.00968388688601384
"sce_largest-donor.rda","ypb_intra.rda","mindex_intra.rda",99,"music",NA,"counts_adj","neuron;glial","k2",0.752837514519259,0.247162485480741,0.0709445476531982,1676932237.22536,0.751074806534824,0.248925193465176,2.77555756156289e-17,-0.00176270798443523,0.00176270798443529,0.0194528656635601,0.01945286566356,0.0131305501809918,0.00968388688601384
"sce_largest-donor.rda","ypb_intra.rda","mindex_intra.rda",85,"music",NA,"counts_adj","neuron;glial","k2",0.747737165734927,0.252262834265073,0.0761520862579346,1676932239.64214,0.751074806534824,0.248925193465176,0,0.00333764079989674,-0.00333764079989674,0.0194528656635601,0.01945286566356,0.0131305501809918,0.00968388688601384
"sce_largest-donor.rda","ypb_intra.rda","mindex_intra.rda",100,"music",NA,"counts_adj","neuron;glial","k2",0.732114427349293,0.267885572650707,0.0496418476104736,1676932241.00583,0.751074806534824,0.248925193465176,0,0.0189603791855307,-0.0189603791855307,0.0194528656635601,0.01945286566356,0.0131305501809918,0.00968388688601384
